aligned_accuracy,bias_conflict_accuracy,budget_N,counterfactual_consistency,device,digit_hue_accuracy,evaluation_seconds,method,model,n80_pass,pairwise_flip_rate,rho,seed,status,train_seconds,worst_group_accuracy,run_dir
0.9861999750137329,0.8241555690765381,100,0.565500020980835,cuda,"[[0.7612245082855225, 0.7918367385864258, 0.9163265228271484, 0.9775510430335999, 0.9928571581840515, 0.9938775300979614, 0.9448979496955872, 0.8785714507102966, 0.940816342830658, 0.8877550959587097], [0.9859030842781067, 0.9973568320274353, 0.9911894202232361, 0.9427312612533569, 0.9101321697235107, 0.9400880932807922, 0.8378854393959045, 0.7215859293937683, 0.783259928226471, 0.9277533292770386], [0.836240291595459, 0.626937985420227, 0.6385658979415894, 0.7015503644943237, 0.8168604373931885, 0.913759708404541, 0.9709302186965942, 0.9990310072898865, 0.9854651093482971, 0.940891444683075], [0.6554455161094666, 0.5643564462661743, 0.5405940413475037, 0.7237623929977417, 0.9178217649459839, 0.9683168530464172, 0.8831683397293091, 0.7960395812988281, 0.8366336822509766, 0.7821782231330872], [0.9643584489822388, 0.9643584489822388, 0.9908350110054016, 0.9989816546440125, 0.9887983798980713, 0.8951120376586914, 0.6028513312339783, 0.6822810769081116, 0.8788187503814697, 0.9185336232185364], [0.9663677215576172, 0.8441703915596008, 0.7825112342834473, 0.8217488527297974, 0.8508968353271484, 0.8632286787033081, 0.8665919303894043, 0.9405829310417175, 0.9831838607788086, 0.9943946003913879], [0.9874739050865173, 0.9613778591156006, 0.887265145778656, 0.9112734794616699, 0.9498956203460693, 0.9384133815765381, 0.8914405107498169, 0.9352818131446838, 0.942588746547699, 0.9780793190002441], [0.6546692848205566, 0.31128403544425964, 0.14785991609096527, 0.2850194573402405, 0.5116731524467468, 0.7178988456726074, 0.8482490181922913, 0.9095330834388733, 0.9678988456726074, 0.8900778293609619], [0.8234086036682129, 0.8377823233604431, 0.7012320160865784, 0.5728952884674072, 0.6919918060302734, 0.9158110618591309, 0.9907597303390503, 0.7987679839134216, 0.7145790457725525, 0.7412731051445007], [0.9068384766578674, 0.9603567719459534, 0.9653121829032898, 0.9177403450012207, 0.9494549036026001, 0.9603567719459534, 0.8771060705184937, 0.6273537874221802, 0.6927651166915894, 0.8235877156257629]]",5.7350975424051285,dfr,lenet,False,0.16979999840259552,0.998,0,completed,0.10571271181106567,0.14785991609096527,outputs_final/lenet/dfr/N100/seed0
0.9839000105857849,0.8488222360610962,100,0.6353999972343445,cuda,"[[0.9959183931350708, 0.9857142567634583, 0.9377551078796387, 0.954081654548645, 0.981632649898529, 0.9938775300979614, 0.9826530814170837, 0.8489795923233032, 0.9469387531280518, 0.9846938848495483], [0.9859030842781067, 0.9867841601371765, 0.9744493365287781, 0.9788545966148376, 0.9823788404464722, 0.9947136640548706, 1.0, 0.9850220084190369, 0.9682819247245789, 0.966519832611084], [0.9437984228134155, 0.9893410801887512, 0.9602712988853455, 0.856589138507843, 0.8246123790740967, 0.8488371968269348, 0.8604651093482971, 0.7034883499145508, 0.6385658979415894, 0.807170569896698], [0.8900989890098572, 0.9504950642585754, 0.9950494766235352, 0.9811881184577942, 0.9168316721916199, 0.8415841460227966, 0.8405940532684326, 0.7871286869049072, 0.7653465270996094, 0.8108910918235779], [0.9908350110054016, 0.951120138168335, 0.7820773720741272, 0.6955193281173706, 0.7087576389312744, 0.8665987849235535, 0.9531568288803101, 0.9592667818069458, 0.9613034725189209, 0.9786150455474854], [0.7825112342834473, 0.7073991298675537, 0.6603139042854309, 0.8116592168807983, 0.9069506525993347, 0.8755605220794678, 0.7623318433761597, 0.7488788962364197, 0.9372197389602661, 0.8643497824668884], [0.8194154500961304, 0.6524008512496948, 0.6586638689041138, 0.7004175186157227, 0.6951983571052551, 0.7797494530677795, 0.8329854011535645, 0.8371607661247253, 0.9697285890579224, 0.9645093679428101], [0.8570038676261902, 0.8511673212051392, 0.9338521361351013, 0.9912451505661011, 0.9542801380157471, 0.8764591217041016, 0.7772373557090759, 0.7791828513145447, 0.8472762703895569, 0.8531128168106079], [0.9158110618591309, 0.8603696227073669, 0.7731006145477295, 0.7412731051445007, 0.592402458190918, 0.6560574769973755, 0.8973305821418762, 0.9856262803077698, 0.9743326306343079, 0.9240246415138245], [0.5153617262840271, 0.6937562227249146, 0.7433102130889893, 0.9038652181625366, 0.9831516146659851, 0.9712586998939514, 0.7333993911743164, 0.6362735629081726, 0.7641229033470154, 0.5599603652954102]]",7.127262428402901,dfr,lenet,False,0.14203333854675293,0.998,1,completed,0.16357943415641785,0.5153617262840271,outputs_final/lenet/dfr/N100/seed1
0.9878000020980835,0.8634222149848938,100,0.6348999738693237,cuda,"[[0.8224489688873291, 0.9387755393981934, 0.9397959113121033, 0.9571428298950195, 0.8979591727256775, 0.7520408034324646, 0.8387755155563354, 0.9755101799964905, 0.9908163547515869, 0.9642857313156128], [0.9638766646385193, 0.9638766646385193, 0.9480175971984863, 0.9453744292259216, 0.933920681476593, 0.9039647579193115, 0.9867841601371765, 0.992951512336731, 0.992951512336731, 0.976211428642273], [0.9399224519729614, 0.9806201457977295, 0.940891444683075, 0.8498061895370483, 0.768410861492157, 0.7286821603775024, 0.9244186282157898, 0.9437984228134155, 0.9195736646652222, 0.8905038833618164], [0.8782178163528442, 0.7584158182144165, 0.805940568447113, 0.8089109063148499, 0.9702970385551453, 0.996039628982544, 0.9495049715042114, 0.8831683397293091, 0.9356435537338257, 0.9207921028137207], [0.8971486687660217, 0.9052953124046326, 0.8177189230918884, 0.8075356483459473, 0.951120138168335, 0.9979633688926697, 1.0, 0.9806517362594604, 0.9164969325065613, 0.8818737268447876], [0.9372197389602661, 0.7892376780509949, 0.597533643245697, 0.689461886882782, 0.8363228440284729, 0.8307175040245056, 0.7612107396125793, 0.7701793909072876, 0.9002242088317871, 0.9674887657165527], [0.9916492700576782, 0.9634655714035034, 0.7025052309036255, 0.7296450734138489, 0.8632568120956421, 0.8507307171821594, 0.7661795616149902, 0.8444676399230957, 0.9060542583465576, 0.9770354628562927], [0.9717898964881897, 0.9173151850700378, 0.9046692848205566, 0.9727626442909241, 0.9873540997505188, 0.9017509818077087, 0.7821011543273926, 0.8132295608520508, 0.8920233249664307, 0.9678988456726074], [0.8429158329963684, 0.9517453908920288, 0.9794661402702332, 0.8880903720855713, 0.8295688033103943, 0.6570841670036316, 0.7967146039009094, 0.8305954933166504, 0.8429158329963684, 0.7084189057350159], [0.7670961618423462, 0.928642213344574, 0.9722497463226318, 0.9890981316566467, 0.7700693607330322, 0.5034687519073486, 0.3201189339160919, 0.773042619228363, 0.901883065700531, 0.7145688533782959]]",6.081158101558685,dfr,lenet,False,0.12833333015441895,0.998,2,completed,0.2191379815340042,0.3201189339160919,outputs_final/lenet/dfr/N100/seed2
0.957099974155426,0.8506666421890259,100,0.6439999938011169,cuda,"[[0.9959183931350708, 0.9948979616165161, 0.9622448682785034, 0.9061224460601807, 0.922448992729187, 0.9663265347480774, 0.9663265347480774, 0.8102040886878967, 0.9520407915115356, 0.9918367266654968], [0.9982379078865051, 0.9938325881958008, 0.9788545966148376, 0.9488986730575562, 0.9022026658058167, 0.8625550866127014, 0.8687224388122559, 0.907489001750946, 0.9859030842781067, 0.9973568320274353], [0.5939922332763672, 0.7955426573753357, 0.9031007885932922, 0.9234496355056763, 0.876937985420227, 0.7858527302742004, 0.8275193572044373, 0.7751938104629517, 0.7567829489707947, 0.6143410801887512], [0.6425742506980896, 0.7544554471969604, 0.9128713011741638, 0.9603960514068604, 0.9782178401947021, 0.9732673168182373, 0.987128734588623, 0.9841583967208862, 0.9277227520942688, 0.7405940890312195], [0.7606924772262573, 0.7566191554069519, 0.7688391208648682, 0.7413442134857178, 0.7576375007629395, 0.8167006373405457, 0.8319755792617798, 0.9022403359413147, 0.9409368634223938, 0.842158854007721], [0.9596412777900696, 0.9484304785728455, 0.9147982001304626, 0.7690582871437073, 0.8329596519470215, 0.9293721914291382, 0.8352017998695374, 0.6278026700019836, 0.8206278085708618, 0.945067286491394], [0.9488517642021179, 0.9791231751441956, 0.9707724452018738, 0.9592902064323425, 0.9728600978851318, 0.9895615577697754, 0.9958246350288391, 0.9791231751441956, 0.9707724452018738, 0.9352818131446838], [0.929961085319519, 0.8725680708885193, 0.8647859692573547, 0.8356031179428101, 0.7791828513145447, 0.7519454956054688, 0.7178988456726074, 0.7266536951065063, 0.8715953230857849, 0.9377431869506836], [0.37166324257850647, 0.7453798651695251, 0.9558521509170532, 0.8942505121231079, 0.6591376066207886, 0.4897330701351166, 0.8316221833229065, 0.9240246415138245, 0.8655030727386475, 0.5441478490829468], [0.8364717364311218, 0.72844398021698, 0.7413280606269836, 0.908820629119873, 0.9494549036026001, 0.8939543962478638, 0.8166501522064209, 0.8295341730117798, 0.8582755327224731, 0.904856264591217]]",5.722830086946487,dfr,lenet,False,0.12987777590751648,0.998,3,completed,0.1444699466228485,0.37166324257850647,outputs_final/lenet/dfr/N100/seed3
0.9846000075340271,0.8298110961914062,100,0.5889000296592712,cuda,"[[0.9979591965675354, 0.9928571581840515, 0.9591836929321289, 0.9153061509132385, 0.9571428298950195, 0.9469387531280518, 0.8979591727256775, 0.9040816426277161, 0.9795918464660645, 0.9969387650489807], [0.9629955887794495, 0.9814978241920471, 0.992951512336731, 0.9982379078865051, 1.0, 0.9973568320274353, 0.9955947399139404, 0.9814978241920471, 0.9594713449478149, 0.9453744292259216], [0.9670542478561401, 0.9186046719551086, 0.8459302186965942, 0.731589138507843, 0.5823643207550049, 0.5348837375640869, 0.5164728760719299, 0.7325581312179565, 0.9253876209259033, 0.9757751822471619], [0.29108911752700806, 0.3148514926433563, 0.5524752736091614, 0.7475247383117676, 0.8980197906494141, 0.9663366079330444, 0.9811881184577942, 0.9475247263908386, 0.8257426023483276, 0.5079208016395569], [0.6486761569976807, 0.8024439811706543, 0.8228105902671814, 0.7270875573158264, 0.7169042825698853, 0.8075356483459473, 0.976578414440155, 0.9928717017173767, 0.9490835070610046, 0.7382891774177551], [0.7208520174026489, 0.8318385481834412, 0.9551569223403931, 0.9798206090927124, 0.9428251385688782, 0.7780268788337708, 0.7253363132476807, 0.8195067048072815, 0.8464125394821167, 0.7903587222099304], [0.7901878952980042, 0.9498956203460693, 0.9739039540290833, 0.8924843668937683, 0.7588726282119751, 0.7275574207305908, 0.8267223238945007, 0.867432177066803, 0.8549060821533203, 0.756784975528717], [0.9017509818077087, 0.9095330834388733, 0.924124538898468, 0.8968871831893921, 0.8171206116676331, 0.6848248839378357, 0.7772373557090759, 0.9610894918441772, 0.9922178983688354, 0.9640077948570251], [0.9178645014762878, 0.9722792506217957, 0.9117043018341064, 0.6365503072738647, 0.5503079891204834, 0.6344969272613525, 0.8470225930213928, 0.9055441617965698, 0.9055441617965698, 0.8583162426948547], [0.9207136034965515, 0.8146679997444153, 0.6967294216156006, 0.7631317973136902, 0.9217046499252319, 0.9772051572799683, 0.8929633498191833, 0.6362735629081726, 0.7869177460670471, 0.8969276547431946]]",5.869031190872192,dfr,lenet,False,0.1612444370985031,0.998,4,completed,0.13654696941375732,0.29108911752700806,outputs_final/lenet/dfr/N100/seed4
0.9930999875068665,0.9492999911308289,1000,0.8741000294685364,cuda,"[[0.9755101799964905, 0.9734693765640259, 0.9744898080825806, 0.9897959232330322, 0.9928571581840515, 0.9938775300979614, 0.981632649898529, 0.9714285731315613, 0.9734693765640259, 0.9744898080825806], [0.9920704960823059, 0.992951512336731, 0.9955947399139404, 0.9911894202232361, 0.9823788404464722, 0.9841409921646118, 0.9488986730575562, 0.9612334966659546, 0.9814978241920471, 0.9876651763916016], [0.9525193572044373, 0.9457364082336426, 0.9215116500854492, 0.9108527302742004, 0.9108527302742004, 0.944767415523529, 0.9767441749572754, 0.998062014579773, 0.9932170510292053, 0.9680232405662537], [0.9306930899620056, 0.9297029972076416, 0.9237623810768127, 0.9762375950813293, 0.9940593838691711, 0.997029721736908, 0.9712871313095093, 0.9584158658981323, 0.9346534609794617, 0.9148514866828918], [0.9602851271629333, 0.9592667818069458, 0.9633401036262512, 0.994908332824707, 0.9959266781806946, 0.9847250580787659, 0.8900203704833984, 0.885947048664093, 0.9480651617050171, 0.9602851271629333], [0.9865471124649048, 0.9652466177940369, 0.926008939743042, 0.9540358781814575, 0.9517937302589417, 0.9439461827278137, 0.9147982001304626, 0.9820627570152283, 0.9943946003913879, 0.9932735562324524], [0.9906054139137268, 0.9916492700576782, 0.9853861927986145, 0.9759916663169861, 0.9665970802307129, 0.9613778591156006, 0.942588746547699, 0.9561586380004883, 0.9551148414611816, 0.9728600978851318], [0.9562256932258606, 0.8735408782958984, 0.798638105392456, 0.881322979927063, 0.9406614899635315, 0.9464980363845825, 0.9445525407791138, 0.9717898964881897, 0.9902724027633667, 0.9844357967376709], [0.8973305821418762, 0.9240246415138245, 0.9045174717903137, 0.8480492830276489, 0.849075973033905, 0.9435318112373352, 0.9917864203453064, 0.9455851912498474, 0.872689962387085, 0.8634496927261353], [0.973240852355957, 0.9851337671279907, 0.9890981316566467, 0.9791873097419739, 0.9514370560646057, 0.9464816451072693, 0.9197224974632263, 0.9058473706245422, 0.9008919596672058, 0.9415262341499329]]",5.757534131407738,dfr,lenet,True,0.04582222178578377,0.98,0,completed,1.0075740963220596,0.798638105392456,outputs_final/lenet/dfr/N1000/seed0
0.9927999973297119,0.9580110907554626,1000,0.9039999842643738,cuda,"[[0.9551020264625549, 0.9489796161651611, 0.9551020264625549, 0.9785714149475098, 0.9887754917144775, 0.9928571581840515, 0.9908163547515869, 0.9785714149475098, 0.9459183812141418, 0.9530612230300903], [0.976211428642273, 0.9859030842781067, 0.9797356724739075, 0.9797356724739075, 0.9867841601371765, 0.9964757561683655, 0.9982379078865051, 0.9876651763916016, 0.9726872444152832, 0.9718061685562134], [0.9864341020584106, 0.9922480583190918, 0.9709302186965942, 0.9437984228134155, 0.9292635917663574, 0.9350775480270386, 0.9476743936538696, 0.940891444683075, 0.9544573426246643, 0.9680232405662537], [0.9772277474403381, 0.9910891056060791, 0.996039628982544, 0.987128734588623, 0.9623762369155884, 0.9376237392425537, 0.9396039843559265, 0.9356435537338257, 0.9207921028137207, 0.9564356207847595], [0.9969450235366821, 0.9959266781806946, 0.9918533563613892, 0.9775967597961426, 0.9460285305976868, 0.9439918398857117, 0.9480651617050171, 0.9307535886764526, 0.9460285305976868, 0.9847250580787659], [0.9596412777900696, 0.9282511472702026, 0.9215246438980103, 0.9596412777900696, 0.9730941653251648, 0.9708520174026489, 0.963004469871521, 0.9899103045463562, 0.9966367483139038, 0.9876681566238403], [0.9916492700576782, 0.9739039540290833, 0.9603340029716492, 0.9561586380004883, 0.9613778591156006, 0.9634655714035034, 0.9634655714035034, 0.9655532240867615, 0.9812108278274536, 0.9947807788848877], [0.9338521361351013, 0.9562256932258606, 0.9795719981193542, 0.9844357967376709, 0.966926097869873, 0.9426069855690002, 0.9202334880828857, 0.9309338331222534, 0.9435797929763794, 0.9309338331222534], [0.907597541809082, 0.8809034824371338, 0.9209445714950562, 0.9383983612060547, 0.9219712615013123, 0.9322382211685181, 0.9640657305717468, 0.9938398599624634, 0.9702258706092834, 0.9373716711997986], [0.9316154718399048, 0.9345887303352356, 0.9504460096359253, 0.973240852355957, 0.9821605682373047, 0.9791873097419739, 0.9544103145599365, 0.9425173401832581, 0.9484637975692749, 0.9554013609886169]]",5.8130784034729,dfr,lenet,True,0.03602222353219986,0.98,1,completed,1.0784283876419067,0.8809034824371338,outputs_final/lenet/dfr/N1000/seed1
0.9937999844551086,0.9624000191688538,1000,0.9114999771118164,cuda,"[[0.9520407915115356, 0.9448979496955872, 0.9653061032295227, 0.9795918464660645, 0.9826530814170837, 0.9642857313156128, 0.9734693765640259, 0.9908163547515869, 0.9897959232330322, 0.9846938848495483], [0.9814978241920471, 0.976211428642273, 0.9859030842781067, 0.9920704960823059, 0.9911894202232361, 0.9894273281097412, 0.9920704960823059, 0.9982379078865051, 0.9991189241409302, 0.9938325881958008], [0.9951550364494324, 0.9970930218696594, 0.981589138507843, 0.9399224519729614, 0.930232584476471, 0.9467054009437561, 0.9583333134651184, 0.9525193572044373, 0.9515503644943237, 0.9806201457977295], [0.9316831827163696, 0.9168316721916199, 0.9247524738311768, 0.9633663296699524, 0.9940593838691711, 0.997029721736908, 0.9930692911148071, 0.9712871313095093, 0.9524752497673035, 0.9366336464881897], [0.9745417237281799, 0.9684317708015442, 0.9358451962471008, 0.9266802668571472, 0.9857434034347534, 0.9979633688926697, 0.9979633688926697, 0.9898167252540588, 0.976578414440155, 0.9725050926208496], [0.9955157041549683, 0.9663677215576172, 0.9147982001304626, 0.915919303894043, 0.9293721914291382, 0.9248878955841064, 0.9473094344139099, 0.9742152690887451, 0.9899103045463562, 0.9955157041549683], [0.9937369227409363, 0.9916492700576782, 0.9853861927986145, 0.982254683971405, 0.9864300489425659, 0.9874739050865173, 0.980167031288147, 0.9759916663169861, 0.9676409363746643, 0.9780793190002441], [0.948443591594696, 0.9464980363845825, 0.9649805426597595, 0.981517493724823, 0.9892995953559875, 0.9834630489349365, 0.9620622396469116, 0.9552529454231262, 0.9552529454231262, 0.9620622396469116], [0.9558521509170532, 0.9835729002952576, 0.9917864203453064, 0.9722792506217957, 0.9229979515075684, 0.8860369324684143, 0.918891191482544, 0.9445585012435913, 0.9507187008857727, 0.9445585012435913], [0.9296333193778992, 0.9554013609886169, 0.9791873097419739, 0.9871159791946411, 0.9633300304412842, 0.908820629119873, 0.9108027815818787, 0.9276511669158936, 0.9484637975692749, 0.9375619292259216]]",5.825217381119728,dfr,lenet,True,0.032911110669374466,0.98,2,completed,1.1523351222276688,0.8860369324684143,outputs_final/lenet/dfr/N1000/seed2
0.9932000041007996,0.9549333453178406,1000,0.8949000239372253,cuda,"[[0.9897959232330322, 0.9867346882820129, 0.981632649898529, 0.9795918464660645, 0.9857142567634583, 0.9928571581840515, 0.9938775300979614, 0.9897959232330322, 0.9877551198005676, 0.9836734533309937], [0.9964757561683655, 0.9911894202232361, 0.9770925045013428, 0.9753304123878479, 0.9806167483329773, 0.9823788404464722, 0.9841409921646118, 0.9850220084190369, 0.9920704960823059, 0.9955947399139404], [0.9544573426246643, 0.9670542478561401, 0.979651153087616, 0.9912790656089783, 0.9903100728988647, 0.9709302186965942, 0.9282945990562439, 0.9282945990562439, 0.9525193572044373, 0.9486433863639832], [0.9326732754707336, 0.9396039843559265, 0.9544554352760315, 0.9524752497673035, 0.9475247263908386, 0.9544554352760315, 0.9910891056060791, 0.997029721736908, 0.9881188273429871, 0.9544554352760315], [0.9633401036262512, 0.9470468163490295, 0.9490835070610046, 0.9490835070610046, 0.9450101852416992, 0.9704684615135193, 0.9918533563613892, 0.9979633688926697, 0.9979633688926697, 0.9847250580787659], [0.9730941653251648, 0.9686098694801331, 0.9428251385688782, 0.9562780261039734, 0.9843049049377441, 0.9988788962364197, 0.9708520174026489, 0.9181614518165588, 0.9192824959754944, 0.9562780261039734], [0.9812108278274536, 0.9895615577697754, 0.9864300489425659, 0.9634655714035034, 0.9509394764900208, 0.9488517642021179, 0.9645093679428101, 0.9697285890579224, 0.9645093679428101, 0.9707724452018738], [0.9854085445404053, 0.9708171486854553, 0.9523346424102783, 0.9231517314910889, 0.8803501725196838, 0.8647859692573547, 0.9036964774131775, 0.9464980363845825, 0.975680947303772, 0.9873540997505188], [0.9199178814888, 0.975359320640564, 0.9866529703140259, 0.978439450263977, 0.929158091545105, 0.8531827330589294, 0.8901437520980835, 0.8973305821418762, 0.907597541809082, 0.8901437520980835], [0.9207136034965515, 0.9008919596672058, 0.9038652181625366, 0.9682854413986206, 0.993062436580658, 0.9861248731613159, 0.9464816451072693, 0.9008919596672058, 0.8761149644851685, 0.904856264591217]]",6.120592847466469,dfr,lenet,True,0.03974444419145584,0.98,3,completed,1.1329181343317032,0.8531827330589294,outputs_final/lenet/dfr/N1000/seed3
0.9926000237464905,0.9551222324371338,1000,0.8866999745368958,cuda,"[[0.9969387650489807, 0.9897959232330322, 0.9785714149475098, 0.9795918464660645, 0.9857142567634583, 0.9867346882820129, 0.9857142567634583, 0.9806122183799744, 0.9867346882820129, 0.9959183931350708], [0.9718061685562134, 0.9585903286933899, 0.9744493365287781, 0.9920704960823059, 0.9964757561683655, 0.992951512336731, 0.9806167483329773, 0.976211428642273, 0.983259916305542, 0.9806167483329773], [0.9786821603775024, 0.9651162624359131, 0.9563953280448914, 0.9505813717842102, 0.940891444683075, 0.9360465407371521, 0.913759708404541, 0.9593023061752319, 0.9864341020584106, 0.9893410801887512], [0.9366336464881897, 0.9415841698646545, 0.9346534609794617, 0.9316831827163696, 0.9534653425216675, 0.987128734588623, 0.996039628982544, 0.986138641834259, 0.9475247263908386, 0.9148514866828918], [0.9378818869590759, 0.9663951396942139, 0.9663951396942139, 0.9439918398857117, 0.9175152778625488, 0.9266802668571472, 0.9908350110054016, 0.9989816546440125, 0.9826883673667908, 0.9501018524169922], [0.9428251385688782, 0.9585201740264893, 0.9854260087013245, 0.9887892603874207, 0.9786995649337769, 0.939461886882782, 0.8890134692192078, 0.9484304785728455, 0.9719731211662292, 0.9652466177940369], [0.9582463502883911, 0.982254683971405, 0.9895615577697754, 0.9759916663169861, 0.9592902064323425, 0.9530271291732788, 0.9613778591156006, 0.9655532240867615, 0.968684732913971, 0.9478079080581665], [0.9542801380157471, 0.9533073902130127, 0.9591439962387085, 0.957198441028595, 0.9124513864517212, 0.8414396643638611, 0.9231517314910889, 0.9931906461715698, 0.9951362013816833, 0.981517493724823], [0.975359320640564, 0.987679660320282, 0.977412760257721, 0.9394250512123108, 0.918891191482544, 0.9127309918403625, 0.929158091545105, 0.9353182911872864, 0.9219712615013123, 0.9342916011810303], [0.9117938280105591, 0.8840436339378357, 0.9108027815818787, 0.9573835730552673, 0.9791873097419739, 0.9861248731613159, 0.969276487827301, 0.9217046499252319, 0.9326065182685852, 0.9187313914299011]]",5.622330501675606,dfr,lenet,True,0.03937777876853943,0.98,4,completed,0.7513569295406342,0.8414396643638611,outputs_final/lenet/dfr/N1000/seed4
0.9915000200271606,0.9053333401679993,250,0.7592999935150146,cuda,"[[0.9357143044471741, 0.9061224460601807, 0.9642857313156128, 0.9897959232330322, 0.9959183931350708, 0.9846938848495483, 0.9295918345451355, 0.9306122660636902, 0.9693877696990967, 0.968367338180542], [0.9894273281097412, 0.992951512336731, 0.9920704960823059, 0.983259916305542, 0.9806167483329773, 0.9744493365287781, 0.949779748916626, 0.9321585893630981, 0.9559471607208252, 0.9814978241920471], [0.9563953280448914, 0.9292635917663574, 0.913759708404541, 0.895348846912384, 0.8827519416809082, 0.9089147448539734, 0.9622092843055725, 1.0, 0.9932170510292053, 0.9767441749572754], [0.8603960275650024, 0.8336633443832397, 0.8257426023483276, 0.9207921028137207, 0.9702970385551453, 0.9851484894752502, 0.9564356207847595, 0.8752475380897522, 0.8732673525810242, 0.8712871074676514], [0.9643584489822388, 0.9643584489822388, 0.9837067127227783, 0.9979633688926697, 0.9989816546440125, 0.9735234379768372, 0.8279022574424744, 0.7698574066162109, 0.9012219905853271, 0.9480651617050171], [0.9876681566238403, 0.9136771559715271, 0.8307175040245056, 0.7544842958450317, 0.6737667918205261, 0.695067286491394, 0.8262332081794739, 0.9775784611701965, 0.9921524524688721, 0.9955157041549683], [0.9874739050865173, 0.9864300489425659, 0.9509394764900208, 0.9321503043174744, 0.9175365567207336, 0.9217119216918945, 0.9269310832023621, 0.9572024941444397, 0.9519832730293274, 0.9665970802307129], [0.9445525407791138, 0.8287937641143799, 0.6955252885818481, 0.7480545043945312, 0.8171206116676331, 0.8900778293609619, 0.9309338331222534, 0.951361894607544, 0.9863813519477844, 0.9824903011322021], [0.824435293674469, 0.7864476442337036, 0.6088295578956604, 0.6355236172676086, 0.7956879138946533, 0.9168378114700317, 0.9917864203453064, 0.8880903720855713, 0.7843942642211914, 0.7956879138946533], [0.959365725517273, 0.9752230048179626, 0.9821605682373047, 0.9682854413986206, 0.9583746194839478, 0.9544103145599365, 0.9266600608825684, 0.8136768937110901, 0.8225966095924377, 0.9246779084205627]]",7.213745296001434,dfr,lenet,True,0.08990000188350677,0.995,0,completed,0.5154572278261185,0.6088295578956604,outputs_final/lenet/dfr/N250/seed0
0.9927999973297119,0.91839998960495,250,0.8019999861717224,cuda,"[[0.9877551198005676, 0.9806122183799744, 0.972449004650116, 0.9857142567634583, 0.9938775300979614, 0.9959183931350708, 0.9836734533309937, 0.9163265228271484, 0.9489796161651611, 0.9714285731315613], [0.9709250926971436, 0.9876651763916016, 0.9876651763916016, 0.9814978241920471, 0.9903083443641663, 0.9982379078865051, 0.9991189241409302, 0.9859030842781067, 0.9788545966148376, 0.9647576808929443], [0.9583333134651184, 0.981589138507843, 0.9525193572044373, 0.8837209343910217, 0.8682170510292053, 0.8788759708404541, 0.8846899271011353, 0.8604651093482971, 0.9011628031730652, 0.9253876209259033], [0.9495049715042114, 0.9712871313095093, 0.997029721736908, 0.9831683039665222, 0.9336633682250977, 0.8346534371376038, 0.8138613700866699, 0.8376237750053406, 0.8326732516288757, 0.909900963306427], [0.994908332824707, 0.994908332824707, 0.9378818869590759, 0.8523421883583069, 0.7515274882316589, 0.8095722794532776, 0.8828920722007751, 0.8686354160308838, 0.9164969325065613, 0.9796333909034729], [0.8643497824668884, 0.7690582871437073, 0.7645739912986755, 0.8609865307807922, 0.915919303894043, 0.9248878955841064, 0.8991031646728516, 0.9596412777900696, 0.9932735562324524, 0.9596412777900696], [0.9885177612304688, 0.9676409363746643, 0.9342380166053772, 0.9258872866630554, 0.9237995743751526, 0.924843430519104, 0.9269310832023621, 0.9185803532600403, 0.980167031288147, 0.9958246350288391], [0.9192606806755066, 0.9396887421607971, 0.975680947303772, 0.9883268475532532, 0.9659532904624939, 0.9075875282287598, 0.8735408782958984, 0.8706225752830505, 0.9036964774131775, 0.905642032623291], [0.8213552236557007, 0.7813141942024231, 0.8470225930213928, 0.9034907817840576, 0.8839835524559021, 0.8993839621543884, 0.9650924205780029, 0.9979466199874878, 0.9609856009483337, 0.8880903720855713], [0.8285431265830994, 0.8176412582397461, 0.8820614218711853, 0.9544103145599365, 0.9841427206993103, 0.9801784157752991, 0.9464816451072693, 0.9217046499252319, 0.9296333193778992, 0.9117938280105591]]",5.985505610704422,dfr,lenet,True,0.07645555585622787,0.995,1,completed,0.5048094540834427,0.7515274882316589,outputs_final/lenet/dfr/N250/seed1
0.9857000112533569,0.9235000014305115,250,0.8021000027656555,cuda,"[[0.8693877458572388, 0.8999999761581421, 0.940816342830658, 0.9642857313156128, 0.9642857313156128, 0.9387755393981934, 0.9551020264625549, 0.9744898080825806, 0.9846938848495483, 0.9602040648460388], [0.9436123371124268, 0.949779748916626, 0.9682819247245789, 0.9867841601371765, 0.9894273281097412, 0.9876651763916016, 0.9903083443641663, 0.9876651763916016, 0.9788545966148376, 0.9700440764427185], [0.963178277015686, 0.9699612259864807, 0.9467054009437561, 0.895348846912384, 0.8633720874786377, 0.8943798542022705, 0.9573643207550049, 0.9660852551460266, 0.9583333134651184, 0.9505813717842102], [0.8247524499893188, 0.8524752259254456, 0.8811880946159363, 0.9336633682250977, 0.9831683039665222, 0.997029721736908, 0.9841583967208862, 0.9643564224243164, 0.9465346336364746, 0.8495049476623535], [0.9246435761451721, 0.9226069450378418, 0.8665987849235535, 0.8340122103691101, 0.9419552087783813, 0.9877800345420837, 0.9877800345420837, 0.9725050926208496, 0.9551934599876404, 0.9501018524169922], [0.9742152690887451, 0.8867713212966919, 0.8295964002609253, 0.8856502175331116, 0.931614339351654, 0.8934977650642395, 0.8632286787033081, 0.8979820609092712, 0.9742152690887451, 0.9932735562324524], [0.9979122877120972, 0.9979122877120972, 0.9874739050865173, 0.9749478101730347, 0.9812108278274536, 0.9853861927986145, 0.9759916663169861, 0.9457202553749084, 0.9509394764900208, 0.9832985401153564], [0.9717898964881897, 0.9494163393974304, 0.9105058312416077, 0.9328793883323669, 0.9717898964881897, 0.8988326787948608, 0.7509727478027344, 0.7344357967376709, 0.8735408782958984, 0.9620622396469116], [0.8059548139572144, 0.9435318112373352, 0.9804928302764893, 0.9332649111747742, 0.8531827330589294, 0.8275154232978821, 0.9229979515075684, 0.9671458005905151, 0.9466118812561035, 0.802874743938446], [0.9058473706245422, 0.9544103145599365, 0.9762140512466431, 0.9881070256233215, 0.9504460096359253, 0.803766131401062, 0.7244796752929688, 0.8503468632698059, 0.9038652181625366, 0.8820614218711853]]",7.86806033551693,dfr,lenet,True,0.0677555575966835,0.995,2,completed,0.5219384580850601,0.7244796752929688,outputs_final/lenet/dfr/N250/seed2
0.9904999732971191,0.9176111221313477,250,0.7919999957084656,cuda,"[[0.9836734533309937, 0.9826530814170837, 0.968367338180542, 0.9469387531280518, 0.9489796161651611, 0.9836734533309937, 0.9969387650489807, 0.9877551198005676, 0.9775510430335999, 0.9836734533309937], [0.9964757561683655, 0.9867841601371765, 0.950660765171051, 0.91629958152771, 0.9145374298095703, 0.950660765171051, 0.9638766646385193, 0.9700440764427185, 0.9850220084190369, 0.9920704960823059], [0.8468992114067078, 0.8895348906517029, 0.9525193572044373, 0.9854651093482971, 0.9874030947685242, 0.9573643207550049, 0.8352712988853455, 0.8536821603775024, 0.8924418687820435, 0.8420542478561401], [0.800990104675293, 0.907920777797699, 0.9405940771102905, 0.9386138319969177, 0.9326732754707336, 0.9465346336364746, 0.9841583967208862, 0.9910891056060791, 0.9445544481277466, 0.8089109063148499], [0.9297352433204651, 0.9124236106872559, 0.9215885996818542, 0.9052953124046326, 0.904276967048645, 0.9562118053436279, 0.9684317708015442, 0.9857434034347534, 0.9898167252540588, 0.9663951396942139], [0.9843049049377441, 0.9495515823364258, 0.8486546874046326, 0.8273542523384094, 0.9405829310417175, 0.9899103045463562, 0.9607623219490051, 0.8856502175331116, 0.9428251385688782, 0.9843049049377441], [0.9582463502883911, 0.9885177612304688, 0.980167031288147, 0.9697285890579224, 0.9697285890579224, 0.9655532240867615, 0.9613778591156006, 0.9373695254325867, 0.8705636858940125, 0.867432177066803], [0.9863813519477844, 0.948443591594696, 0.9036964774131775, 0.8365758657455444, 0.7626459002494812, 0.8433852195739746, 0.8725680708885193, 0.9085603356361389, 0.9688715934753418, 0.9892995953559875], [0.7854209542274475, 0.9640657305717468, 0.9887063503265381, 0.9312114715576172, 0.7802874445915222, 0.6190965175628662, 0.7915810942649841, 0.8788501024246216, 0.8634496927261353, 0.755646824836731], [0.8830525279045105, 0.904856264591217, 0.9207136034965515, 0.9752230048179626, 0.9881070256233215, 0.9653121829032898, 0.9236868023872375, 0.9137760400772095, 0.8889989852905273, 0.8691774010658264]]",6.9685813039541245,dfr,lenet,True,0.07557778060436249,0.995,3,completed,0.3344702124595642,0.6190965175628662,outputs_final/lenet/dfr/N250/seed3
0.9925000071525574,0.9061333537101746,250,0.7566999793052673,cuda,"[[0.9979591965675354, 0.9928571581840515, 0.968367338180542, 0.9704081416130066, 0.9826530814170837, 0.9826530814170837, 0.954081654548645, 0.9653061032295227, 0.9877551198005676, 0.9959183931350708], [0.983259916305542, 0.9806167483329773, 0.9894273281097412, 0.9964757561683655, 0.9991189241409302, 0.9964757561683655, 0.9894273281097412, 0.9876651763916016, 0.9876651763916016, 0.9867841601371765], [0.9825581312179565, 0.9437984228134155, 0.9001938104629517, 0.7984496355056763, 0.6860465407371521, 0.6240310072898865, 0.5445736646652222, 0.8333333134651184, 0.9738371968269348, 0.9970930218696594], [0.8405940532684326, 0.8099009990692139, 0.8445544838905334, 0.8475247621536255, 0.89702969789505, 0.9504950642585754, 0.9910891056060791, 0.9782178401947021, 0.9564356207847595, 0.8910890817642212], [0.7871690392494202, 0.8706721067428589, 0.9215885996818542, 0.914460301399231, 0.8635438084602356, 0.844195544719696, 0.9837067127227783, 0.9918533563613892, 0.9460285305976868, 0.7942973375320435], [0.8699551820755005, 0.871076226234436, 0.9585201740264893, 0.9887892603874207, 0.9854260087013245, 0.9226457476615906, 0.8744394779205322, 0.9293721914291382, 0.9618834257125854, 0.9338564872741699], [0.8830897808074951, 0.9812108278274536, 0.9937369227409363, 0.9853861927986145, 0.9196242094039917, 0.869519829750061, 0.8883090019226074, 0.9081419706344604, 0.8924843668937683, 0.8507307171821594], [0.9280155897140503, 0.9095330834388733, 0.9270427823066711, 0.9581711888313293, 0.9338521361351013, 0.8356031179428101, 0.9027237296104431, 0.9834630489349365, 0.9931906461715698, 0.9708171486854553], [0.9445585012435913, 0.9825462102890015, 0.9579055309295654, 0.8542094230651855, 0.7823408842086792, 0.7823408842086792, 0.8788501024246216, 0.9219712615013123, 0.870636522769928, 0.8162217736244202], [0.8662041425704956, 0.7244796752929688, 0.7779980301856995, 0.908820629119873, 0.9702675938606262, 0.9881070256233215, 0.9762140512466431, 0.894945502281189, 0.9028741121292114, 0.9028741121292114]]",5.8738875687122345,dfr,lenet,True,0.08948888629674911,0.995,4,completed,0.2360573709011078,0.5445736646652222,outputs_final/lenet/dfr/N250/seed4
0.9941999912261963,0.966188907623291,2500,0.9222000241279602,cuda,"[[0.9785714149475098, 0.9653061032295227, 0.9795918464660645, 0.9918367266654968, 0.9959183931350708, 0.9959183931350708, 0.9897959232330322, 0.9877551198005676, 0.9877551198005676, 0.9775510430335999], [0.9947136640548706, 0.9955947399139404, 0.9964757561683655, 0.992951512336731, 0.9841409921646118, 0.9770925045013428, 0.9735682606697083, 0.976211428642273, 0.9823788404464722, 0.9885462522506714], [0.9767441749572754, 0.9767441749572754, 0.9767441749572754, 0.9757751822471619, 0.979651153087616, 0.9806201457977295, 0.9903100728988647, 0.998062014579773, 0.9941860437393188, 0.9767441749572754], [0.9524752497673035, 0.9475247263908386, 0.9554455280303955, 0.9782178401947021, 0.996039628982544, 0.999009907245636, 0.9891089200973511, 0.9663366079330444, 0.9485148787498474, 0.9455445408821106], [0.9877800345420837, 0.9806517362594604, 0.9887983798980713, 1.0, 1.0, 0.9959266781806946, 0.9806517362594604, 0.9826883673667908, 0.9877800345420837, 0.9887983798980713], [0.9887892603874207, 0.9719731211662292, 0.9551569223403931, 0.9573991298675537, 0.9495515823364258, 0.9282511472702026, 0.9327354431152344, 0.9730941653251648, 0.9932735562324524, 0.9955157041549683], [0.9874739050865173, 0.9874739050865173, 0.9697285890579224, 0.9509394764900208, 0.9300626516342163, 0.9185803532600403, 0.9342380166053772, 0.9676409363746643, 0.968684732913971, 0.980167031288147], [0.9863813519477844, 0.9581711888313293, 0.938715934753418, 0.9435797929763794, 0.9396887421607971, 0.9338521361351013, 0.9416342377662659, 0.975680947303772, 0.9902724027633667, 0.9912451505661011], [0.9301847815513611, 0.9373716711997986, 0.9096509218215942, 0.8921971321105957, 0.8973305821418762, 0.9599589109420776, 0.9938398599624634, 0.9722792506217957, 0.9394250512123108, 0.9229979515075684], [0.9702675938606262, 0.9871159791946411, 0.9861248731613159, 0.9702675938606262, 0.9514370560646057, 0.9504460096359253, 0.9524281620979309, 0.9385530352592468, 0.9187313914299011, 0.935579776763916]]",5.641006827354431,dfr,lenet,True,0.029311111196875572,0.95,0,completed,2.0132316052913666,0.8921971321105957,outputs_final/lenet/dfr/N2500/seed0
0.992900013923645,0.9695333242416382,2500,0.9307000041007996,cuda,"[[0.9693877696990967, 0.9622448682785034, 0.9795918464660645, 0.9908163547515869, 0.9928571581840515, 0.9948979616165161, 0.9928571581840515, 0.9826530814170837, 0.9693877696990967, 0.9693877696990967], [0.9797356724739075, 0.9823788404464722, 0.9823788404464722, 0.9876651763916016, 0.992951512336731, 0.9955947399139404, 0.9920704960823059, 0.9823788404464722, 0.9709250926971436, 0.9744493365287781], [0.9932170510292053, 0.9951550364494324, 0.9903100728988647, 0.9641472697257996, 0.942829430103302, 0.940891444683075, 0.9437984228134155, 0.9166666865348816, 0.9234496355056763, 0.9651162624359131], [0.9811881184577942, 0.9891089200973511, 0.9950494766235352, 0.9930692911148071, 0.987128734588623, 0.9831683039665222, 0.9811881184577942, 0.9673267602920532, 0.9485148787498474, 0.9683168530464172], [0.9938900470733643, 0.994908332824707, 0.9877800345420837, 0.9694501161575317, 0.9623218178749084, 0.9562118053436279, 0.9521384835243225, 0.9450101852416992, 0.9694501161575317, 0.9887983798980713], [0.9786995649337769, 0.9529147744178772, 0.9428251385688782, 0.9439461827278137, 0.945067286491394, 0.9540358781814575, 0.9652466177940369, 0.9921524524688721, 0.9966367483139038, 0.9932735562324524], [0.9874739050865173, 0.9812108278274536, 0.9676409363746643, 0.9665970802307129, 0.9613778591156006, 0.962421715259552, 0.9540709853172302, 0.9592902064323425, 0.980167031288147, 0.9906054139137268], [0.9747081995010376, 0.9824903011322021, 0.9902724027633667, 0.9854085445404053, 0.9708171486854553, 0.9533073902130127, 0.9455252885818481, 0.948443591594696, 0.951361894607544, 0.9640077948570251], [0.9599589109420776, 0.9455851912498474, 0.9568788409233093, 0.9640657305717468, 0.9630390405654907, 0.9763860106468201, 0.9897330403327942, 0.9958932399749756, 0.9887063503265381, 0.975359320640564], [0.959365725517273, 0.9633300304412842, 0.9742318987846375, 0.9841427206993103, 0.9900891780853271, 0.9871159791946411, 0.9811694622039795, 0.9474727511405945, 0.9405351877212524, 0.9524281620979309]]",5.625581905245781,dfr,lenet,True,0.025366665795445442,0.95,1,completed,1.9778106808662415,0.9166666865348816,outputs_final/lenet/dfr/N2500/seed1
0.9936000108718872,0.9743221998214722,2500,0.9423999786376953,cuda,"[[0.9785714149475098, 0.9673469662666321, 0.9663265347480774, 0.9744898080825806, 0.9826530814170837, 0.9897959232330322, 0.9938775300979614, 0.9959183931350708, 0.9959183931350708, 0.9908163547515869], [0.9911894202232361, 0.9841409921646118, 0.9797356724739075, 0.9885462522506714, 0.9947136640548706, 0.9964757561683655, 0.9991189241409302, 0.9991189241409302, 0.9991189241409302, 0.9964757561683655], [0.9951550364494324, 0.9961240291595459, 0.9903100728988647, 0.9738371968269348, 0.9525193572044373, 0.9515503644943237, 0.9515503644943237, 0.9437984228134155, 0.9525193572044373, 0.979651153087616], [0.9732673168182373, 0.9712871313095093, 0.9683168530464172, 0.9811881184577942, 0.9950494766235352, 0.996039628982544, 0.9930692911148071, 0.9831683039665222, 0.9693069458007812, 0.9722772240638733], [0.9826883673667908, 0.9755600690841675, 0.9714867472648621, 0.9714867472648621, 0.9857434034347534, 0.9959266781806946, 0.9959266781806946, 0.9928717017173767, 0.9867616891860962, 0.9867616891860962], [0.9966367483139038, 0.9899103045463562, 0.9596412777900696, 0.9417040348052979, 0.9383407831192017, 0.9473094344139099, 0.9719731211662292, 0.9876681566238403, 0.9966367483139038, 0.9977578520774841], [0.9895615577697754, 0.9926931262016296, 0.9864300489425659, 0.980167031288147, 0.9812108278274536, 0.9791231751441956, 0.9759916663169861, 0.9749478101730347, 0.9739039540290833, 0.9812108278274536], [0.9630350470542908, 0.9591439962387085, 0.9698443412780762, 0.981517493724823, 0.9863813519477844, 0.9844357967376709, 0.9747081995010376, 0.9640077948570251, 0.9630350470542908, 0.9659532904624939], [0.9517453908920288, 0.9815195202827454, 0.9887063503265381, 0.9866529703140259, 0.9650924205780029, 0.9445585012435913, 0.9496920108795166, 0.9630390405654907, 0.9568788409233093, 0.9363449811935425], [0.9514370560646057, 0.9821605682373047, 0.9890981316566467, 0.9900891780853271, 0.9811694622039795, 0.9435084462165833, 0.9335976243019104, 0.9504460096359253, 0.9554013609886169, 0.9494549036026001]]",5.604503944516182,dfr,lenet,True,0.020899999886751175,0.95,2,completed,2.0537804067134857,0.9335976243019104,outputs_final/lenet/dfr/N2500/seed2
0.993399977684021,0.9699888825416565,2500,0.9315000176429749,cuda,"[[0.9836734533309937, 0.9795918464660645, 0.9714285731315613, 0.9755101799964905, 0.9877551198005676, 0.9959183931350708, 0.9969387650489807, 0.9928571581840515, 0.9908163547515869, 0.9877551198005676], [0.9964757561683655, 0.992951512336731, 0.9753304123878479, 0.9700440764427185, 0.9797356724739075, 0.9859030842781067, 0.9797356724739075, 0.9814978241920471, 0.9911894202232361, 0.9973568320274353], [0.9496123790740967, 0.9641472697257996, 0.981589138507843, 0.9903100728988647, 0.9970930218696594, 0.9874030947685242, 0.9689922332763672, 0.9554263353347778, 0.9534883499145508, 0.9457364082336426], [0.9396039843559265, 0.9336633682250977, 0.9277227520942688, 0.9257425665855408, 0.9287128448486328, 0.9603960514068604, 0.9891089200973511, 0.9930692911148071, 0.987128734588623, 0.9702970385551453], [0.9786150455474854, 0.9704684615135193, 0.9592667818069458, 0.9602851271629333, 0.9602851271629333, 0.9837067127227783, 0.9969450235366821, 0.9989816546440125, 0.9969450235366821, 0.9918533563613892], [0.9820627570152283, 0.9775784611701965, 0.9652466177940369, 0.9798206090927124, 0.9910314083099365, 0.9932735562324524, 0.9843049049377441, 0.9652466177940369, 0.9663677215576172, 0.9798206090927124], [0.9916492700576782, 0.9916492700576782, 0.9895615577697754, 0.9728600978851318, 0.9665970802307129, 0.9603340029716492, 0.968684732913971, 0.9728600978851318, 0.9749478101730347, 0.9832985401153564], [0.9931906461715698, 0.9892995953559875, 0.9659532904624939, 0.9445525407791138, 0.924124538898468, 0.9445525407791138, 0.9640077948570251, 0.9805447459220886, 0.9922178983688354, 0.994163453578949], [0.977412760257721, 0.9928131699562073, 0.9938398599624634, 0.9917864203453064, 0.9712525606155396, 0.9229979515075684, 0.9507187008857727, 0.9671458005905151, 0.9681724905967712, 0.9671458005905151], [0.9395440816879272, 0.9246779084205627, 0.9187313914299011, 0.9752230048179626, 0.9871159791946411, 0.9821605682373047, 0.962338924407959, 0.9454905986785889, 0.9425173401832581, 0.9435084462165833]]",7.051737263798714,dfr,lenet,True,0.025699999183416367,0.95,3,completed,4.296145871281624,0.9187313914299011,outputs_final/lenet/dfr/N2500/seed3
0.9936000108718872,0.970644474029541,2500,0.9312999844551086,cuda,"[[0.9979591965675354, 0.9959183931350708, 0.9918367266654968, 0.9897959232330322, 0.9908163547515869, 0.9887754917144775, 0.9887754917144775, 0.9918367266654968, 0.9948979616165161, 0.9969387650489807], [0.9779735803604126, 0.9674009084701538, 0.9797356724739075, 0.992951512336731, 0.9964757561683655, 0.9964757561683655, 0.9903083443641663, 0.9894273281097412, 0.9894273281097412, 0.9841409921646118], [0.9757751822471619, 0.9476743936538696, 0.9437984228134155, 0.9525193572044373, 0.9554263353347778, 0.9602712988853455, 0.9515503644943237, 0.9757751822471619, 0.9844961166381836, 0.9864341020584106], [0.9495049715042114, 0.9603960514068604, 0.9514851570129395, 0.9435643553733826, 0.9574257135391235, 0.9841583967208862, 0.997029721736908, 0.987128734588623, 0.9633663296699524, 0.9455445408821106], [0.9643584489822388, 0.9633401036262512, 0.9684317708015442, 0.9684317708015442, 0.9694501161575317, 0.9786150455474854, 0.9959266781806946, 0.9979633688926697, 0.9918533563613892, 0.9755600690841675], [0.9742152690887451, 0.9742152690887451, 0.9843049049377441, 0.9876681566238403, 0.9798206090927124, 0.9585201740264893, 0.9204035997390747, 0.9585201740264893, 0.9775784611701965, 0.9820627570152283], [0.9770354628562927, 0.9853861927986145, 0.9968684911727905, 0.9947807788848877, 0.9864300489425659, 0.9707724452018738, 0.9634655714035034, 0.962421715259552, 0.962421715259552, 0.9697285890579224], [0.9649805426597595, 0.9533073902130127, 0.9562256932258606, 0.9591439962387085, 0.9396887421607971, 0.9367704391479492, 0.9766536951065063, 0.9912451505661011, 0.9922178983688354, 0.981517493724823], [0.9825462102890015, 0.9897330403327942, 0.9866529703140259, 0.9640657305717468, 0.9517453908920288, 0.9507187008857727, 0.966119110584259, 0.9671458005905151, 0.9589322209358215, 0.9630390405654907], [0.9573835730552673, 0.9444994926452637, 0.9494549036026001, 0.973240852355957, 0.9881070256233215, 0.993062436580658, 0.9762140512466431, 0.9444994926452637, 0.9573835730552673, 0.962338924407959]]",7.675864338874817,dfr,lenet,True,0.02500000037252903,0.95,4,completed,3.396254748106003,0.9204035997390747,outputs_final/lenet/dfr/N2500/seed4
0.9785000085830688,0.7235666513442993,50,0.34369999170303345,cuda,"[[0.8775510191917419, 0.8265306353569031, 0.8948979377746582, 0.9489796161651611, 0.9795918464660645, 0.9795918464660645, 0.8387755155563354, 0.972449004650116, 0.9938775300979614, 0.9877551198005676], [0.9903083443641663, 0.9938325881958008, 0.9841409921646118, 0.9286343455314636, 0.9383260011672974, 0.9118942618370056, 0.49251100420951843, 0.4881057143211365, 0.7823788523674011, 0.9682819247245789], [0.6288759708404541, 0.23643410205841064, 0.15213178098201752, 0.15406976640224457, 0.3139534890651703, 0.5445736646652222, 0.7810077667236328, 0.9835271239280701, 0.940891444683075, 0.8585271239280701], [0.6574257612228394, 0.33366337418556213, 0.22475247085094452, 0.5415841341018677, 0.9118812084197998, 0.9792079329490662, 0.8475247621536255, 0.8663366436958313, 0.9237623810768127, 0.815841555595398], [0.8778004050254822, 0.9236252307891846, 0.9490835070610046, 0.9826883673667908, 0.9419552087783813, 0.6771894097328186, 0.33299389481544495, 0.5152749419212341, 0.9205702543258667, 0.9460285305976868], [0.9360986351966858, 0.6614349484443665, 0.47421523928642273, 0.5795964002609253, 0.7286995649337769, 0.7387892603874207, 0.713004469871521, 0.9047085046768188, 0.9596412777900696, 0.9865471124649048], [0.9885177612304688, 0.9519832730293274, 0.8288100361824036, 0.9217119216918945, 0.980167031288147, 0.962421715259552, 0.8465553522109985, 0.8810020685195923, 0.8549060821533203, 0.9509394764900208], [0.8132295608520508, 0.5204280018806458, 0.24319066107273102, 0.28599220514297485, 0.5476653575897217, 0.7821011543273926, 0.8910505771636963, 0.8297665119171143, 0.9163424372673035, 0.9153696298599243], [0.6796714663505554, 0.6242299675941467, 0.29876795411109924, 0.2248459905385971, 0.42607802152633667, 0.8583162426948547, 0.9979466199874878, 0.7895277142524719, 0.35318276286125183, 0.3737166225910187], [0.7710604667663574, 0.9563924670219421, 0.9781962633132935, 0.9534192085266113, 0.9672943353652954, 0.9425173401832581, 0.501486599445343, 0.405351847410202, 0.32210108637809753, 0.38949453830718994]]",5.974852338433266,dfr,lenet,False,0.26981112360954285,0.999,0,completed,0.12278454005718231,0.15213178098201752,outputs_final/lenet/dfr/N50/seed0
0.9832000136375427,0.6895666718482971,50,0.2906999886035919,cuda,"[[0.981632649898529, 0.9744898080825806, 0.9275510311126709, 0.9255102276802063, 0.9459183812141418, 0.9571428298950195, 0.9479591846466064, 0.9153061509132385, 0.704081654548645, 0.6336734890937805], [0.9726872444152832, 0.9744493365287781, 0.966519832611084, 0.9709250926971436, 0.9594713449478149, 0.9788545966148376, 1.0, 0.9814978241920471, 0.8660792708396912, 0.8889867663383484], [0.9622092843055725, 0.9941860437393188, 0.9941860437393188, 0.8972868323326111, 0.38468992710113525, 0.20155039429664612, 0.36143410205841064, 0.6501938104629517, 0.7170542478561401, 0.7916666865348816], [0.7267326712608337, 0.694059431552887, 0.9524752497673035, 0.9683168530464172, 0.6405940651893616, 0.4207920730113983, 0.5693069100379944, 0.7851485013961792, 0.42277228832244873, 0.6663366556167603], [0.9928717017173767, 0.9032586812973022, 0.8309572339057922, 0.8054989576339722, 0.5936863422393799, 0.4378818869590759, 0.5835030674934387, 0.8319755792617798, 0.8686354160308838, 0.9562118053436279], [0.6860986351966858, 0.31502240896224976, 0.33856502175331116, 0.8015695214271545, 0.9517937302589417, 0.8576233386993408, 0.7690582871437073, 0.9405829310417175, 0.9966367483139038, 0.9069506525993347], [0.9258872866630554, 0.25156575441360474, 0.18162839114665985, 0.7640918493270874, 0.9509394764900208, 0.9843423962593079, 0.9697285890579224, 0.9572024941444397, 0.9718163013458252, 0.9958246350288391], [0.2626459002494812, 0.5038910508155823, 0.8618677258491516, 0.9883268475532532, 0.8842412233352661, 0.7130350470542908, 0.6877431869506836, 0.46692606806755066, 0.11770427972078323, 0.1468871533870697], [0.6129363179206848, 0.6745380163192749, 0.7002053260803223, 0.6704311966896057, 0.5400410890579224, 0.6468172669410706, 0.9014373421669006, 0.978439450263977, 0.03182751685380936, 0.020533880218863487], [0.18037660419940948, 0.45490583777427673, 0.6174430251121521, 0.6273537874221802, 0.9752230048179626, 0.9851337671279907, 0.7631317973136902, 0.09217046946287155, 0.009910802356898785, 0.01982160471379757]]",5.814386084675789,dfr,lenet,False,0.3051222264766693,0.999,1,completed,0.08826467394828796,0.009910802356898785,outputs_final/lenet/dfr/N50/seed1
0.986299991607666,0.7659777998924255,50,0.383899986743927,cuda,"[[0.7530612349510193, 0.9591836929321289, 0.8979591727256775, 0.8234694004058838, 0.9234693646430969, 0.954081654548645, 0.9602040648460388, 0.9897959232330322, 0.9908163547515869, 0.8428571224212646], [0.9876651763916016, 0.9894273281097412, 0.62466961145401, 0.3982378840446472, 0.6405286192893982, 0.9048458337783813, 0.9903083443641663, 0.9955947399139404, 0.949779748916626, 0.9656387567520142], [0.9215116500854492, 0.9641472697257996, 0.8866279125213623, 0.8682170510292053, 0.8798449635505676, 0.7771317958831787, 0.748062014579773, 0.4990310072898865, 0.5736433863639832, 0.7151162624359131], [0.7297029495239258, 0.5643564462661743, 0.39702969789505005, 0.4198019802570343, 0.8663366436958313, 0.9524752497673035, 0.8841584324836731, 0.9247524738311768, 0.9653465151786804, 0.7386138439178467], [0.686354398727417, 0.7240325808525085, 0.6924643516540527, 0.795315682888031, 0.9551934599876404, 0.9989816546440125, 1.0, 0.9786150455474854, 0.9114053249359131, 0.728105902671814], [0.9551569223403931, 0.8486546874046326, 0.5392376780509949, 0.5392376780509949, 0.6188340783119202, 0.35762330889701843, 0.3329596519470215, 0.6502242088317871, 0.9697309136390686, 0.9955157041549683], [0.9947807788848877, 0.9770354628562927, 0.794363260269165, 0.8392484188079834, 0.8914405107498169, 0.743215024471283, 0.4947807788848877, 0.8747390508651733, 0.9133611917495728, 0.962421715259552], [0.6332684755325317, 0.5778210163116455, 0.6770427823066711, 0.9075875282287598, 0.9834630489349365, 0.8929961323738098, 0.792801558971405, 0.8540856242179871, 0.8326848149299622, 0.674124538898468], [0.48151952028274536, 0.9342916011810303, 0.9969199299812317, 0.9353182911872864, 0.7854209542274475, 0.6488706469535828, 0.6498973369598389, 0.8172484636306763, 0.7104722857475281, 0.024640657007694244], [0.8889989852905273, 0.9643211364746094, 0.9395440816879272, 0.9910802841186523, 0.8325074315071106, 0.5540138483047485, 0.28939545154571533, 0.7294350862503052, 0.7244796752929688, 0.35381564497947693]]",5.877090439200401,dfr,lenet,False,0.22716666758060455,0.999,2,completed,0.10833263397216797,0.024640657007694244,outputs_final/lenet/dfr/N50/seed2
0.9761000275611877,0.7299110889434814,50,0.3952000141143799,cuda,"[[0.9846938848495483, 0.9602040648460388, 0.8030612468719482, 0.7540816068649292, 0.8010203838348389, 0.9734693765640259, 0.9938775300979614, 0.9122449159622192, 0.9214285612106323, 0.9734693765640259], [0.9753304123878479, 0.9268722534179688, 0.850220263004303, 0.7480176091194153, 0.6387665271759033, 0.6889867782592773, 0.7488986849784851, 0.8264316916465759, 0.9286343455314636, 0.9621145129203796], [0.8081395626068115, 0.7093023061752319, 0.9001938104629517, 0.9563953280448914, 0.9331395626068115, 0.8100775480270386, 0.268410861492157, 0.16860465705394745, 0.5843023061752319, 0.8594961166381836], [0.45247524976730347, 0.40495049953460693, 0.3366336524486542, 0.2841584086418152, 0.301980197429657, 0.4900990128517151, 0.7396039366722107, 0.9712871313095093, 0.9584158658981323, 0.7613861560821533], [0.9439918398857117, 0.9124236106872559, 0.8299388885498047, 0.5743380784988403, 0.4572301506996155, 0.5203666090965271, 0.5733197331428528, 0.8309572339057922, 0.9847250580787659, 0.9735234379768372], [0.9372197389602661, 0.9428251385688782, 0.8957399129867554, 0.8374439477920532, 0.9327354431152344, 0.9955157041549683, 0.9181614518165588, 0.48206278681755066, 0.5392376780509949, 0.8127802610397339], [0.8653444647789001, 0.9655532240867615, 0.9227557182312012, 0.8475991487503052, 0.867432177066803, 0.907098114490509, 0.9739039540290833, 0.9488517642021179, 0.8465553522109985, 0.7755740880966187], [0.9688715934753418, 0.9173151850700378, 0.8190661668777466, 0.5593385100364685, 0.35214006900787354, 0.2782101035118103, 0.24221789836883545, 0.2373540848493576, 0.6031128168106079, 0.9542801380157471], [0.5308008193969727, 0.8398357033729553, 0.9691991806030273, 0.8675564527511597, 0.5174537897109985, 0.47638604044914246, 0.882956862449646, 0.9199178814888, 0.7915810942649841, 0.5841889381408691], [0.5193260908126831, 0.5450941324234009, 0.8077304363250732, 0.9841427206993103, 0.9980178475379944, 0.8780971169471741, 0.47869178652763367, 0.8295341730117798, 0.6808721423149109, 0.6808721423149109]]",5.82043819129467,dfr,lenet,False,0.2588889002799988,0.999,3,completed,0.07570503652095795,0.16860465705394745,outputs_final/lenet/dfr/N50/seed3
0.9793000221252441,0.7203888893127441,50,0.374099999666214,cuda,"[[0.9979591965675354, 0.9846938848495483, 0.8693877458572388, 0.9469387531280518, 0.968367338180542, 0.9612244963645935, 0.9244897961616516, 0.9459183812141418, 0.9867346882820129, 0.9969387650489807], [0.4828193783760071, 0.783259928226471, 0.9744493365287781, 0.9964757561683655, 1.0, 0.9964757561683655, 0.9488986730575562, 0.6872246861457825, 0.3674008846282959, 0.341850221157074], [0.8246123790740967, 0.604651153087616, 0.4583333432674408, 0.24418604373931885, 0.1472868174314499, 0.17926356196403503, 0.4021317958831787, 0.7732558250427246, 0.934108555316925, 0.961240291595459], [0.447524756193161, 0.5485148429870605, 0.699999988079071, 0.6623762249946594, 0.6910890936851501, 0.7633663415908813, 0.9118812084197998, 0.907920777797699, 0.6485148668289185, 0.447524756193161], [0.7087576389312744, 0.7087576389312744, 0.657841145992279, 0.6639510989189148, 0.6751527786254883, 0.7637474536895752, 0.9725050926208496, 0.9938900470733643, 0.976578414440155, 0.8014256358146667], [0.878923773765564, 0.9417040348052979, 0.9730941653251648, 0.9910314083099365, 0.9484304785728455, 0.6434977650642395, 0.40582960844039917, 0.49551570415496826, 0.7253363132476807, 0.847533643245697], [0.6200417280197144, 0.9352818131446838, 0.9968684911727905, 0.982254683971405, 0.9269310832023621, 0.907098114490509, 0.9405010342597961, 0.9206680655479431, 0.7077244520187378, 0.4582463502883911], [0.8715953230857849, 0.6439688801765442, 0.5301556587219238, 0.5252918004989624, 0.5369649529457092, 0.5817120671272278, 0.75, 0.9416342377662659, 0.9912451505661011, 0.975680947303772], [0.9476386308670044, 0.9804928302764893, 0.9260780215263367, 0.7577002048492432, 0.7063655257225037, 0.7751539945602417, 0.8418891429901123, 0.7535934448242188, 0.5636550188064575, 0.7731006145477295], [0.7779980301856995, 0.2497522234916687, 0.17938552796840668, 0.572844386100769, 0.9127849340438843, 0.969276487827301, 0.8057482838630676, 0.25569871068000793, 0.34291377663612366, 0.8166501522064209]]",5.877284973859787,dfr,lenet,False,0.2689666748046875,0.999,4,completed,0.11089414358139038,0.1472868174314499,outputs_final/lenet/dfr/N50/seed4
0.9933000206947327,0.9311222434043884,500,0.8230999708175659,cuda,"[[0.9438775777816772, 0.9357143044471741, 0.9806122183799744, 0.9928571581840515, 0.9969387650489807, 0.9959183931350708, 0.9744898080825806, 0.9693877696990967, 0.9653061032295227, 0.9673469662666321], [0.9903083443641663, 0.9947136640548706, 0.9982379078865051, 0.9938325881958008, 0.9806167483329773, 0.9770925045013428, 0.91629958152771, 0.9189427495002747, 0.9559471607208252, 0.9859030842781067], [0.9544573426246643, 0.8972868323326111, 0.8691860437393188, 0.8711240291595459, 0.8905038833618164, 0.9292635917663574, 0.9660852551460266, 1.0, 0.9951550364494324, 0.9806201457977295], [0.8980197906494141, 0.8653465509414673, 0.8564356565475464, 0.9504950642585754, 0.9801980257034302, 0.9910891056060791, 0.9574257135391235, 0.9306930899620056, 0.9138613939285278, 0.9039604067802429], [0.9419552087783813, 0.9439918398857117, 0.976578414440155, 1.0, 0.9989816546440125, 0.9867616891860962, 0.8747454285621643, 0.8849287033081055, 0.9409368634223938, 0.9501018524169922], [0.9865471124649048, 0.9506726264953613, 0.9417040348052979, 0.9618834257125854, 0.9551569223403931, 0.939461886882782, 0.9204035997390747, 0.9865471124649048, 0.9943946003913879, 0.9932735562324524], [0.9937369227409363, 0.9937369227409363, 0.9843423962593079, 0.9665970802307129, 0.9331941604614258, 0.9081419706344604, 0.8924843668937683, 0.9509394764900208, 0.9582463502883911, 0.9832985401153564], [0.9542801380157471, 0.8589494228363037, 0.7908560037612915, 0.8793774247169495, 0.9280155897140503, 0.9396887421607971, 0.9348248839378357, 0.951361894607544, 0.9834630489349365, 0.9863813519477844], [0.8511293530464172, 0.8336755633354187, 0.7618069648742676, 0.7207392454147339, 0.7689938545227051, 0.9240246415138245, 0.9938398599624634, 0.9486653208732605, 0.8501026630401611, 0.8398357033729553], [0.9524281620979309, 0.9772051572799683, 0.9861248731613159, 0.962338924407959, 0.9335976243019104, 0.9454905986785889, 0.9405351877212524, 0.8612487316131592, 0.8206144571304321, 0.908820629119873]]",5.8952100574970245,dfr,lenet,True,0.0652666687965393,0.99,0,completed,0.5695533156394958,0.7207392454147339,outputs_final/lenet/dfr/N500/seed0
0.9932000041007996,0.9368888735771179,500,0.8439000248908997,cuda,"[[0.9479591846466064, 0.9520407915115356, 0.9653061032295227, 0.9887754917144775, 0.9959183931350708, 0.9969387650489807, 0.9938775300979614, 0.9744898080825806, 0.9428571462631226, 0.9387755393981934], [0.9726872444152832, 0.9841409921646118, 0.983259916305542, 0.9753304123878479, 0.983259916305542, 0.9903083443641663, 0.9982379078865051, 0.9894273281097412, 0.9753304123878479, 0.9691630005836487], [0.9786821603775024, 0.9951550364494324, 0.9689922332763672, 0.9205426573753357, 0.8614341020584106, 0.836240291595459, 0.8624030947685242, 0.8594961166381836, 0.9050387740135193, 0.9486433863639832], [0.9574257135391235, 0.9801980257034302, 0.996039628982544, 0.986138641834259, 0.9574257135391235, 0.9019802212715149, 0.8772277235984802, 0.8732673525810242, 0.8524752259254456, 0.9207921028137207], [0.9938900470733643, 0.9969450235366821, 0.9877800345420837, 0.958248496055603, 0.9032586812973022, 0.9246435761451721, 0.9643584489822388, 0.9551934599876404, 0.9450101852416992, 0.9725050926208496], [0.9428251385688782, 0.8363228440284729, 0.7892376780509949, 0.855381190776825, 0.8721973299980164, 0.902466356754303, 0.9540358781814575, 0.9910314083099365, 0.9966367483139038, 0.9865471124649048], [0.9937369227409363, 0.9864300489425659, 0.9665970802307129, 0.9498956203460693, 0.9321503043174744, 0.9133611917495728, 0.9206680655479431, 0.9227557182312012, 0.9603340029716492, 0.9947807788848877], [0.929961085319519, 0.9426069855690002, 0.9708171486854553, 0.9863813519477844, 0.9688715934753418, 0.9250972867012024, 0.8939688801765442, 0.8998054265975952, 0.9319066405296326, 0.9348248839378357], [0.9106776118278503, 0.8767967224121094, 0.9065708518028259, 0.8993839621543884, 0.8562628626823425, 0.8675564527511597, 0.9589322209358215, 0.987679660320282, 0.9486653208732605, 0.9281314015388489], [0.9127849340438843, 0.8880079388618469, 0.9236868023872375, 0.9772051572799683, 0.9861248731613159, 0.9762140512466431, 0.9544103145599365, 0.9246779084205627, 0.9435084462165833, 0.9454905986785889]]",5.793409451842308,dfr,lenet,True,0.05861110985279083,0.99,1,completed,0.6189792901277542,0.7892376780509949,outputs_final/lenet/dfr/N500/seed1
0.9936000108718872,0.9412000179290771,500,0.8446000218391418,cuda,"[[0.9244897961616516, 0.918367326259613, 0.9357143044471741, 0.9520407915115356, 0.9693877696990967, 0.968367338180542, 0.9826530814170837, 0.9918367266654968, 0.9897959232330322, 0.9755101799964905], [0.9700440764427185, 0.9471365809440613, 0.9577092528343201, 0.9859030842781067, 0.9903083443641663, 0.9885462522506714, 0.992951512336731, 0.9991189241409302, 0.9973568320274353, 0.9911894202232361], [0.9903100728988647, 0.9922480583190918, 0.9728682041168213, 0.932170569896698, 0.9069767594337463, 0.9195736646652222, 0.940891444683075, 0.930232584476471, 0.9273256063461304, 0.9583333134651184], [0.9267326593399048, 0.9138613939285278, 0.89702969789505, 0.9297029972076416, 0.9851484894752502, 0.996039628982544, 0.987128734588623, 0.9683168530464172, 0.9415841698646545, 0.907920777797699], [0.9714867472648621, 0.9653767943382263, 0.8981670141220093, 0.8574337959289551, 0.9602851271629333, 0.9908350110054016, 0.994908332824707, 0.9837067127227783, 0.9674134254455566, 0.9684317708015442], [0.9921524524688721, 0.9226457476615906, 0.8385650515556335, 0.8464125394821167, 0.9248878955841064, 0.9282511472702026, 0.9327354431152344, 0.9607623219490051, 0.9955157041549683, 0.9966367483139038], [0.9958246350288391, 0.9885177612304688, 0.980167031288147, 0.9697285890579224, 0.9780793190002441, 0.9843423962593079, 0.9770354628562927, 0.9561586380004883, 0.9603340029716492, 0.9770354628562927], [0.951361894607544, 0.9464980363845825, 0.9591439962387085, 0.9717898964881897, 0.9883268475532532, 0.9610894918441772, 0.8667315244674683, 0.8025291562080383, 0.8677042722702026, 0.9377431869506836], [0.8932238221168518, 0.9763860106468201, 0.9897330403327942, 0.9455851912498474, 0.8767967224121094, 0.861396312713623, 0.9158110618591309, 0.9527720808982849, 0.9322382211685181, 0.8439425230026245], [0.8761149644851685, 0.9464816451072693, 0.9861248731613159, 0.993062436580658, 0.9554013609886169, 0.8969276547431946, 0.8315163254737854, 0.8741328120231628, 0.8989098072052002, 0.8850346803665161]]",5.860451981425285,dfr,lenet,True,0.054222222417593,0.99,2,completed,1.2155944406986237,0.8025291562080383,outputs_final/lenet/dfr/N500/seed2
0.9921000003814697,0.9415444731712341,500,0.86080002784729,cuda,"[[0.9795918464660645, 0.9857142567634583, 0.981632649898529, 0.9755101799964905, 0.9795918464660645, 0.9877551198005676, 0.9918367266654968, 0.9857142567634583, 0.9785714149475098, 0.9765306115150452], [0.9973568320274353, 0.992951512336731, 0.9753304123878479, 0.9515418410301208, 0.9577092528343201, 0.976211428642273, 0.9797356724739075, 0.983259916305542, 0.9903083443641663, 0.9955947399139404], [0.873062014579773, 0.9195736646652222, 0.9689922332763672, 0.9883720874786377, 0.9932170510292053, 0.9738371968269348, 0.9292635917663574, 0.9147287011146545, 0.9176356792449951, 0.8895348906517029], [0.8999999761581421, 0.9316831827163696, 0.9366336464881897, 0.9207921028137207, 0.9168316721916199, 0.9336633682250977, 0.9900990128517151, 0.997029721736908, 0.9831683039665222, 0.9386138319969177], [0.9653767943382263, 0.9389002323150635, 0.9185336232185364, 0.9236252307891846, 0.9358451962471008, 0.9674134254455566, 0.9857434034347534, 0.9938900470733643, 0.9979633688926697, 0.9928717017173767], [0.9798206090927124, 0.9573991298675537, 0.8991031646728516, 0.9181614518165588, 0.9854260087013245, 0.9932735562324524, 0.9753363132476807, 0.8834080696105957, 0.9058296084403992, 0.9618834257125854], [0.9759916663169861, 0.9853861927986145, 0.9739039540290833, 0.9467641115188599, 0.9665970802307129, 0.9749478101730347, 0.9780793190002441, 0.9478079080581665, 0.905010461807251, 0.944676399230957], [0.9922178983688354, 0.9727626442909241, 0.9396887421607971, 0.8832684755325317, 0.8336575627326965, 0.8589494228363037, 0.8774319291114807, 0.9250972867012024, 0.9737353920936584, 0.9922178983688354], [0.8778234124183655, 0.9681724905967712, 0.9928131699562073, 0.9835729002952576, 0.9353182911872864, 0.8275154232978821, 0.8819301724433899, 0.9127309918403625, 0.9055441617965698, 0.8603696227073669], [0.8899900913238525, 0.8969276547431946, 0.8810703754425049, 0.9544103145599365, 0.9841427206993103, 0.9603567719459534, 0.9177403450012207, 0.8820614218711853, 0.8701685070991516, 0.8840436339378357]]",6.669447362422943,dfr,lenet,True,0.05228888988494873,0.99,3,completed,0.633060947060585,0.8275154232978821,outputs_final/lenet/dfr/N500/seed3
0.9922000169754028,0.932544469833374,500,0.8317999839782715,cuda,"[[0.9969387650489807, 0.9887754917144775, 0.9642857313156128, 0.9704081416130066, 0.9846938848495483, 0.9887754917144775, 0.972449004650116, 0.9581632614135742, 0.9775510430335999, 0.9948979616165161], [0.9524229168891907, 0.9286343455314636, 0.9612334966659546, 0.9894273281097412, 0.9964757561683655, 0.9911894202232361, 0.9806167483329773, 0.9753304123878479, 0.9735682606697083, 0.9647576808929443], [0.9748061895370483, 0.940891444683075, 0.8982558250427246, 0.8430232405662537, 0.8120155334472656, 0.8129844665527344, 0.8575581312179565, 0.9554263353347778, 0.9825581312179565, 0.9941860437393188], [0.8831683397293091, 0.8772277235984802, 0.8801980018615723, 0.8910890817642212, 0.9326732754707336, 0.9693069458007812, 0.9920791983604431, 0.987128734588623, 0.9514851570129395, 0.8999999761581421], [0.9307535886764526, 0.9348269104957581, 0.951120138168335, 0.9256619215011597, 0.885947048664093, 0.8645620942115784, 0.9867616891860962, 0.9979633688926697, 0.9826883673667908, 0.9592667818069458], [0.9405829310417175, 0.9506726264953613, 0.9775784611701965, 0.9865471124649048, 0.9831838607788086, 0.939461886882782, 0.8991031646728516, 0.9372197389602661, 0.9708520174026489, 0.963004469871521], [0.9478079080581665, 0.9832985401153564, 0.9937369227409363, 0.9916492700576782, 0.9718163013458252, 0.9603340029716492, 0.9655532240867615, 0.962421715259552, 0.9592902064323425, 0.9498956203460693], [0.9348248839378357, 0.9066147804260254, 0.9153696298599243, 0.9357976913452148, 0.9124513864517212, 0.7957198619842529, 0.8881322741508484, 0.9747081995010376, 0.9863813519477844, 0.9659532904624939], [0.9579055309295654, 0.9825462102890015, 0.9712525606155396, 0.941478431224823, 0.9065708518028259, 0.8809034824371338, 0.8439425230026245, 0.8747433423995972, 0.8819301724433899, 0.9086242318153381], [0.8691774010658264, 0.8364717364311218, 0.8344895839691162, 0.9335976243019104, 0.9722497463226318, 0.9940535426139832, 0.9613478779792786, 0.8671952486038208, 0.8632309436798096, 0.8612487316131592]]",5.772031381726265,dfr,lenet,True,0.062388889491558075,0.99,4,completed,0.4744545817375183,0.7957198619842529,outputs_final/lenet/dfr/N500/seed4
0.9933000206947327,0.9741888642311096,5000,0.9395999908447266,cuda,"[[0.9836734533309937, 0.9826530814170837, 0.9928571581840515, 0.9948979616165161, 0.9948979616165161, 0.9948979616165161, 0.9918367266654968, 0.9867346882820129, 0.9795918464660645, 0.9775510430335999], [0.9938325881958008, 0.9955947399139404, 0.9955947399139404, 0.9911894202232361, 0.9850220084190369, 0.9788545966148376, 0.9770925045013428, 0.9779735803604126, 0.9823788404464722, 0.9885462522506714], [0.9767441749572754, 0.9670542478561401, 0.9622092843055725, 0.9534883499145508, 0.9563953280448914, 0.9786821603775024, 0.9903100728988647, 0.9932170510292053, 0.9912790656089783, 0.981589138507843], [0.9425742626190186, 0.9504950642585754, 0.9594059586524963, 0.9772277474403381, 0.9900990128517151, 0.9910891056060791, 0.9881188273429871, 0.9524752497673035, 0.9257425665855408, 0.9158415794372559], [0.9826883673667908, 0.9735234379768372, 0.9806517362594604, 0.9918533563613892, 1.0, 0.9918533563613892, 0.9704684615135193, 0.9663951396942139, 0.981670081615448, 0.9857434034347534], [0.9955157041549683, 0.9921524524688721, 0.9820627570152283, 0.9775784611701965, 0.9730941653251648, 0.9753363132476807, 0.9831838607788086, 0.9932735562324524, 0.9977578520774841, 0.9977578520774841], [0.9906054139137268, 0.9885177612304688, 0.9832985401153564, 0.9718163013458252, 0.9613778591156006, 0.9572024941444397, 0.9707724452018738, 0.9739039540290833, 0.9759916663169861, 0.9812108278274536], [0.9951362013816833, 0.9727626442909241, 0.9659532904624939, 0.9688715934753418, 0.9688715934753418, 0.9640077948570251, 0.9678988456726074, 0.9863813519477844, 0.994163453578949, 0.9951362013816833], [0.9425051212310791, 0.9712525606155396, 0.9640657305717468, 0.9620122909545898, 0.9681724905967712, 0.9856262803077698, 0.9938398599624634, 0.9887063503265381, 0.9517453908920288, 0.9260780215263367], [0.9702675938606262, 0.9890981316566467, 0.9900891780853271, 0.9831516146659851, 0.9752230048179626, 0.966303288936615, 0.9613478779792786, 0.9514370560646057, 0.9246779084205627, 0.928642213344574]]",7.47233459353447,dfr,lenet,True,0.021122222766280174,0.9,0,completed,8.362549647688866,0.9158415794372559,outputs_final/lenet/dfr/N5000/seed0
0.9937000274658203,0.9792555570602417,5000,0.95660001039505,cuda,"[[0.9857142567634583, 0.9867346882820129, 0.9887754917144775, 0.9948979616165161, 0.9969387650489807, 0.9969387650489807, 0.9938775300979614, 0.9897959232330322, 0.9857142567634583, 0.9846938848495483], [0.9859030842781067, 0.9885462522506714, 0.9894273281097412, 0.9911894202232361, 0.9964757561683655, 0.9982379078865051, 0.9982379078865051, 0.9938325881958008, 0.9894273281097412, 0.9867841601371765], [0.9970930218696594, 0.9961240291595459, 0.9912790656089783, 0.9777131676673889, 0.9709302186965942, 0.9660852551460266, 0.9651162624359131, 0.9689922332763672, 0.9757751822471619, 0.9874030947685242], [0.987128734588623, 0.9930692911148071, 0.996039628982544, 0.997029721736908, 0.9950494766235352, 0.9881188273429871, 0.9851484894752502, 0.9732673168182373, 0.9653465151786804, 0.9762375950813293], [0.9928717017173767, 0.9918533563613892, 0.9867616891860962, 0.9745417237281799, 0.9694501161575317, 0.9643584489822388, 0.9613034725189209, 0.9623218178749084, 0.9745417237281799, 0.9847250580787659], [0.9899103045463562, 0.9809417128562927, 0.9719731211662292, 0.9674887657165527, 0.9719731211662292, 0.9775784611701965, 0.9899103045463562, 0.9943946003913879, 0.9977578520774841, 0.9943946003913879], [0.9926931262016296, 0.9906054139137268, 0.9791231751441956, 0.9749478101730347, 0.9676409363746643, 0.9697285890579224, 0.9707724452018738, 0.9791231751441956, 0.9832985401153564, 0.9895615577697754], [0.9766536951065063, 0.981517493724823, 0.9892995953559875, 0.9902724027633667, 0.9883268475532532, 0.9795719981193542, 0.9688715934753418, 0.9562256932258606, 0.9630350470542908, 0.9678988456726074], [0.9496920108795166, 0.9466118812561035, 0.9568788409233093, 0.9671458005905151, 0.9733059406280518, 0.977412760257721, 0.987679660320282, 0.9928131699562073, 0.9866529703140259, 0.9712525606155396], [0.966303288936615, 0.9672943353652954, 0.9722497463226318, 0.9801784157752991, 0.9861248731613159, 0.9871159791946411, 0.9821605682373047, 0.9603567719459534, 0.9534192085266113, 0.9603567719459534]]",7.836595997214317,dfr,lenet,True,0.015744443982839584,0.9,1,completed,10.67734582722187,0.9466118812561035,outputs_final/lenet/dfr/N5000/seed1
0.9950000047683716,0.979366660118103,5000,0.9538000226020813,cuda,"[[0.9877551198005676, 0.9867346882820129, 0.9785714149475098, 0.9795918464660645, 0.9908163547515869, 0.9908163547515869, 0.9908163547515869, 0.9959183931350708, 0.9959183931350708, 0.9928571581840515], [0.9867841601371765, 0.9726872444152832, 0.9691630005836487, 0.9823788404464722, 0.9938325881958008, 0.9955947399139404, 0.9982379078865051, 1.0, 1.0, 0.9964757561683655], [0.998062014579773, 0.9970930218696594, 0.9874030947685242, 0.9767441749572754, 0.9738371968269348, 0.9709302186965942, 0.9757751822471619, 0.9728682041168213, 0.9835271239280701, 0.9970930218696594], [0.9544554352760315, 0.9603960514068604, 0.9653465151786804, 0.9792079329490662, 0.9910891056060791, 0.996039628982544, 0.9930692911148071, 0.9821782112121582, 0.9673267602920532, 0.9574257135391235], [0.9877800345420837, 0.9826883673667908, 0.9806517362594604, 0.9847250580787659, 0.9938900470733643, 0.9989816546440125, 0.9989816546440125, 0.9989816546440125, 0.9969450235366821, 0.9938900470733643], [0.9966367483139038, 0.9899103045463562, 0.9641255736351013, 0.9372197389602661, 0.9372197389602661, 0.9529147744178772, 0.9730941653251648, 0.9887892603874207, 0.9966367483139038, 0.9977578520774841], [0.9853861927986145, 0.9843423962593079, 0.9780793190002441, 0.9728600978851318, 0.9759916663169861, 0.9728600978851318, 0.9665970802307129, 0.9634655714035034, 0.9739039540290833, 0.9812108278274536], [0.9824903011322021, 0.981517493724823, 0.9873540997505188, 0.9951362013816833, 0.994163453578949, 0.9922178983688354, 0.9902724027633667, 0.9844357967376709, 0.9824903011322021, 0.9834630489349365], [0.9845995903015137, 0.9897330403327942, 0.9928131699562073, 0.9887063503265381, 0.9887063503265381, 0.9763860106468201, 0.9763860106468201, 0.9794661402702332, 0.9815195202827454, 0.9835729002952576], [0.9613478779792786, 0.9871159791946411, 0.9920713305473328, 0.9910802841186523, 0.9752230048179626, 0.9415262341499329, 0.9197224974632263, 0.9316154718399048, 0.9385530352592468, 0.9504460096359253]]",7.542862609028816,dfr,lenet,True,0.01684444397687912,0.9,2,completed,10.053219228982925,0.9197224974632263,outputs_final/lenet/dfr/N5000/seed2
0.9951000213623047,0.9783666729927063,5000,0.9506000280380249,cuda,"[[0.9948979616165161, 0.9928571581840515, 0.9867346882820129, 0.9867346882820129, 0.9897959232330322, 0.9959183931350708, 0.9969387650489807, 0.9959183931350708, 0.9959183931350708, 0.9948979616165161], [0.9982379078865051, 0.9964757561683655, 0.992951512336731, 0.9903083443641663, 0.9920704960823059, 0.992951512336731, 0.992951512336731, 0.992951512336731, 0.9964757561683655, 0.9973568320274353], [0.9680232405662537, 0.981589138507843, 0.9912790656089783, 0.9941860437393188, 0.9951550364494324, 0.9864341020584106, 0.9699612259864807, 0.9651162624359131, 0.9651162624359131, 0.9660852551460266], [0.9801980257034302, 0.9712871313095093, 0.9623762369155884, 0.9603960514068604, 0.9554455280303955, 0.9742574095726013, 0.9940593838691711, 0.999009907245636, 0.998019814491272, 0.9900990128517151], [0.9877800345420837, 0.9775967597961426, 0.9633401036262512, 0.9551934599876404, 0.958248496055603, 0.9867616891860962, 0.9938900470733643, 0.9979633688926697, 0.9979633688926697, 0.9928717017173767], [0.9742152690887451, 0.9730941653251648, 0.9753363132476807, 0.9798206090927124, 0.9843049049377441, 0.9899103045463562, 0.9831838607788086, 0.9607623219490051, 0.9585201740264893, 0.9674887657165527], [0.9947807788848877, 0.9947807788848877, 0.9916492700576782, 0.9812108278274536, 0.9749478101730347, 0.968684732913971, 0.9749478101730347, 0.9749478101730347, 0.9812108278274536, 0.9906054139137268], [0.9922178983688354, 0.9902724027633667, 0.975680947303772, 0.9591439962387085, 0.9377431869506836, 0.9435797929763794, 0.9533073902130127, 0.9776264429092407, 0.9912451505661011, 0.9931906461715698], [0.9825462102890015, 0.9907597303390503, 0.9917864203453064, 0.987679660320282, 0.966119110584259, 0.9353182911872864, 0.9353182911872864, 0.9496920108795166, 0.9671458005905151, 0.9702258706092834], [0.9653121829032898, 0.9643211364746094, 0.9742318987846375, 0.9890981316566467, 0.9940535426139832, 0.9910802841186523, 0.9821605682373047, 0.9702675938606262, 0.969276487827301, 0.9653121829032898]]",7.662731319665909,dfr,lenet,True,0.01778888888657093,0.9,3,completed,9.488775059580803,0.9353182911872864,outputs_final/lenet/dfr/N5000/seed3
0.9941999912261963,0.9775111079216003,5000,0.9502000212669373,cuda,"[[0.9948979616165161, 0.9948979616165161, 0.9877551198005676, 0.9795918464660645, 0.9785714149475098, 0.9826530814170837, 0.9887754917144775, 0.9897959232330322, 0.9897959232330322, 0.9938775300979614], [0.9779735803604126, 0.976211428642273, 0.9841409921646118, 0.9947136640548706, 0.9955947399139404, 0.9964757561683655, 0.9920704960823059, 0.9876651763916016, 0.983259916305542, 0.9788545966148376], [0.9893410801887512, 0.9777131676673889, 0.9738371968269348, 0.9709302186965942, 0.9709302186965942, 0.9689922332763672, 0.9718992114067078, 0.9825581312179565, 0.9874030947685242, 0.9932170510292053], [0.9752475023269653, 0.9762375950813293, 0.9732673168182373, 0.9712871313095093, 0.9841583967208862, 0.9910891056060791, 0.997029721736908, 0.9881188273429871, 0.9693069458007812, 0.9633663296699524], [0.9735234379768372, 0.9704684615135193, 0.9714867472648621, 0.9694501161575317, 0.9663951396942139, 0.981670081615448, 0.994908332824707, 0.9959266781806946, 0.9938900470733643, 0.981670081615448], [0.9820627570152283, 0.9876681566238403, 0.9955157041549683, 0.9943946003913879, 0.9943946003913879, 0.9831838607788086, 0.9596412777900696, 0.976457417011261, 0.9831838607788086, 0.9854260087013245], [0.9791231751441956, 0.9874739050865173, 0.9937369227409363, 0.9895615577697754, 0.9853861927986145, 0.980167031288147, 0.968684732913971, 0.9697285890579224, 0.968684732913971, 0.9728600978851318], [0.9785992503166199, 0.9708171486854553, 0.9717898964881897, 0.9737353920936584, 0.9747081995010376, 0.9727626442909241, 0.9892995953559875, 0.9970816969871521, 0.9961089491844177, 0.9892995953559875], [0.9897330403327942, 0.9928131699562073, 0.9907597303390503, 0.977412760257721, 0.9671458005905151, 0.966119110584259, 0.9722792506217957, 0.9650924205780029, 0.9630390405654907, 0.9722792506217957], [0.9444994926452637, 0.9435084462165833, 0.9554013609886169, 0.9722497463226318, 0.9841427206993103, 0.9881070256233215, 0.9801784157752991, 0.9524281620979309, 0.9256689548492432, 0.9385530352592468]]",7.984886139631271,dfr,lenet,True,0.01805555634200573,0.9,4,completed,9.743056297302246,0.9256689548492432,outputs_final/lenet/dfr/N5000/seed4
1.0,0.0953555554151535,0,0.0,cuda,"[[0.0, 0.0, 0.004081632476300001, 0.9673469662666321, 1.0, 0.33877551555633545, 0.0, 0.0, 0.0, 0.0], [0.6704846024513245, 1.0, 0.7806167602539062, 0.0, 0.0, 0.0, 0.0, 0.0, 0.0, 0.0], [0.0, 0.0, 0.0, 0.0, 0.0, 0.0, 0.0009689922444522381, 1.0, 0.14825581014156342, 0.0], [0.0, 0.0, 0.0, 0.0019801980815827847, 0.7168316841125488, 1.0, 0.0, 0.0, 0.0, 0.0], [0.0, 0.0, 0.009164969436824322, 1.0, 0.9796333909034729, 0.0, 0.0, 0.0, 0.0, 0.0], [0.4125560522079468, 0.0, 0.0, 0.0, 0.0, 0.0, 0.0, 0.0, 0.5728699564933777, 1.0], [1.0, 0.9645093679428101, 0.0, 0.0, 0.0, 0.0, 0.0, 0.0, 0.0, 0.011482254602015018], [0.0009727626456879079, 0.0, 0.0, 0.0, 0.0, 0.0, 0.0, 0.5671206116676331, 1.0, 0.7227626442909241], [0.0, 0.0, 0.0, 0.0, 0.0, 0.0, 1.0, 0.0, 0.0, 0.0], [0.0, 0.6521308422088623, 1.0, 0.0009910803055390716, 0.0, 0.0, 0.0, 0.0, 0.0, 0.0]]",6.031465783715248,erm,lenet,False,0.9046444296836853,1.0,0,completed,105.16231252253056,0.0,outputs_final/lenet/erm/N0/seed0
0.9998999834060669,0.060955554246902466,0,0.0,cuda,"[[0.0, 0.0, 0.0, 0.0, 0.4020408093929291, 0.9989795684814453, 0.9693877696990967, 0.0, 0.0, 0.0], [0.0, 0.0, 0.0, 0.025550661608576775, 0.24405285716056824, 0.9718061685562134, 1.0, 0.09427312761545181, 0.0, 0.0], [0.19961240887641907, 1.0, 0.0038759689778089523, 0.0, 0.0, 0.0, 0.0, 0.0, 0.0, 0.0], [0.0, 0.01287128683179617, 1.0, 0.3227722644805908, 0.0, 0.0, 0.0, 0.0, 0.0, 0.0], [1.0, 0.2474541813135147, 0.0, 0.0, 0.0, 0.0, 0.0, 0.0, 0.0, 0.3095723092556], [0.0, 0.0, 0.0, 0.0, 0.0, 0.0, 0.0, 0.0, 1.0, 0.3598654568195343], [0.01252609584480524, 0.0, 0.0, 0.0, 0.0, 0.0, 0.0, 0.0, 0.04279749467968941, 1.0], [0.0, 0.0, 0.15175096690654755, 1.0, 0.06906614452600479, 0.0, 0.0, 0.0, 0.0, 0.0], [0.0, 0.0, 0.0, 0.0, 0.0, 0.0, 0.0, 1.0, 0.0, 0.0], [0.0, 0.0, 0.0, 0.0009910803055390716, 1.0, 0.9197224974632263, 0.0, 0.0, 0.0, 0.0]]",7.394907057285309,erm,lenet,False,0.9390333294868469,1.0,1,completed,89.87441691756248,0.0,outputs_final/lenet/erm/N0/seed1
1.0,0.048011112958192825,0,0.0,cuda,"[[0.0, 0.0, 0.0, 0.0, 0.0, 0.0, 0.005102040711790323, 0.9622448682785034, 1.0, 0.0020408162381500006], [0.0, 0.0, 0.0, 0.0, 0.0, 0.0, 0.08810572326183319, 1.0, 0.8193832635879517, 0.0], [0.22577519714832306, 1.0, 0.05038759857416153, 0.0, 0.0, 0.0, 0.0, 0.0, 0.0, 0.0], [0.0, 0.0, 0.0, 0.0, 0.011881188489496708, 1.0, 0.38019803166389465, 0.0, 0.0, 0.0], [0.0, 0.0, 0.0, 0.0, 0.0, 0.4083503186702728, 1.0, 0.27189409732818604, 0.0, 0.0], [0.40582960844039917, 0.0, 0.0, 0.0, 0.0, 0.0, 0.0, 0.0, 0.3497757911682129, 1.0], [1.0, 0.04488517716526985, 0.0, 0.0, 0.0, 0.0, 0.0, 0.0, 0.0, 0.001043841359205544], [0.0, 0.0, 0.0, 0.032101165503263474, 1.0, 0.04280155524611473, 0.0, 0.0, 0.0, 0.0], [0.0, 0.0, 1.0, 0.005133470054715872, 0.0, 0.0, 0.0, 0.0, 0.0, 0.0], [0.0, 0.0, 0.19028741121292114, 1.0, 0.0, 0.0, 0.0, 0.0, 0.0, 0.0]]",6.624040931463242,erm,lenet,False,0.9519888758659363,1.0,2,completed,109.19032093882561,0.0,outputs_final/lenet/erm/N0/seed2
1.0,0.08444444090127945,0,0.0,cuda,"[[0.0, 0.0, 0.0, 0.0, 0.0, 0.0010204081190750003, 1.0, 0.08775509893894196, 0.0, 0.0], [1.0, 0.8343612551689148, 0.0008810572908259928, 0.0, 0.0, 0.0, 0.0, 0.0, 0.0, 0.0969163030385971], [0.0, 0.0, 0.32461240887641907, 1.0, 0.8323643207550049, 0.0, 0.0, 0.0, 0.0, 0.0], [0.0, 0.0, 0.0, 0.0, 0.0, 0.0, 0.40693068504333496, 1.0, 0.6405940651893616, 0.0], [0.0, 0.0, 0.0, 0.0, 0.0, 0.0, 0.0, 0.2525458335876465, 1.0, 0.02545824833214283], [0.0, 0.0, 0.0, 0.0, 0.1065022423863411, 1.0, 0.14573991298675537, 0.0, 0.0, 0.0], [0.8914405107498169, 1.0, 0.18580375611782074, 0.0, 0.0, 0.0, 0.0, 0.0, 0.0, 0.0], [0.6050583720207214, 0.0, 0.0, 0.0, 0.0, 0.0, 0.0, 0.0, 0.5379377603530884, 1.0], [0.0, 0.6026694178581238, 1.0, 0.0277207400649786, 0.0, 0.0, 0.0, 0.0, 0.0, 0.0], [0.0, 0.0, 0.0, 0.8493558168411255, 1.0, 0.02675916813313961, 0.0, 0.0, 0.0, 0.0]]",6.172622263431549,erm,lenet,False,0.9155555367469788,1.0,3,completed,86.22240723669529,0.0,outputs_final/lenet/erm/N0/seed3
0.9998000264167786,0.0665111094713211,0,0.0,cuda,"[[1.0, 0.1795918345451355, 0.0, 0.0, 0.0, 0.0, 0.0, 0.0, 0.0, 0.0], [0.0, 0.0, 0.0, 0.9462555050849915, 0.9991189241409302, 0.7621145248413086, 0.0, 0.0, 0.0, 0.0], [0.3856589198112488, 0.0, 0.0, 0.0, 0.0, 0.0, 0.0, 0.0, 0.01744186133146286, 1.0], [0.0, 0.0, 0.0, 0.0, 0.0, 0.01881188154220581, 1.0, 0.22673267126083374, 0.0, 0.0], [0.0, 0.0, 0.0, 0.0, 0.0, 0.0, 0.46741345524787903, 1.0, 0.0020366599783301353, 0.0], [0.0, 0.0, 0.713004469871521, 1.0, 0.9753363132476807, 0.011210761964321136, 0.0, 0.0, 0.0, 0.0], [0.0, 0.2557411193847656, 0.9989561438560486, 0.06889352947473526, 0.0, 0.0, 0.0, 0.0, 0.0, 0.0], [0.0, 0.0, 0.0, 0.0, 0.0, 0.0, 0.0, 0.2626459002494812, 1.0, 0.04182879254221916], [0.058521561324596405, 1.0, 0.1119096502661705, 0.0, 0.0, 0.0, 0.0, 0.0, 0.0, 0.0], [0.0, 0.0, 0.0, 0.0, 0.4360753297805786, 1.0, 0.0, 0.0, 0.0, 0.0]]",7.279370665550232,erm,lenet,False,0.9334555268287659,1.0,4,completed,95.19660995900631,0.0,outputs_final/lenet/erm/N0/seed4
0.9986000061035156,0.5184333324432373,100,0.0940999984741211,cuda,"[[0.5510203838348389, 0.6581632494926453, 0.9265305995941162, 0.9969387650489807, 0.9989795684814453, 0.9969387650489807, 0.7969387769699097, 0.3571428656578064, 0.48469388484954834, 0.5540816187858582], [0.8819383382797241, 0.9964757561683655, 0.9903083443641663, 0.7180616855621338, 0.23700439929962158, 0.17004404962062836, 0.1189427301287651, 0.2537444829940796, 0.12775330245494843, 0.4273127615451813], [0.8856589198112488, 0.6676356792449951, 0.6472868323326111, 0.47093021869659424, 0.07848837226629257, 0.20348836481571198, 0.8856589198112488, 1.0, 0.9825581312179565, 0.8333333134651184], [0.13762375712394714, 0.4029702842235565, 0.6881188154220581, 0.9851484894752502, 0.999009907245636, 1.0, 0.8980197906494141, 0.37821781635284424, 0.08118811994791031, 0.03762376308441162], [0.29429733753204346, 0.10183299332857132, 0.7372708916664124, 0.9979633688926697, 0.981670081615448, 0.7158859372138977, 0.4460285007953644, 0.3085539638996124, 0.5366598963737488, 0.5112016201019287], [0.9809417128562927, 0.7903587222099304, 0.5952914953231812, 0.48766815662384033, 0.29820626974105835, 0.33183857798576355, 0.6614349484443665, 0.9618834257125854, 1.0, 1.0], [0.9989561438560486, 0.9968684911727905, 0.9770354628562927, 0.8590814471244812, 0.5302714109420776, 0.44154489040374756, 0.31837159395217896, 0.7045928835868835, 0.6889352798461914, 0.9102296233177185], [0.8171206116676331, 0.35214006900787354, 0.25486379861831665, 0.3336575925350189, 0.0719844326376915, 0.055447470396757126, 0.5865758657455444, 0.7324903011322021, 0.994163453578949, 0.9863813519477844], [0.30287474393844604, 0.6067761778831482, 0.5369609594345093, 0.290554404258728, 0.06262833625078201, 0.20328542590141296, 1.0, 0.5790554285049438, 0.03490759804844856, 0.006160164251923561], [0.9296333193778992, 0.9871159791946411, 1.0, 0.45986124873161316, 0.008919722400605679, 0.0, 0.030723487958312035, 0.0009910803055390716, 0.0, 0.06045589596033096]]",6.063157647848129,erm,lenet,False,0.4811444580554962,0.998,0,completed,114.35816049575806,0.0,outputs_final/lenet/erm/N100/seed0
0.9994000196456909,0.5522666573524475,100,0.13529999554157257,cuda,"[[0.7734693884849548, 0.4642857015132904, 0.40918368101119995, 0.7020407915115356, 0.949999988079071, 0.9979591965675354, 0.9928571581840515, 0.6653061509132385, 0.6581632494926453, 0.3989796042442322], [0.6801761984825134, 0.9268722534179688, 0.8634361028671265, 0.8096916079521179, 0.9145374298095703, 0.992951512336731, 1.0, 0.933039665222168, 0.8537445068359375, 0.740969181060791], [0.9593023061752319, 0.9990310072898865, 0.6734496355056763, 0.10658914595842361, 0.03875968977808952, 0.05038759857416153, 0.08042635768651962, 0.09205426275730133, 0.2509689927101135, 0.731589138507843], [0.8613861203193665, 0.8514851331710815, 1.0, 0.9801980257034302, 0.3762376308441162, 0.12871287763118744, 0.19009901583194733, 0.35148516297340393, 0.34257426857948303, 0.7138614058494568], [1.0, 0.994908332824707, 0.8492871522903442, 0.5224032402038574, 0.2820774018764496, 0.3686354458332062, 0.4521384835243225, 0.5977596640586853, 0.8105906248092651, 0.9653767943382263], [0.5526905655860901, 0.26569506525993347, 0.1603139042854309, 0.4405829608440399, 0.34192824363708496, 0.3004484176635742, 0.4360986649990082, 0.6917040348052979, 0.9977578520774841, 0.8352017998695374], [0.9373695254325867, 0.3903966546058655, 0.4290187954902649, 0.7839248180389404, 0.7473903894424438, 0.650313138961792, 0.5459290146827698, 0.6774530410766602, 0.9812108278274536, 0.9989561438560486], [0.5992217659950256, 0.6780155897140503, 0.8920233249664307, 1.0, 0.7101167440414429, 0.2315175086259842, 0.07976653426885605, 0.43287938833236694, 0.5778210163116455, 0.6099221706390381], [0.41889116168022156, 0.08932238072156906, 0.07186858355998993, 0.24845996499061584, 0.029774127528071404, 0.09856262803077698, 0.638603687286377, 1.0, 0.9229979515075684, 0.5841889381408691], [0.013875124044716358, 0.02180376648902893, 0.06541129946708679, 0.9008919596672058, 1.0, 0.9871159791946411, 0.7988107204437256, 0.34192270040512085, 0.6412289142608643, 0.14271555840969086]]",7.241189137101173,erm,lenet,False,0.4475555419921875,0.998,1,completed,99.38921143114567,0.013875124044716358,outputs_final/lenet/erm/N100/seed1
0.9995999932289124,0.564477801322937,100,0.15520000457763672,cuda,"[[0.5081632733345032, 0.20204082131385803, 0.29591837525367737, 0.15102040767669678, 0.33367347717285156, 0.7418367266654968, 0.8693877458572388, 0.9918367266654968, 0.9989795684814453, 0.9938775300979614], [0.8616740107536316, 0.7885462641716003, 0.6493391990661621, 0.6757709383964539, 0.6167401075363159, 0.43259912729263306, 0.9691630005836487, 1.0, 1.0, 0.9550660848617554], [0.9835271239280701, 1.0, 0.8972868323326111, 0.41472867131233215, 0.223837211728096, 0.35755813121795654, 0.569767415523529, 0.3449612259864807, 0.283914715051651, 0.7461240291595459], [0.20891089737415314, 0.29207921028137207, 0.42574256658554077, 0.45148515701293945, 0.9594059586524963, 1.0, 0.9772277474403381, 0.5405940413475037, 0.2782178223133087, 0.16534653306007385], [0.5112016201019287, 0.5682281255722046, 0.5509164929389954, 0.3391038775444031, 0.5784114003181458, 0.9959266781806946, 1.0, 0.9399185180664062, 0.699592649936676, 0.49185335636138916], [0.9517937302589417, 0.7645739912986755, 0.44170403480529785, 0.4002242088317871, 0.560538113117218, 0.48878923058509827, 0.6995515823364258, 0.9136771559715271, 0.9562780261039734, 0.9988788962364197], [0.9989561438560486, 0.9989561438560486, 0.8455114960670471, 0.5501043796539307, 0.6868476271629333, 0.6471816301345825, 0.29018789529800415, 0.4008350670337677, 0.22755740582942963, 0.7818371653556824], [0.783073902130127, 0.4591439664363861, 0.7062256932258606, 0.9581711888313293, 0.9990272521972656, 0.7879377603530884, 0.5865758657455444, 0.6001945734024048, 0.7373540997505188, 0.9017509818077087], [0.07289527356624603, 0.6149897575378418, 1.0, 0.9065708518028259, 0.4856262803077698, 0.10369610041379929, 0.06057494878768921, 0.041067760437726974, 0.009240246377885342, 0.0], [0.20416253805160522, 0.33994054794311523, 0.8334985375404358, 1.0, 0.24380575120449066, 0.13776016235351562, 0.04459861293435097, 0.5431119799613953, 0.7561942338943481, 0.25668978691101074]]",6.017985001206398,erm,lenet,False,0.43540000915527344,0.998,2,completed,101.37954491376877,0.0,outputs_final/lenet/erm/N100/seed2
0.9994999766349792,0.5526000261306763,100,0.13349999487400055,cuda,"[[0.8142856955528259, 0.5020408034324646, 0.36734694242477417, 0.40510204434394836, 0.6142857074737549, 0.9928571581840515, 0.9989795684814453, 0.9867346882820129, 0.9632652997970581, 0.8285714387893677], [0.9982379078865051, 0.949779748916626, 0.6466960310935974, 0.44581496715545654, 0.4387665092945099, 0.700440526008606, 0.45991188287734985, 0.18942731618881226, 0.2572687268257141, 0.9612334966659546], [0.4854651093482971, 0.7722868323326111, 0.9670542478561401, 1.0, 1.0, 0.9641472697257996, 0.557170569896698, 0.10852713137865067, 0.27810078859329224, 0.32364341616630554], [0.6693069338798523, 0.3128712773323059, 0.29207921028137207, 0.3772277235984802, 0.44257426261901855, 0.6732673048973083, 0.998019814491272, 1.0, 0.9950494766235352, 0.8455445766448975], [0.7250509262084961, 0.6109979748725891, 0.637474536895752, 0.49898168444633484, 0.3584521412849426, 0.6211812496185303, 0.8716904520988464, 0.9735234379768372, 1.0, 0.951120138168335], [0.689461886882782, 0.39237669110298157, 0.08744394779205322, 0.4237668216228485, 0.8587443828582764, 1.0, 0.8744394779205322, 0.19058296084403992, 0.21748879551887512, 0.605381190776825], [0.9958246350288391, 0.9989561438560486, 0.9832985401153564, 0.7275574207305908, 0.630480170249939, 0.5908141732215881, 0.6764091849327087, 0.719206690788269, 0.4916492700576782, 0.9603340029716492], [0.9844357967376709, 0.8560311198234558, 0.4747081696987152, 0.16342411935329437, 0.08171205967664719, 0.17120622098445892, 0.1468871533870697, 0.15175096690654755, 0.8920233249664307, 1.0], [0.5903490781784058, 0.9178645014762878, 1.0, 0.9137576818466187, 0.2299794703722, 0.006160164251923561, 0.002053388161584735, 0.00821355264633894, 0.1704312115907669, 0.3480492830276489], [0.0, 0.17938552796840668, 0.4697720408439636, 0.9762140512466431, 0.9990088939666748, 0.9385530352592468, 0.14271555840969086, 0.0, 0.0, 0.0]]",7.440671414136887,erm,lenet,False,0.4473111033439636,0.998,3,completed,92.74092191457748,0.0,outputs_final/lenet/erm/N100/seed3
0.9947999715805054,0.637677788734436,100,0.2176000028848648,cuda,"[[1.0, 0.9989795684814453, 0.9459183812141418, 0.827551007270813, 0.9765306115150452, 0.9510204195976257, 0.7561224699020386, 0.5214285850524902, 0.6285714507102966, 0.9734693765640259], [0.7022026181221008, 0.8061674237251282, 0.9180616736412048, 0.9955947399139404, 0.9973568320274353, 0.9788545966148376, 0.9145374298095703, 0.8299559354782104, 0.6616740226745605, 0.7700440287590027], [0.9893410801887512, 0.930232584476471, 0.6763566136360168, 0.6598837375640869, 0.604651153087616, 0.4244185984134674, 0.6182170510292053, 0.6986433863639832, 0.9563953280448914, 1.0], [0.0623762384057045, 0.36336633563041687, 0.6336633563041687, 0.8138613700866699, 0.907920777797699, 0.9831683039665222, 0.999009907245636, 0.8485148549079895, 0.15544554591178894, 0.020792080089449883], [0.1476578414440155, 0.3095723092556, 0.5376781821250916, 0.4796333909034729, 0.204684317111969, 0.4429735243320465, 1.0, 1.0, 0.8747454285621643, 0.5061099529266357], [0.30829596519470215, 0.45179373025894165, 0.8890134692192078, 0.9932735562324524, 0.9192824959754944, 0.4170403480529785, 0.463004469871521, 0.7040358781814575, 0.5672645568847656, 0.37443944811820984], [0.42588725686073303, 0.8235908150672913, 0.9926931262016296, 0.9895615577697754, 0.905010461807251, 0.7359081506729126, 0.7797494530677795, 0.8016701340675354, 0.8246346712112427, 0.6075156331062317], [0.7295719981193542, 0.8083657622337341, 0.8268482685089111, 0.8093385100364685, 0.5437743067741394, 0.33657586574554443, 0.8103112578392029, 0.9980545043945312, 0.9990272521972656, 0.9260700345039368], [0.17967145144939423, 0.9691991806030273, 0.9989733099937439, 0.8850102424621582, 0.4928131401538849, 0.10369610041379929, 0.13757699728012085, 0.08008213341236115, 0.0030800821259617805, 0.0], [0.6570862531661987, 0.6342913508415222, 0.7333993911743164, 0.9326065182685852, 0.9910802841186523, 0.9960356950759888, 0.35976213216781616, 0.0, 0.0, 0.05550049617886543]]",5.807979062199593,erm,lenet,False,0.3617999851703644,0.998,4,completed,70.72908560931683,0.0,outputs_final/lenet/erm/N100/seed4
0.9976999759674072,0.8993555307388306,1000,0.7167999744415283,cuda,"[[0.9693877696990967, 0.9653061032295227, 0.9775510430335999, 0.9948979616165161, 0.9979591965675354, 0.9948979616165161, 0.9255102276802063, 0.9693877696990967, 0.9734693765640259, 0.9734693765640259], [0.9876651763916016, 0.9964757561683655, 0.9982379078865051, 0.9841409921646118, 0.9480175971984863, 0.9127753376960754, 0.8414096832275391, 0.8731277585029602, 0.9259911775588989, 0.9744493365287781], [0.9350775480270386, 0.940891444683075, 0.9031007885932922, 0.8255813717842102, 0.7083333134651184, 0.7839147448539734, 0.8875969052314758, 1.0, 0.9893410801887512, 0.9505813717842102], [0.893069326877594, 0.9217821955680847, 0.8861386179924011, 0.9920791983604431, 0.999009907245636, 0.999009907245636, 0.9445544481277466, 0.9108911156654358, 0.8504950404167175, 0.8148514628410339], [0.8716904520988464, 0.8279022574424744, 0.8574337959289551, 0.9979633688926697, 0.9979633688926697, 0.9826883673667908, 0.7912423610687256, 0.8360489010810852, 0.8930753469467163, 0.8930753469467163], [0.9932735562324524, 0.9540358781814575, 0.8520179390907288, 0.8520179390907288, 0.7578475475311279, 0.7399103045463562, 0.7466367483139038, 0.9820627570152283, 0.9977578520774841, 0.9988788962364197], [0.9958246350288391, 0.9947807788848877, 0.9864300489425659, 0.9676409363746643, 0.9290187954902649, 0.9206680655479431, 0.9018788933753967, 0.9665970802307129, 0.9697285890579224, 0.9864300489425659], [0.9805447459220886, 0.8531128168106079, 0.5622568130493164, 0.6546692848205566, 0.6819066405296326, 0.7159532904624939, 0.7568093538284302, 0.9445525407791138, 0.9951362013816833, 0.9980545043945312], [0.8603696227073669, 0.9034907817840576, 0.9178645014762878, 0.882956862449646, 0.8285421133041382, 0.9486653208732605, 0.9989733099937439, 0.9825462102890015, 0.8603696227073669, 0.7843942642211914], [0.9682854413986206, 0.9871159791946411, 0.9970267415046692, 0.9772051572799683, 0.8325074315071106, 0.8315163254737854, 0.8235877156257629, 0.8810703754425049, 0.8414271473884583, 0.894945502281189]]",7.493394091725349,erm,lenet,True,0.09938888996839523,0.98,0,completed,113.99477003514767,0.5622568130493164,outputs_final/lenet/erm/N1000/seed0
0.9976000189781189,0.8921555280685425,1000,0.6830000281333923,cuda,"[[0.7438775300979614, 0.9071428775787354, 0.9632652997970581, 0.9836734533309937, 0.9948979616165161, 0.9959183931350708, 0.9846938848495483, 0.9061224460601807, 0.7551020383834839, 0.6071428656578064], [0.9436123371124268, 0.9779735803604126, 0.9638766646385193, 0.9629955887794495, 0.9859030842781067, 0.9982379078865051, 1.0, 0.9453744292259216, 0.9154185056686401, 0.900440514087677], [0.9912790656089783, 0.9990310072898865, 0.963178277015686, 0.8246123790740967, 0.8062015771865845, 0.8246123790740967, 0.8391472697257996, 0.8023256063461304, 0.875, 0.9583333134651184], [0.9752475023269653, 0.9801980257034302, 1.0, 0.9940593838691711, 0.9366336464881897, 0.8594059348106384, 0.7821782231330872, 0.8405940532684326, 0.8564356565475464, 0.9366336464881897], [0.9969450235366821, 0.9989816546440125, 0.9928717017173767, 0.9368635416030884, 0.8665987849235535, 0.8543788194656372, 0.8289205431938171, 0.8085539937019348, 0.9134419560432434, 0.9735234379768372], [0.8890134692192078, 0.823991060256958, 0.773542582988739, 0.9047085046768188, 0.8991031646728516, 0.8677130341529846, 0.8228699564933777, 0.9529147744178772, 0.9966367483139038, 0.963004469871521], [0.9979122877120972, 0.9864300489425659, 0.9885177612304688, 0.9853861927986145, 0.9853861927986145, 0.9770354628562927, 0.9655532240867615, 0.968684732913971, 0.9926931262016296, 0.9989561438560486], [0.8540856242179871, 0.8667315244674683, 0.9708171486854553, 0.9980545043945312, 0.9766536951065063, 0.9085603356361389, 0.7626459002494812, 0.8394941687583923, 0.8959143757820129, 0.881322979927063], [0.6078028678894043, 0.592402458190918, 0.7371663451194763, 0.9168378114700317, 0.9147843718528748, 0.9466118812561035, 0.9815195202827454, 1.0, 0.9620122909545898, 0.7412731051445007], [0.6263627409934998, 0.6788899898529053, 0.830525279045105, 0.9613478779792786, 0.9900891780853271, 0.9851337671279907, 0.901883065700531, 0.759167492389679, 0.8850346803665161, 0.8414271473884583]]",7.495524048805237,erm,lenet,False,0.10624444484710693,0.98,1,completed,110.22865143418312,0.592402458190918,outputs_final/lenet/erm/N1000/seed1
0.9976000189781189,0.9142000079154968,1000,0.7541000247001648,cuda,"[[0.9663265347480774, 0.9397959113121033, 0.9571428298950195, 0.8959183692932129, 0.954081654548645, 0.9775510430335999, 0.9897959232330322, 0.9969387650489807, 0.9989795684814453, 0.9928571581840515], [0.983259916305542, 0.9577092528343201, 0.933039665222168, 0.9585903286933899, 0.9823788404464722, 0.9894273281097412, 0.9991189241409302, 1.0, 1.0, 0.9973568320274353], [0.9970930218696594, 1.0, 0.9874030947685242, 0.9156976938247681, 0.8129844665527344, 0.7858527302742004, 0.7209302186965942, 0.6056201457977295, 0.7044573426246643, 0.9350775480270386], [0.896039605140686, 0.8910890817642212, 0.8821782469749451, 0.9029703140258789, 0.9920791983604431, 0.999009907245636, 1.0, 0.9801980257034302, 0.9376237392425537, 0.8871287107467651], [0.9378818869590759, 0.8828920722007751, 0.8217922449111938, 0.8258655667304993, 0.9562118053436279, 1.0, 0.9989816546440125, 0.9938900470733643, 0.9663951396942139, 0.951120138168335], [0.9977578520774841, 0.9820627570152283, 0.8565022349357605, 0.7073991298675537, 0.7937219738960266, 0.8520179390907288, 0.9417040348052979, 0.9887892603874207, 0.9977578520774841, 0.9988788962364197], [0.9895615577697754, 0.9947807788848877, 0.982254683971405, 0.9373695254325867, 0.942588746547699, 0.9331941604614258, 0.9060542583465576, 0.8434237837791443, 0.8267223238945007, 0.9091858267784119], [0.8725680708885193, 0.8657587766647339, 0.9494163393974304, 0.9834630489349365, 0.9970816969871521, 0.9824903011322021, 0.938715934753418, 0.8939688801765442, 0.8959143757820129, 0.911478579044342], [0.849075973033905, 0.9589322209358215, 0.9938398599624634, 0.978439450263977, 0.8932238221168518, 0.7956879138946533, 0.8439425230026245, 0.8100615739822388, 0.755646824836731, 0.7351129651069641], [0.8959365487098694, 0.9454905986785889, 0.9890981316566467, 0.9990088939666748, 0.9563924670219421, 0.8602576851844788, 0.8582755327224731, 0.9197224974632263, 0.935579776763916, 0.8969276547431946]]",5.699443340301514,erm,lenet,True,0.0844888910651207,0.98,2,completed,96.88595959544182,0.6056201457977295,outputs_final/lenet/erm/N1000/seed2
0.9979000091552734,0.9066888689994812,1000,0.7387999892234802,cuda,"[[0.9663265347480774, 0.968367338180542, 0.9632652997970581, 0.954081654548645, 0.9704081416130066, 0.9979591965675354, 0.9979591965675354, 0.9979591965675354, 0.9887754917144775, 0.9704081416130066], [1.0, 0.9982379078865051, 0.9735682606697083, 0.9453744292259216, 0.9629955887794495, 0.976211428642273, 0.9700440764427185, 0.9638766646385193, 0.9885462522506714, 0.9973568320274353], [0.7732558250427246, 0.9282945990562439, 0.9854651093482971, 0.9970930218696594, 0.9932170510292053, 0.944767415523529, 0.6531007885932922, 0.5513566136360168, 0.7238371968269348, 0.7674418687820435], [0.9435643553733826, 0.9485148787498474, 0.9485148787498474, 0.9326732754707336, 0.9207921028137207, 0.9495049715042114, 0.997029721736908, 1.0, 0.997029721736908, 0.9762375950813293], [0.9317718744277954, 0.9012219905853271, 0.8961303234100342, 0.842158854007721, 0.7871690392494202, 0.9052953124046326, 0.9898167252540588, 0.9989816546440125, 0.9989816546440125, 0.9908350110054016], [0.9517937302589417, 0.9517937302589417, 0.9192824959754944, 0.9484304785728455, 0.9854260087013245, 0.9988788962364197, 0.9697309136390686, 0.8497757911682129, 0.8520179390907288, 0.9204035997390747], [0.9916492700576782, 0.9958246350288391, 0.9906054139137268, 0.9561586380004883, 0.907098114490509, 0.7713987231254578, 0.8340292572975159, 0.8538622260093689, 0.8851774334907532, 0.9634655714035034], [0.9951362013816833, 0.9776264429092407, 0.9426069855690002, 0.8589494228363037, 0.7976653575897217, 0.8210116624832153, 0.8161478638648987, 0.8929961323738098, 0.9892995953559875, 0.9980545043945312], [0.8480492830276489, 0.9702258706092834, 0.9917864203453064, 0.9640657305717468, 0.7505133748054504, 0.6098562479019165, 0.6211498975753784, 0.6262833476066589, 0.755646824836731, 0.7967146039009094], [0.9068384766578674, 0.9375619292259216, 0.9653121829032898, 0.9990088939666748, 1.0, 0.9910802841186523, 0.9405351877212524, 0.8761149644851685, 0.8225966095924377, 0.837462842464447]]",7.461509197950363,erm,lenet,True,0.09207777678966522,0.98,3,completed,94.43438942730427,0.5513566136360168,outputs_final/lenet/erm/N1000/seed3
0.9972000122070312,0.8875444531440735,1000,0.6590999960899353,cuda,"[[0.9989795684814453, 0.9959183931350708, 0.9836734533309937, 0.9714285731315613, 0.9295918345451355, 0.8918367624282837, 0.9591836929321289, 0.9530612230300903, 0.9877551198005676, 0.9969387650489807], [0.9594713449478149, 0.9453744292259216, 0.9823788404464722, 0.9982379078865051, 1.0, 0.9982379078865051, 0.9806167483329773, 0.9585903286933899, 0.9726872444152832, 0.9629955887794495], [0.9932170510292053, 0.9689922332763672, 0.9544573426246643, 0.9147287011146545, 0.856589138507843, 0.8691860437393188, 0.7926356792449951, 0.9156976938247681, 0.9748061895370483, 0.9990310072898865], [0.9168316721916199, 0.9396039843559265, 0.8980197906494141, 0.7534653544425964, 0.6653465628623962, 0.894059419631958, 0.998019814491272, 0.986138641834259, 0.905940592288971, 0.8514851331710815], [0.9215885996818542, 0.9551934599876404, 0.914460301399231, 0.8279022574424744, 0.7423624992370605, 0.8014256358146667, 0.9918533563613892, 1.0, 0.9918533563613892, 0.9623218178749084], [0.9551569223403931, 0.9585201740264893, 0.9899103045463562, 0.9910314083099365, 0.9248878955841064, 0.841928243637085, 0.8565022349357605, 0.9327354431152344, 0.9596412777900696, 0.9573991298675537], [0.867432177066803, 0.9759916663169861, 0.9926931262016296, 0.9405010342597961, 0.8549060821533203, 0.855949878692627, 0.8653444647789001, 0.7974947690963745, 0.8684759736061096, 0.8371607661247253], [0.9367704391479492, 0.9221789836883545, 0.9085603356361389, 0.8638132214546204, 0.7354085445404053, 0.6439688801765442, 0.8774319291114807, 0.9970816969871521, 1.0, 0.9805447459220886], [0.9024640917778015, 0.9907597303390503, 0.9691991806030273, 0.7751539945602417, 0.47638604044914246, 0.42915812134742737, 0.6314168572425842, 0.7638603448867798, 0.5882956981658936, 0.5790554285049438], [0.9335976243019104, 0.9385530352592468, 0.9653121829032898, 0.9890981316566467, 0.9950445890426636, 1.0, 0.9772051572799683, 0.6085233092308044, 0.6907829642295837, 0.8691774010658264]]",7.312732294201851,erm,lenet,False,0.11113333702087402,0.98,4,completed,110.14010559022427,0.42915812134742737,outputs_final/lenet/erm/N1000/seed4
0.9980999827384949,0.7453333139419556,250,0.3946000039577484,cuda,"[[0.9020408391952515, 0.8285714387893677, 0.9632652997970581, 0.9969387650489807, 0.9979591965675354, 0.9979591965675354, 0.8785714507102966, 0.7653061151504517, 0.9112244844436646, 0.9418367147445679], [0.9867841601371765, 0.9964757561683655, 0.992951512336731, 0.8854625821113586, 0.5233480334281921, 0.6211453676223755, 0.6096916198730469, 0.7436123490333557, 0.8220264315605164, 0.9462555050849915], [0.9186046719551086, 0.786821722984314, 0.8420542478561401, 0.6753876209259033, 0.2800387740135193, 0.46124032139778137, 0.8313953280448914, 1.0, 0.9893410801887512, 0.930232584476471], [0.5316831469535828, 0.6613861322402954, 0.8297029733657837, 0.9881188273429871, 0.998019814491272, 0.999009907245636, 0.9049504995346069, 0.5435643792152405, 0.394059419631958, 0.38712871074676514], [0.7515274882316589, 0.6364561915397644, 0.9073320031166077, 1.0, 0.994908332824707, 0.9694501161575317, 0.6832993626594543, 0.6059063076972961, 0.7484725117683411, 0.8228105902671814], [0.9876681566238403, 0.8688340783119202, 0.786995530128479, 0.75, 0.5493273735046387, 0.5784753561019897, 0.7309417128562927, 0.9753363132476807, 0.9988788962364197, 1.0], [0.9958246350288391, 0.9958246350288391, 0.982254683971405, 0.8987473845481873, 0.763047993183136, 0.7494781017303467, 0.6670145988464355, 0.9008350968360901, 0.8653444647789001, 0.9613778591156006], [0.9659532904624939, 0.7431906461715698, 0.6809338331222534, 0.7645914554595947, 0.6994163393974304, 0.7266536951065063, 0.8005836606025696, 0.8891050815582275, 0.9961089491844177, 1.0], [0.8449692130088806, 0.8531827330589294, 0.7843942642211914, 0.6396303772926331, 0.3326488733291626, 0.7207392454147339, 0.9989733099937439, 0.8757700324058533, 0.6622176766395569, 0.6991786360740662], [0.9127849340438843, 0.9682854413986206, 0.9970267415046692, 0.43904855847358704, 0.017839444801211357, 0.017839444801211357, 0.08523290604352951, 0.05649157613515854, 0.10307234525680542, 0.48959365487098694]]",6.305991619825363,erm,lenet,False,0.253944456577301,0.995,0,completed,91.98567114770412,0.017839444801211357,outputs_final/lenet/erm/N250/seed0
0.9977999925613403,0.7510111331939697,250,0.37860000133514404,cuda,"[[0.7479591965675354, 0.8285714387893677, 0.8653061389923096, 0.9693877696990967, 0.9959183931350708, 0.9959183931350708, 0.9928571581840515, 0.8877550959587097, 0.655102014541626, 0.4979591965675354], [0.7030836939811707, 0.917180597782135, 0.9585903286933899, 0.9577092528343201, 0.9911894202232361, 1.0, 1.0, 0.9286343455314636, 0.8537445068359375, 0.7215859293937683], [0.9282945990562439, 0.9970930218696594, 0.9748061895370483, 0.7645348906517029, 0.5649224519729614, 0.34980618953704834, 0.36918604373931885, 0.4118216931819916, 0.6327519416809082, 0.8284883499145508], [0.9425742626190186, 0.8732673525810242, 0.999009907245636, 0.9900990128517151, 0.7554455399513245, 0.45247524976730347, 0.3059405982494354, 0.7277227640151978, 0.6910890936851501, 0.9188118577003479], [1.0, 0.9989816546440125, 0.9806517362594604, 0.8686354160308838, 0.7780040502548218, 0.8054989576339722, 0.8482688665390015, 0.8452138304710388, 0.8788187503814697, 0.9623218178749084], [0.6255605220794678, 0.3374439477920532, 0.2892376780509949, 0.658071756362915, 0.7331838607788086, 0.7006726264953613, 0.6748878955841064, 0.9641255736351013, 0.9955157041549683, 0.8979820609092712], [0.9937369227409363, 0.893528163433075, 0.869519829750061, 0.9530271291732788, 0.9655532240867615, 0.944676399230957, 0.9269310832023621, 0.9405010342597961, 0.9916492700576782, 1.0], [0.6877431869506836, 0.7655642032623291, 0.9523346424102783, 0.9990272521972656, 0.9698443412780762, 0.7538910508155823, 0.5719844102859497, 0.7665369510650635, 0.7655642032623291, 0.7023346424102783], [0.09445585310459137, 0.06057494878768921, 0.29774126410484314, 0.7494866251945496, 0.6591376066207886, 0.6601642966270447, 0.9055441617965698, 0.9989733099937439, 0.732032835483551, 0.29671457409858704], [0.11496531218290329, 0.10703667253255844, 0.5034687519073486, 0.8216055631637573, 0.9920713305473328, 0.9781962633132935, 0.8999009132385254, 0.8325074315071106, 0.8810703754425049, 0.5956392288208008]]",7.322848588228226,erm,lenet,False,0.24784444272518158,0.995,1,completed,91.07310178875923,0.06057494878768921,outputs_final/lenet/erm/N250/seed1
0.9988999962806702,0.7454000115394592,250,0.3937999904155731,cuda,"[[0.7367346882820129, 0.5285714268684387, 0.6397958993911743, 0.3469387888908386, 0.6734693646430969, 0.863265335559845, 0.9397959113121033, 0.9887754917144775, 0.9948979616165161, 0.9836734533309937], [0.9674009084701538, 0.933039665222168, 0.917180597782135, 0.9674009084701538, 0.9788545966148376, 0.9797356724739075, 0.9991189241409302, 1.0, 1.0, 0.9964757561683655], [0.9951550364494324, 1.0, 0.9350775480270386, 0.6201550364494324, 0.3178294599056244, 0.3866279125213623, 0.31589147448539734, 0.1666666716337204, 0.2655038833618164, 0.8120155334472656], [0.5316831469535828, 0.5663366317749023, 0.6504950523376465, 0.7306930422782898, 0.986138641834259, 0.999009907245636, 0.9891089200973511, 0.8336633443832397, 0.6801980137825012, 0.46930691599845886], [0.6792260408401489, 0.6924643516540527, 0.7016293406486511, 0.614052951335907, 0.8391038775444031, 0.9989816546440125, 0.9989816546440125, 0.9297352433204651, 0.7759674191474915, 0.686354398727417], [0.9798206090927124, 0.8217488527297974, 0.5089685916900635, 0.5156950950622559, 0.6704035997390747, 0.5538116693496704, 0.7275784611701965, 0.9271300435066223, 0.9887892603874207, 0.9988788962364197], [0.9979122877120972, 1.0, 0.9561586380004883, 0.8726513385772705, 0.9384133815765381, 0.9436325430870056, 0.8736951947212219, 0.8048016428947449, 0.7348642945289612, 0.8778705596923828], [0.8531128168106079, 0.7480545043945312, 0.7908560037612915, 0.9494163393974304, 0.9990272521972656, 0.9357976913452148, 0.637159526348114, 0.4970817267894745, 0.698443591594696, 0.8803501725196838], [0.6324435472488403, 0.8696098327636719, 1.0, 0.9260780215263367, 0.685831606388092, 0.47125256061553955, 0.675564706325531, 0.6478439569473267, 0.5893223881721497, 0.4322381913661957], [0.5996035933494568, 0.6204162240028381, 0.9435084462165833, 1.0, 0.6214073300361633, 0.558969259262085, 0.3201189339160919, 0.6937562227249146, 0.7433102130889893, 0.5847373604774475]]",7.406643807888031,erm,lenet,False,0.2542888820171356,0.995,2,completed,101.02446520328522,0.1666666716337204,outputs_final/lenet/erm/N250/seed2
0.9991000294685364,0.7339110970497131,250,0.30709999799728394,cuda,"[[0.7928571701049805, 0.7571428418159485, 0.636734664440155, 0.48061224818229675, 0.5795918107032776, 0.9704081416130066, 0.9959183931350708, 0.949999988079071, 0.7193877696990967, 0.41326531767845154], [0.9991189241409302, 0.9947136640548706, 0.9383260011672974, 0.8951541781425476, 0.8766520023345947, 0.9057268500328064, 0.7867841124534607, 0.6502202749252319, 0.8158590197563171, 0.9894273281097412], [0.4156976640224457, 0.856589138507843, 0.9854651093482971, 1.0, 0.9961240291595459, 0.9602712988853455, 0.4583333432674408, 0.23062016069889069, 0.4467054307460785, 0.38468992710113525], [0.8108910918235779, 0.8564356565475464, 0.893069326877594, 0.8376237750053406, 0.7910891175270081, 0.8069307208061218, 0.998019814491272, 1.0, 0.9940593838691711, 0.9039604067802429], [0.8401222229003906, 0.8594704866409302, 0.8716904520988464, 0.7209776043891907, 0.4613034725189209, 0.7107942700386047, 0.9714867472648621, 0.994908332824707, 1.0, 0.981670081615448], [0.9417040348052979, 0.8766816258430481, 0.6715246438980103, 0.8206278085708618, 0.9338564872741699, 1.0, 0.8834080696105957, 0.4136771261692047, 0.5874439477920532, 0.8733183741569519], [0.9853861927986145, 0.9968684911727905, 0.9864300489425659, 0.9436325430870056, 0.8580375909805298, 0.6962421536445618, 0.887265145778656, 0.650313138961792, 0.32254695892333984, 0.7766179442405701], [0.9892995953559875, 0.948443591594696, 0.801556408405304, 0.5359922051429749, 0.41731518507003784, 0.5875486135482788, 0.5729572176933289, 0.6021400690078735, 0.9805447459220886, 1.0], [0.6817248463630676, 0.9702258706092834, 0.9989733099937439, 0.8685831427574158, 0.290554404258728, 0.17761807143688202, 0.42197126150131226, 0.4425051212310791, 0.7166324257850647, 0.6119096279144287], [0.25867193937301636, 0.732408344745636, 0.8255698680877686, 0.993062436580658, 1.0, 0.9702675938606262, 0.8731417059898376, 0.2973240911960602, 0.06937561929225922, 0.014866204001009464]]",5.775172859430313,erm,lenet,False,0.26582223176956177,0.995,3,completed,50.09171089529991,0.014866204001009464,outputs_final/lenet/erm/N250/seed3
0.9979000091552734,0.7585333585739136,250,0.36570000648498535,cuda,"[[1.0, 0.9948979616165161, 0.9438775777816772, 0.8928571343421936, 0.9306122660636902, 0.859183669090271, 0.8622449040412903, 0.7479591965675354, 0.8387755155563354, 0.9948979616165161], [0.6696035265922546, 0.6123347878456116, 0.8977973461151123, 0.9947136640548706, 0.9982379078865051, 0.9947136640548706, 0.9303964972496033, 0.8819383382797241, 0.7947136759757996, 0.7603524327278137], [0.979651153087616, 0.748062014579773, 0.7034883499145508, 0.8226743936538696, 0.7829457521438599, 0.768410861492157, 0.6201550364494324, 0.9079457521438599, 0.9883720874786377, 1.0], [0.6297029852867126, 0.5643564462661743, 0.6881188154220581, 0.6881188154220581, 0.8089109063148499, 0.9504950642585754, 1.0, 0.9792079329490662, 0.7861385941505432, 0.5772277116775513], [0.4959266781806946, 0.6150712966918945, 0.7749490737915039, 0.753564178943634, 0.6334012150764465, 0.6313645839691162, 0.9938900470733643, 1.0, 0.9663951396942139, 0.7291242480278015], [0.7713004350662231, 0.7376681566238403, 0.976457417011261, 0.9988788962364197, 0.9943946003913879, 0.8385650515556335, 0.5997757911682129, 0.8441703915596008, 0.9215246438980103, 0.8665919303894043], [0.3100208640098572, 0.867432177066803, 0.9906054139137268, 0.9488517642021179, 0.7766179442405701, 0.7776618003845215, 0.6920667886734009, 0.5344467759132385, 0.6409185528755188, 0.3726513683795929], [0.7957198619842529, 0.725680947303772, 0.7811284065246582, 0.8832684755325317, 0.862840473651886, 0.674124538898468, 0.783073902130127, 0.9970816969871521, 0.9951362013816833, 0.911478579044342], [0.8973305821418762, 0.9979466199874878, 0.9989733099937439, 0.8336755633354187, 0.5882956981658936, 0.5010266900062561, 0.5841889381408691, 0.7114989757537842, 0.2607802748680115, 0.2156057506799698], [0.7264618277549744, 0.47869178652763367, 0.7026759386062622, 0.8691774010658264, 0.9722497463226318, 0.9980178475379944, 0.8543112277984619, 0.047571852803230286, 0.22200198471546173, 0.6422200202941895]]",7.449681058526039,erm,lenet,False,0.24089999496936798,0.995,4,completed,74.74339263141155,0.047571852803230286,outputs_final/lenet/erm/N250/seed4
0.9965999722480774,0.9381666779518127,2500,0.83160001039505,cuda,"[[0.972449004650116, 0.9622448682785034, 0.981632649898529, 0.9969387650489807, 0.9979591965675354, 0.9948979616165161, 0.9836734533309937, 0.9836734533309937, 0.9877551198005676, 0.9795918464660645], [0.9964757561683655, 1.0, 0.9991189241409302, 0.9911894202232361, 0.9682819247245789, 0.966519832611084, 0.9533039927482605, 0.9709250926971436, 0.9806167483329773, 0.9876651763916016], [0.9563953280448914, 0.9360465407371521, 0.9156976938247681, 0.875, 0.815891444683075, 0.8643410801887512, 0.9224806427955627, 0.9932170510292053, 0.9951550364494324, 0.9757751822471619], [0.9475247263908386, 0.9168316721916199, 0.9435643553733826, 0.996039628982544, 0.999009907245636, 0.999009907245636, 0.9841583967208862, 0.9673267602920532, 0.9504950642585754, 0.9415841698646545], [0.9063136577606201, 0.8492871522903442, 0.9399185180664062, 0.9989816546440125, 0.9989816546440125, 0.9969450235366821, 0.9378818869590759, 0.9185336232185364, 0.9358451962471008, 0.9317718744277954], [0.9820627570152283, 0.9114349484443665, 0.8665919303894043, 0.8598654866218567, 0.7914798259735107, 0.7365471124649048, 0.7567264437675476, 0.9517937302589417, 0.9943946003913879, 0.9943946003913879], [0.9958246350288391, 0.9926931262016296, 0.9853861927986145, 0.9718163013458252, 0.9436325430870056, 0.9363256692886353, 0.9436325430870056, 0.9791231751441956, 0.9885177612304688, 0.9926931262016296], [0.9747081995010376, 0.8608949184417725, 0.7694552540779114, 0.8472762703895569, 0.8249027132987976, 0.7966926097869873, 0.820038914680481, 0.9503890872001648, 0.9912451505661011, 0.9961089491844177], [0.918891191482544, 0.9034907817840576, 0.8942505121231079, 0.907597541809082, 0.8911704421043396, 0.9681724905967712, 0.9989733099937439, 0.9917864203453064, 0.9609856009483337, 0.9332649111747742], [0.9841427206993103, 0.9910802841186523, 0.9960356950759888, 0.9791873097419739, 0.9127849340438843, 0.9108027815818787, 0.9335976243019104, 0.9514370560646057, 0.9544103145599365, 0.9702675938606262]]",6.3501541167497635,erm,lenet,True,0.05973333492875099,0.95,0,completed,116.8788200467825,0.7365471124649048,outputs_final/lenet/erm/N2500/seed0
0.995199978351593,0.9429888725280762,2500,0.836899995803833,cuda,"[[0.936734676361084, 0.9714285731315613, 0.9887754917144775, 0.9959183931350708, 0.9969387650489807, 0.9969387650489807, 0.9938775300979614, 0.9785714149475098, 0.9336734414100647, 0.8969388008117676], [0.9735682606697083, 0.9823788404464722, 0.9903083443641663, 0.9938325881958008, 1.0, 1.0, 1.0, 0.9894273281097412, 0.9779735803604126, 0.9753304123878479], [0.9922480583190918, 0.9961240291595459, 0.9854651093482971, 0.9418604373931885, 0.8905038833618164, 0.8643410801887512, 0.8304263353347778, 0.8265503644943237, 0.8875969052314758, 0.9680232405662537], [0.9297029972076416, 0.9762375950813293, 0.9930692911148071, 0.9920791983604431, 0.9831683039665222, 0.9425742626190186, 0.8386138677597046, 0.6910890936851501, 0.6257425546646118, 0.7811881303787231], [0.9989816546440125, 0.9979633688926697, 0.9969450235366821, 0.9674134254455566, 0.9307535886764526, 0.8991853594779968, 0.8920570015907288, 0.9002036452293396, 0.9735234379768372, 0.9938900470733643], [0.9932735562324524, 0.9876681566238403, 0.9708520174026489, 0.9697309136390686, 0.9618834257125854, 0.9697309136390686, 0.9775784611701965, 0.9955157041549683, 0.9988788962364197, 0.9955157041549683], [0.9958246350288391, 0.9864300489425659, 0.9832985401153564, 0.9739039540290833, 0.9739039540290833, 0.9582463502883911, 0.9467641115188599, 0.9436325430870056, 0.9770354628562927, 0.9916492700576782], [0.9727626442909241, 0.9854085445404053, 0.9951362013816833, 0.9980545043945312, 0.9902724027633667, 0.975680947303772, 0.9270427823066711, 0.8881322741508484, 0.9095330834388733, 0.948443591594696], [0.9158110618591309, 0.9106776118278503, 0.9301847815513611, 0.9404517412185669, 0.9486653208732605, 0.9763860106468201, 0.9928131699562073, 0.9958932399749756, 0.9825462102890015, 0.9507187008857727], [0.8493558168411255, 0.8899900913238525, 0.9454905986785889, 0.973240852355957, 0.9821605682373047, 0.9831516146659851, 0.9326065182685852, 0.8354806900024414, 0.8384538888931274, 0.8622398376464844]]",7.490791082382202,erm,lenet,True,0.05428889021277428,0.95,1,completed,84.77008490264416,0.6257425546646118,outputs_final/lenet/erm/N2500/seed1
0.9955999851226807,0.940155565738678,2500,0.833899974822998,cuda,"[[0.9897959232330322, 0.9775510430335999, 0.9561224579811096, 0.9642857313156128, 0.9887754917144775, 0.9969387650489807, 0.9979591965675354, 0.9979591965675354, 0.9979591965675354, 0.9969387650489807], [0.9859030842781067, 0.9286343455314636, 0.8651982545852661, 0.8898678421974182, 0.9577092528343201, 0.9903083443641663, 0.9982379078865051, 0.9991189241409302, 0.9991189241409302, 0.9991189241409302], [0.9990310072898865, 0.9951550364494324, 0.979651153087616, 0.9467054009437561, 0.9089147448539734, 0.8662790656089783, 0.8895348906517029, 0.9021317958831787, 0.9244186282157898, 0.9718992114067078], [0.9257425665855408, 0.8712871074676514, 0.8178218007087708, 0.8831683397293091, 0.9900990128517151, 0.999009907245636, 0.998019814491272, 0.9900990128517151, 0.9683168530464172, 0.9485148787498474], [0.9124236106872559, 0.8258655667304993, 0.7362525463104248, 0.7922607064247131, 0.9368635416030884, 0.994908332824707, 0.9979633688926697, 0.9969450235366821, 0.9837067127227783, 0.9643584489822388], [0.9966367483139038, 0.9551569223403931, 0.8497757911682129, 0.7948430776596069, 0.8396860957145691, 0.8822869658470154, 0.9327354431152344, 0.9854260087013245, 0.9955157041549683, 0.9977578520774841], [0.9843423962593079, 0.980167031288147, 0.9551148414611816, 0.9342380166053772, 0.9363256692886353, 0.9331941604614258, 0.9091858267784119, 0.8757829070091248, 0.893528163433075, 0.9498956203460693], [0.8793774247169495, 0.8375486135482788, 0.868677020072937, 0.9455252885818481, 0.9892995953559875, 0.9931906461715698, 0.975680947303772, 0.9591439962387085, 0.9367704391479492, 0.9202334880828857], [0.9815195202827454, 0.9938398599624634, 0.9948665499687195, 0.9856262803077698, 0.9548254609107971, 0.8860369324684143, 0.8891170620918274, 0.8942505121231079, 0.9199178814888, 0.941478431224823], [0.9871159791946411, 0.9920713305473328, 0.9990088939666748, 1.0, 0.9960356950759888, 0.9742318987846375, 0.9514370560646057, 0.9583746194839478, 0.9702675938606262, 0.9742318987846375]]",7.61230194568634,erm,lenet,True,0.05719999969005585,0.95,2,completed,102.99300260841846,0.7362525463104248,outputs_final/lenet/erm/N2500/seed2
0.9973999857902527,0.9470221996307373,2500,0.8539000153541565,cuda,"[[0.9846938848495483, 0.9775510430335999, 0.9755101799964905, 0.9785714149475098, 0.9877551198005676, 0.9989795684814453, 0.9989795684814453, 0.9989795684814453, 0.9969387650489807, 0.9887754917144775], [0.9991189241409302, 0.9964757561683655, 0.983259916305542, 0.9629955887794495, 0.976211428642273, 0.9841409921646118, 0.9691630005836487, 0.9647576808929443, 0.9867841601371765, 0.9964757561683655], [0.8817829489707947, 0.9476743936538696, 0.9825581312179565, 0.9970930218696594, 0.9961240291595459, 0.9757751822471619, 0.876937985420227, 0.768410861492157, 0.8062015771865845, 0.8304263353347778], [0.9663366079330444, 0.9653465151786804, 0.9633663296699524, 0.9534653425216675, 0.9643564224243164, 0.9900990128517151, 0.999009907245636, 1.0, 0.998019814491272, 0.9811881184577942], [0.9684317708015442, 0.9307535886764526, 0.9154785871505737, 0.8940936923027039, 0.8900203704833984, 0.9541751742362976, 0.994908332824707, 1.0, 0.9979633688926697, 0.994908332824707], [0.926008939743042, 0.9181614518165588, 0.9226457476615906, 0.9641255736351013, 0.9843049049377441, 0.9910314083099365, 0.9484304785728455, 0.823991060256958, 0.834080696105957, 0.9170403480529785], [0.9937369227409363, 0.9979122877120972, 0.9926931262016296, 0.9843423962593079, 0.9697285890579224, 0.9467641115188599, 0.9373695254325867, 0.9331941604614258, 0.9561586380004883, 0.9791231751441956], [0.9980545043945312, 0.9922178983688354, 0.9785992503166199, 0.938715934753418, 0.9036964774131775, 0.9231517314910889, 0.9416342377662659, 0.9727626442909241, 0.994163453578949, 0.9980545043945312], [0.9342916011810303, 0.9887063503265381, 0.9938398599624634, 0.9835729002952576, 0.9517453908920288, 0.8388090133666992, 0.8110883235931396, 0.8193018436431885, 0.8963038921356201, 0.9178645014762878], [0.8989098072052002, 0.9316154718399048, 0.9534192085266113, 0.9940535426139832, 0.9990088939666748, 0.9881070256233215, 0.9454905986785889, 0.9058473706245422, 0.8731417059898376, 0.871159553527832]]",6.228054404258728,erm,lenet,True,0.05151111260056496,0.95,3,completed,71.74168223142624,0.768410861492157,outputs_final/lenet/erm/N2500/seed3
0.9950000047683716,0.9234333038330078,2500,0.7706999778747559,cuda,"[[0.9969387650489807, 0.9959183931350708, 0.9938775300979614, 0.9857142567634583, 0.9714285731315613, 0.9571428298950195, 0.9234693646430969, 0.8551020622253418, 0.9326530694961548, 0.9897959232330322], [0.9823788404464722, 0.9823788404464722, 0.9955947399139404, 0.9991189241409302, 1.0, 0.9938325881958008, 0.9814978241920471, 0.9612334966659546, 0.9656387567520142, 0.976211428642273], [0.9932170510292053, 0.979651153087616, 0.9622092843055725, 0.9525193572044373, 0.934108555316925, 0.8914728760719299, 0.8507751822471619, 0.934108555316925, 0.979651153087616, 0.9922480583190918], [0.9603960514068604, 0.9831683039665222, 0.9851484894752502, 0.9722772240638733, 0.9752475023269653, 0.9950494766235352, 1.0, 0.9920791983604431, 0.9524752497673035, 0.9326732754707336], [0.9959266781806946, 0.994908332824707, 0.9806517362594604, 0.9450101852416992, 0.9215885996818542, 0.9613034725189209, 0.9979633688926697, 1.0, 0.9979633688926697, 0.9959266781806946], [0.9596412777900696, 0.9573991298675537, 0.9854260087013245, 0.9910314083099365, 0.963004469871521, 0.9002242088317871, 0.7813901305198669, 0.865470826625824, 0.9293721914291382, 0.9641255736351013], [0.9572024941444397, 0.9739039540290833, 0.9874739050865173, 0.9739039540290833, 0.9269310832023621, 0.9008350968360901, 0.7860125303268433, 0.6252609491348267, 0.7453027367591858, 0.9164927005767822], [0.9708171486854553, 0.9581711888313293, 0.948443591594696, 0.9153696298599243, 0.8793774247169495, 0.8793774247169495, 0.975680947303772, 0.9980545043945312, 0.9990272521972656, 0.9902724027633667], [0.9466118812561035, 0.9866529703140259, 0.9825462102890015, 0.8809034824371338, 0.7125256657600403, 0.629363477230072, 0.6396303772926331, 0.7248460054397583, 0.6868582963943481, 0.7997946739196777], [0.9395440816879272, 0.9573835730552673, 0.9742318987846375, 0.9871159791946411, 0.9950445890426636, 0.9950445890426636, 0.9464816451072693, 0.6689791679382324, 0.596630334854126, 0.8285431265830994]]",5.964573889970779,erm,lenet,True,0.0734444409608841,0.95,4,completed,85.06623636186123,0.596630334854126,outputs_final/lenet/erm/N2500/seed4
0.9991999864578247,0.43682223558425903,50,0.049800001084804535,cuda,"[[0.40918368101119995, 0.7193877696990967, 0.8683673739433289, 0.9959183931350708, 0.9979591965675354, 0.9948979616165161, 0.16020408272743225, 0.527550995349884, 0.7234693765640259, 0.718367338180542], [0.8061674237251282, 0.9964757561683655, 0.9885462522506714, 0.31365638971328735, 0.014096916653215885, 0.007048458326607943, 0.0, 0.012334802187979221, 0.0008810572908259928, 0.46255508065223694], [0.5523256063461304, 0.15406976640224457, 0.15406976640224457, 0.23934108018875122, 0.08914728462696075, 0.1472868174314499, 0.6172480583190918, 1.0, 0.809108555316925, 0.6686046719551086], [0.1603960394859314, 0.26138612627983093, 0.3732673227787018, 0.8910890817642212, 0.9910891056060791, 1.0, 0.7445544600486755, 0.4267326593399048, 0.2148514837026596, 0.08415841311216354], [0.05702647566795349, 0.004073319956660271, 0.36048880219459534, 1.0, 0.9938900470733643, 0.7179226279258728, 0.20162932574748993, 0.36761710047721863, 0.3798370659351349, 0.5356415510177612], [0.8744394779205322, 0.5022421479225159, 0.2432735413312912, 0.340807169675827, 0.26121076941490173, 0.2690582871437073, 0.37892377376556396, 0.9338564872741699, 0.9977578520774841, 0.9988788962364197], [0.9989561438560486, 0.9968684911727905, 0.9728600978851318, 0.8215031027793884, 0.6461377739906311, 0.5396659970283508, 0.05532358959317207, 0.18580375611782074, 0.37578287720680237, 0.9530271291732788], [0.8278210163116455, 0.3219844400882721, 0.17898832261562347, 0.37354084849357605, 0.40175098180770874, 0.3346303403377533, 0.688715934753418, 0.9396887421607971, 1.0, 0.994163453578949], [0.0030800821259617805, 0.2648870646953583, 0.2833675444126129, 0.290554404258728, 0.12422998249530792, 0.35934290289878845, 1.0, 0.5605749487876892, 0.0, 0.0], [0.8404361009597778, 0.9781962633132935, 1.0, 0.5936570763587952, 0.0, 0.0, 0.0, 0.0, 0.0, 0.007928642444312572]]",7.629243090748787,erm,lenet,False,0.5629444718360901,0.999,0,completed,108.35085451602936,0.0,outputs_final/lenet/erm/N50/seed0
0.9991000294685364,0.33935555815696716,50,0.01640000008046627,cuda,"[[0.844897985458374, 0.6051020622253418, 0.43877550959587097, 0.34183672070503235, 0.5693877339363098, 0.9959183931350708, 0.9826530814170837, 0.11224489659070969, 0.13571429252624512, 0.055102039128541946], [0.320704847574234, 0.5180616974830627, 0.43436121940612793, 0.42643171548843384, 0.8176211714744568, 0.9938325881958008, 1.0, 0.783259928226471, 0.37533038854599, 0.1682819426059723], [0.9748061895370483, 0.9990310072898865, 0.27519381046295166, 0.0, 0.0, 0.0, 0.0, 0.0019379844889044762, 0.1434108465909958, 0.6492248177528381], [0.6267326474189758, 0.7247524857521057, 1.0, 0.9554455280303955, 0.1326732635498047, 0.002970297122374177, 0.0, 0.07623762637376785, 0.17425742745399475, 0.6297029852867126], [1.0, 0.8686354160308838, 0.5132383108139038, 0.022403258830308914, 0.009164969436824322, 0.0010183299891650677, 0.0010183299891650677, 0.16700610518455505, 0.48778003454208374, 0.9063136577606201], [0.15134529769420624, 0.00784753356128931, 0.0011210762895643711, 0.10762331634759903, 0.26457399129867554, 0.21524663269519806, 0.0964125543832779, 0.40807175636291504, 0.9966367483139038, 0.6883407831192017], [0.887265145778656, 0.010438413359224796, 0.011482254602015018, 0.2870563566684723, 0.45511481165885925, 0.4916492700576782, 0.3152400851249695, 0.3016701340675354, 0.9728600978851318, 0.9989561438560486], [0.04571984335780144, 0.20525291562080383, 0.7548637986183167, 1.0, 0.7840467095375061, 0.2840466797351837, 0.06614785641431808, 0.10214007645845413, 0.0077821011655032635, 0.010700388811528683], [0.3901437222957611, 0.13963039219379425, 0.04004106670618057, 0.17967145144939423, 0.06981519609689713, 0.31519508361816406, 0.732032835483551, 1.0, 0.7802874445915222, 0.15605749189853668], [0.009910802356898785, 0.025768086314201355, 0.11397422850131989, 0.47373637557029724, 1.0, 0.9900891780853271, 0.6283448934555054, 0.023785926401615143, 0.004955401178449392, 0.005946481600403786]]",7.416949555277824,erm,lenet,False,0.6604666709899902,0.999,1,completed,103.12257567048073,0.0,outputs_final/lenet/erm/N50/seed1
0.9994000196456909,0.3672333359718323,50,0.006099999882280827,cuda,"[[0.0346938781440258, 0.023469388484954834, 0.26632651686668396, 0.16836734116077423, 0.5673469305038452, 0.777550995349884, 0.9418367147445679, 0.9948979616165161, 0.9989795684814453, 0.4622448980808258], [0.20528633892536163, 0.053744494915008545, 0.029955947771668434, 0.16475771367549896, 0.44581496715545654, 0.7797356843948364, 0.9973568320274353, 1.0, 0.9876651763916016, 0.541850209236145], [0.9786821603775024, 1.0, 0.9379844665527344, 0.5581395626068115, 0.13759690523147583, 0.09399224817752838, 0.13856589794158936, 0.01937984488904476, 0.08817829191684723, 0.4060077667236328], [0.0, 0.013861386105418205, 0.31782177090644836, 0.6257425546646118, 0.9772277474403381, 1.0, 0.9831683039665222, 0.5257425904273987, 0.06732673197984695, 0.0009900990407913923], [0.019348269328475, 0.24236252903938293, 0.3268839120864868, 0.2250509113073349, 0.5784114003181458, 0.9887983798980713, 0.9989816546440125, 0.837067186832428, 0.41955193877220154, 0.0], [0.9742152690887451, 0.8565022349357605, 0.4966367781162262, 0.37107622623443604, 0.16143497824668884, 0.04260089620947838, 0.2567264437675476, 0.9058296084403992, 0.9943946003913879, 1.0], [0.9968684911727905, 0.9968684911727905, 0.9112734794616699, 0.6356993913650513, 0.5720250606536865, 0.12108559161424637, 0.03340292349457741, 0.3162839114665985, 0.1701461374759674, 0.19206680357456207], [0.0019455252913758159, 0.0077821011655032635, 0.09824902564287186, 0.6157587766647339, 0.9990272521972656, 0.7402724027633667, 0.5029183030128479, 0.5107004046440125, 0.33949416875839233, 0.014591439627110958], [0.0, 0.1642710417509079, 1.0, 0.8798767924308777, 0.30800822377204895, 0.005133470054715872, 0.0, 0.0, 0.0, 0.0], [0.0, 0.04162537306547165, 0.7036669850349426, 1.0, 0.20515361428260803, 0.030723487958312035, 0.0, 0.020812686532735825, 0.0, 0.0]]",6.039892539381981,erm,lenet,False,0.6327221989631653,0.999,2,completed,75.30632248520851,0.0,outputs_final/lenet/erm/N50/seed2
0.9993000030517578,0.3728666603565216,50,0.010599999688565731,cuda,"[[0.38367345929145813, 0.015306122601032257, 0.026530612260103226, 0.2765306234359741, 0.3265306055545807, 0.9530612230300903, 0.9979591965675354, 0.9204081892967224, 0.8234694004058838, 0.48469388484954834], [0.9991189241409302, 0.9603524208068848, 0.7022026181221008, 0.6105726957321167, 0.44052863121032715, 0.5462555289268494, 0.11718061566352844, 0.015859030187129974, 0.21674008667469025, 0.9594713449478149], [0.10077519714832306, 0.1666666716337204, 0.7771317958831787, 0.9990310072898865, 0.9748061895370483, 0.8246123790740967, 0.06395348906517029, 0.0, 0.014534884132444859, 0.1172480583190918], [0.3772277235984802, 0.06831683218479156, 0.05247524753212929, 0.04257425665855408, 0.03366336598992348, 0.3772277235984802, 1.0, 1.0, 0.999009907245636, 0.8663366436958313], [0.5712831020355225, 0.41751527786254883, 0.4297352433204651, 0.22199591994285583, 0.056008145213127136, 0.0773930773139, 0.400203675031662, 0.6975560188293457, 0.9969450235366821, 0.9501018524169922], [0.21412555873394012, 0.21748879551887512, 0.219730943441391, 0.4506726562976837, 0.7589685916900635, 1.0, 0.8116592168807983, 0.0011210762895643711, 0.0, 0.00784753356128931], [0.9947807788848877, 1.0, 0.9707724452018738, 0.6231732964515686, 0.12421711534261703, 0.00626304792240262, 0.017745302990078926, 0.020876826718449593, 0.018789144232869148, 0.6899791359901428], [0.9649805426597595, 0.7509727478027344, 0.4873540997505188, 0.2373540848493576, 0.09338521212339401, 0.09630350023508072, 0.04474708065390587, 0.024319065734744072, 0.7461089491844177, 1.0], [0.42197126150131226, 0.872689962387085, 1.0, 0.8562628626823425, 0.0, 0.0, 0.0, 0.0, 0.0, 0.047227926552295685], [0.0, 0.0, 0.17443013191223145, 0.9950445890426636, 1.0, 0.894945502281189, 0.02180376648902893, 0.0, 0.0, 0.0]]",7.473665162920952,erm,lenet,False,0.6269999742507935,0.999,3,completed,73.3894812464714,0.0,outputs_final/lenet/erm/N50/seed3
0.9980000257492065,0.4259333312511444,50,0.03669999912381172,cuda,"[[1.0, 0.9948979616165161, 0.5081632733345032, 0.5285714268684387, 0.7897959351539612, 0.5540816187858582, 0.03877551108598709, 0.0, 0.022448979318141937, 0.8857142925262451], [0.557709276676178, 0.608810544013977, 0.9365638494491577, 0.9982379078865051, 1.0, 0.983259916305542, 0.458149790763855, 0.017621144652366638, 0.012334802187979221, 0.20352423191070557], [0.981589138507843, 0.6085271239280701, 0.42635658383369446, 0.29748061299324036, 0.12984496355056763, 0.037790697067976, 0.05232558026909828, 0.11531008034944534, 0.6443798542022705, 1.0], [0.0089108906686306, 0.06435643881559372, 0.3138613998889923, 0.40495049953460693, 0.512871265411377, 0.9594059586524963, 0.997029721736908, 0.7297029495239258, 0.005940594244748354, 0.0009900990407913923], [0.04582484811544418, 0.22912423312664032, 0.505091667175293, 0.44908350706100464, 0.2932790219783783, 0.6262729167938232, 1.0, 1.0, 0.9480651617050171, 0.5254582762718201], [0.1603139042854309, 0.22533632814884186, 0.8576233386993408, 0.9932735562324524, 0.9047085046768188, 0.22421523928642273, 0.014573991298675537, 0.017937220633029938, 0.06165919452905655, 0.18161435425281525], [0.3392484486103058, 0.8841336369514465, 0.9979122877120972, 0.9853861927986145, 0.7776618003845215, 0.40292274951934814, 0.008350730873644352, 0.001043841359205544, 0.05427974835038185, 0.26722338795661926], [0.533073902130127, 0.3803502023220062, 0.40856030583381653, 0.5466926097869873, 0.5262646079063416, 0.6089494228363037, 0.7519454956054688, 0.938715934753418, 1.0, 0.9542801380157471], [0.6242299675941467, 0.9928131699562073, 0.9691991806030273, 0.685831606388092, 0.1663244366645813, 0.013347022235393524, 0.0, 0.0, 0.0, 0.002053388161584735], [0.6888008117675781, 0.22893954813480377, 0.47571852803230286, 0.8444004058837891, 0.9861248731613159, 0.9980178475379944, 0.004955401178449392, 0.0, 0.0, 0.3171456754207611]]",7.519995138049126,erm,lenet,False,0.5737666487693787,0.999,4,completed,99.66705296933651,0.0,outputs_final/lenet/erm/N50/seed4
0.9987000226974487,0.8347333073616028,500,0.5295000076293945,cuda,"[[0.8999999761581421, 0.8765305876731873, 0.9653061032295227, 0.9969387650489807, 0.9979591965675354, 0.9948979616165161, 0.8500000238418579, 0.9132652878761292, 0.9489796161651611, 0.9377551078796387], [0.9920704960823059, 0.9991189241409302, 0.9964757561683655, 0.9735682606697083, 0.9118942618370056, 0.8977973461151123, 0.8361233472824097, 0.8748898506164551, 0.9101321697235107, 0.9700440764427185], [0.8914728760719299, 0.7732558250427246, 0.7451550364494324, 0.6860465407371521, 0.4321705400943756, 0.5232558250427246, 0.8120155334472656, 1.0, 0.9786821603775024, 0.9031007885932922], [0.790099024772644, 0.8663366436958313, 0.909900963306427, 0.9950494766235352, 1.0, 1.0, 0.9603960514068604, 0.8782178163528442, 0.7613861560821533, 0.7089108824729919], [0.771894097328186, 0.6334012150764465, 0.7871690392494202, 1.0, 0.9938900470733643, 0.951120138168335, 0.7454175353050232, 0.7617108225822449, 0.8065173029899597, 0.8279022574424744], [0.9921524524688721, 0.931614339351654, 0.8430493474006653, 0.8643497824668884, 0.6603139042854309, 0.615470826625824, 0.6961883306503296, 0.9820627570152283, 0.9977578520774841, 0.9988788962364197], [0.9968684911727905, 0.9937369227409363, 0.980167031288147, 0.9321503043174744, 0.8308976888656616, 0.7860125303268433, 0.7150313258171082, 0.9540709853172302, 0.9519832730293274, 0.9843423962593079], [0.9688715934753418, 0.7782101035118103, 0.5048637986183167, 0.6001945734024048, 0.5651751160621643, 0.5359922051429749, 0.7363813519477844, 0.951361894607544, 0.9980545043945312, 0.9990272521972656], [0.8254619836807251, 0.8408623933792114, 0.7946611642837524, 0.7885010242462158, 0.4979466199874878, 0.7587268948554993, 1.0, 0.978439450263977, 0.7895277142524719, 0.7340862154960632], [0.9474727511405945, 0.9881070256233215, 0.9960356950759888, 0.959365725517273, 0.6590684056282043, 0.4291377663612366, 0.7948463559150696, 0.7879087924957275, 0.6828542947769165, 0.8444004058837891]]",5.989823684096336,erm,lenet,False,0.16481110453605652,0.99,0,completed,81.2873869240284,0.4291377663612366,outputs_final/lenet/erm/N500/seed0
0.9973999857902527,0.8226777911186218,500,0.5156999826431274,cuda,"[[0.5091836452484131, 0.8520408272743225, 0.9479591846466064, 0.9846938848495483, 0.9938775300979614, 0.9948979616165161, 0.9867346882820129, 0.8500000238418579, 0.5785714387893677, 0.2938775420188904], [0.7524229288101196, 0.9092510938644409, 0.9295154213905334, 0.9524229168891907, 0.9841409921646118, 1.0, 1.0, 0.9180616736412048, 0.8537445068359375, 0.7638766765594482], [0.9467054009437561, 0.9961240291595459, 0.9312015771865845, 0.7063953280448914, 0.6172480583190918, 0.518410861492157, 0.5067829489707947, 0.5232558250427246, 0.6782945990562439, 0.8536821603775024], [0.9594059586524963, 0.9702970385551453, 1.0, 0.9930692911148071, 0.8891088962554932, 0.7455445528030396, 0.6861386299133301, 0.8099009990692139, 0.8108910918235779, 0.9267326593399048], [0.9989816546440125, 1.0, 0.9928717017173767, 0.9602851271629333, 0.8890020251274109, 0.9134419560432434, 0.8900203704833984, 0.8564154505729675, 0.9114053249359131, 0.9684317708015442], [0.7690582871437073, 0.6390134692192078, 0.5650224089622498, 0.7858744263648987, 0.7600896954536438, 0.7600896954536438, 0.7623318433761597, 0.9495515823364258, 0.9955157041549683, 0.926008939743042], [0.9958246350288391, 0.9749478101730347, 0.9676409363746643, 0.9780793190002441, 0.982254683971405, 0.9707724452018738, 0.9509394764900208, 0.9603340029716492, 0.9958246350288391, 0.9989561438560486], [0.7208171486854553, 0.7898832559585571, 0.9678988456726074, 0.9990272521972656, 0.9785992503166199, 0.8599221706390381, 0.6381322741508484, 0.7587548494338989, 0.8142023086547852, 0.7714007496833801], [0.5112936496734619, 0.6303901672363281, 0.7669404745101929, 0.9055441617965698, 0.8798767924308777, 0.8993839621543884, 0.9630390405654907, 1.0, 0.9301847815513611, 0.6242299675941467], [0.27155598998069763, 0.37165510654449463, 0.7343904972076416, 0.9276511669158936, 0.9900891780853271, 0.9801784157752991, 0.8662041425704956, 0.7294350862503052, 0.8790882229804993, 0.623389482498169]]",7.053226977586746,erm,lenet,False,0.17595554888248444,0.99,1,completed,101.5012897849083,0.27155598998069763,outputs_final/lenet/erm/N500/seed1
0.998199999332428,0.7965777516365051,500,0.46549999713897705,cuda,"[[0.8367347121238708, 0.7397959232330322, 0.7193877696990967, 0.4642857015132904, 0.7132652997970581, 0.9204081892967224, 0.9704081416130066, 0.9908163547515869, 0.9959183931350708, 0.9867346882820129], [0.9726872444152832, 0.9189427495002747, 0.8969162702560425, 0.9488986730575562, 0.9753304123878479, 0.9894273281097412, 0.9991189241409302, 1.0, 1.0, 0.9982379078865051], [0.9883720874786377, 0.9932170510292053, 0.8943798542022705, 0.6579457521438599, 0.38856589794158936, 0.43023255467414856, 0.33236435055732727, 0.1550387591123581, 0.1821705400943756, 0.6521317958831787], [0.7633663415908813, 0.6930692791938782, 0.498019814491272, 0.5584158301353455, 0.9702970385551453, 0.999009907245636, 0.9920791983604431, 0.8851485252380371, 0.7841584086418152, 0.6831682920455933], [0.9032586812973022, 0.8564154505729675, 0.7311608791351318, 0.6425662040710449, 0.8696537613868713, 0.9979633688926697, 0.9989816546440125, 0.951120138168335, 0.8360489010810852, 0.8615071177482605], [0.9843049049377441, 0.7948430776596069, 0.409192830324173, 0.2791479825973511, 0.5941703915596008, 0.7387892603874207, 0.894618809223175, 0.9742152690887451, 0.9932735562324524, 0.9977578520774841], [0.9968684911727905, 0.9906054139137268, 0.8862212896347046, 0.7306889295578003, 0.8392484188079834, 0.8747390508651733, 0.8361169099807739, 0.7703549265861511, 0.756784975528717, 0.9206680655479431], [0.8861867785453796, 0.7821011543273926, 0.7675096988677979, 0.9250972867012024, 1.0, 0.9873540997505188, 0.8229572176933289, 0.6789883375167847, 0.7782101035118103, 0.9192606806755066], [0.9229979515075684, 0.9917864203453064, 1.0, 0.9568788409233093, 0.7926077842712402, 0.7073922157287598, 0.7689938545227051, 0.7176591157913208, 0.6960985660552979, 0.7330595254898071], [0.7542120814323425, 0.7670961618423462, 0.969276487827301, 1.0, 0.9078295230865479, 0.8027750253677368, 0.6095143556594849, 0.8007928729057312, 0.830525279045105, 0.7908820509910583]]",6.426722690463066,erm,lenet,False,0.2027111053466797,0.99,2,completed,113.79075682163239,0.1550387591123581,outputs_final/lenet/erm/N500/seed2
0.9986000061035156,0.8449666500091553,500,0.5713000297546387,cuda,"[[0.813265323638916, 0.8744897842407227, 0.8826530575752258, 0.859183669090271, 0.8642857074737549, 0.9887754917144775, 0.9979591965675354, 0.9795918464660645, 0.8846938610076904, 0.7091836929321289], [0.9991189241409302, 0.9991189241409302, 0.9806167483329773, 0.9674009084701538, 0.9709250926971436, 0.9823788404464722, 0.9541850090026855, 0.8933920860290527, 0.9436123371124268, 0.9938325881958008], [0.4505814015865326, 0.7781007885932922, 0.9670542478561401, 0.998062014579773, 0.9912790656089783, 0.9205426573753357, 0.427325576543808, 0.28197672963142395, 0.45348837971687317, 0.43023255467414856], [0.8831683397293091, 0.9158415794372559, 0.9198019504547119, 0.9009901285171509, 0.8683168292045593, 0.9168316721916199, 0.999009907245636, 1.0, 0.9950494766235352, 0.9534653425216675], [0.9429734945297241, 0.8971486687660217, 0.9083502888679504, 0.8543788194656372, 0.7871690392494202, 0.9297352433204651, 0.994908332824707, 0.9959266781806946, 1.0, 0.9959266781806946], [0.9383407831192017, 0.9147982001304626, 0.8206278085708618, 0.8800448179244995, 0.9753363132476807, 1.0, 0.9417040348052979, 0.681614339351654, 0.7466367483139038, 0.9058296084403992], [0.9874739050865173, 0.9947807788848877, 0.9916492700576782, 0.968684732913971, 0.9154488444328308, 0.8549060821533203, 0.9196242094039917, 0.7453027367591858, 0.6492692828178406, 0.9091858267784119], [0.9951362013816833, 0.9854085445404053, 0.9581711888313293, 0.8784046769142151, 0.7859922051429749, 0.8190661668777466, 0.755836546421051, 0.8239299654960632, 0.9824903011322021, 0.9990272521972656], [0.7577002048492432, 0.9435318112373352, 0.9969199299812317, 0.9650924205780029, 0.6314168572425842, 0.4948665201663971, 0.5975359082221985, 0.5349075794219971, 0.650924026966095, 0.7053388357162476], [0.6808721423149109, 0.8662041425704956, 0.9395440816879272, 0.9950445890426636, 1.0, 0.9791873097419739, 0.8939543962478638, 0.6323091983795166, 0.48959365487098694, 0.5777997970581055]]",7.468950241804123,erm,lenet,False,0.15424443781375885,0.99,3,completed,118.98648858070374,0.28197672963142395,outputs_final/lenet/erm/N500/seed3
0.9976000189781189,0.8747777938842773,500,0.6316999793052673,cuda,"[[0.9989795684814453, 0.9938775300979614, 0.9704081416130066, 0.9591836929321289, 0.981632649898529, 0.9897959232330322, 0.9653061032295227, 0.9102040529251099, 0.9530612230300903, 0.9959183931350708], [0.9321585893630981, 0.8863435983657837, 0.9612334966659546, 0.9973568320274353, 1.0, 0.9964757561683655, 0.9638766646385193, 0.9356828331947327, 0.9462555050849915, 0.9409691691398621], [0.9922480583190918, 0.930232584476471, 0.893410861492157, 0.8808139562606812, 0.8478682041168213, 0.895348846912384, 0.9031007885932922, 0.9370155334472656, 0.9825581312179565, 1.0], [0.8316831588745117, 0.8138613700866699, 0.8099009990692139, 0.788118839263916, 0.8910890817642212, 0.986138641834259, 0.998019814491272, 0.9772277474403381, 0.8663366436958313, 0.7722772359848022], [0.8879836797714233, 0.8737270832061768, 0.9164969325065613, 0.909368634223938, 0.8503054976463318, 0.8492871522903442, 0.9979633688926697, 1.0, 0.9908350110054016, 0.9572301506996155], [0.908071756362915, 0.8733183741569519, 0.9865471124649048, 0.9966367483139038, 0.9943946003913879, 0.9114349484443665, 0.8060538172721863, 0.8766816258430481, 0.931614339351654, 0.9372197389602661], [0.7505218982696533, 0.9457202553749084, 0.9937369227409363, 0.9812108278274536, 0.944676399230957, 0.9373695254325867, 0.8475991487503052, 0.7035490870475769, 0.7995824813842773, 0.743215024471283], [0.8861867785453796, 0.7889105081558228, 0.8667315244674683, 0.9221789836883545, 0.9134241342544556, 0.7509727478027344, 0.929961085319519, 0.9980545043945312, 0.9970816969871521, 0.9688715934753418], [0.9322382211685181, 0.9979466199874878, 0.9938398599624634, 0.8860369324684143, 0.790554404258728, 0.8439425230026245, 0.7381930351257324, 0.6745380163192749, 0.5112936496734619, 0.5349075794219971], [0.8612487316131592, 0.7978196144104004, 0.8364717364311218, 0.9226957559585571, 0.9762140512466431, 0.993062436580658, 0.7512388229370117, 0.14271555840969086, 0.3032705783843994, 0.7492566704750061]]",7.419506952166557,erm,lenet,False,0.12421111017465591,0.99,4,completed,102.1459482461214,0.14271555840969086,outputs_final/lenet/erm/N500/seed4
0.9948999881744385,0.9615111351013184,5000,0.906000018119812,cuda,"[[0.9693877696990967, 0.9744898080825806, 0.9897959232330322, 0.9928571581840515, 0.9969387650489807, 0.9969387650489807, 0.9928571581840515, 0.9918367266654968, 0.9836734533309937, 0.972449004650116], [0.9964757561683655, 0.9991189241409302, 0.9973568320274353, 0.9947136640548706, 0.9823788404464722, 0.9770925045013428, 0.9735682606697083, 0.9788545966148376, 0.9885462522506714, 0.9920704960823059], [0.9486433863639832, 0.9156976938247681, 0.8779069781303406, 0.8498061895370483, 0.854651153087616, 0.9234496355056763, 0.9709302186965942, 0.9883720874786377, 0.9874030947685242, 0.9699612259864807], [0.9277227520942688, 0.9306930899620056, 0.9613861441612244, 0.9851484894752502, 0.9940593838691711, 0.996039628982544, 0.9940593838691711, 0.9732673168182373, 0.9366336464881897, 0.9178217649459839], [0.9623218178749084, 0.9663951396942139, 0.9928717017173767, 1.0, 1.0, 0.9989816546440125, 0.9928717017173767, 0.9704684615135193, 0.9663951396942139, 0.9653767943382263], [0.9921524524688721, 0.9730941653251648, 0.963004469871521, 0.9506726264953613, 0.9461883306503296, 0.9540358781814575, 0.9730941653251648, 0.9955157041549683, 0.9966367483139038, 0.9966367483139038], [0.9937369227409363, 0.9947807788848877, 0.9843423962593079, 0.968684732913971, 0.9592902064323425, 0.9572024941444397, 0.9707724452018738, 0.9832985401153564, 0.9885177612304688, 0.9906054139137268], [0.9824903011322021, 0.9280155897140503, 0.9105058312416077, 0.9173151850700378, 0.9192606806755066, 0.9319066405296326, 0.9552529454231262, 0.9863813519477844, 0.9961089491844177, 0.9961089491844177], [0.9178645014762878, 0.9004106521606445, 0.849075973033905, 0.8449692130088806, 0.8696098327636719, 0.9486653208732605, 0.9887063503265381, 0.9897330403327942, 0.9620122909545898, 0.9229979515075684], [0.9881070256233215, 0.993062436580658, 0.993062436580658, 0.9781962633132935, 0.9514370560646057, 0.9603567719459534, 0.9781962633132935, 0.9752230048179626, 0.9712586998939514, 0.9801784157752991]]",7.541126996278763,erm,lenet,True,0.03522222116589546,0.9,0,completed,95.2019729912281,0.8449692130088806,outputs_final/lenet/erm/N5000/seed0
0.9944000244140625,0.9616777896881104,5000,0.9078999757766724,cuda,"[[0.9897959232330322, 0.9938775300979614, 0.9948979616165161, 0.9979591965675354, 0.9989795684814453, 0.9989795684814453, 0.9979591965675354, 0.9948979616165161, 0.9928571581840515, 0.9867346882820129], [0.9911894202232361, 0.9894273281097412, 0.9947136640548706, 0.9964757561683655, 0.9991189241409302, 1.0, 1.0, 0.9982379078865051, 0.9938325881958008, 0.9938325881958008], [0.9883720874786377, 0.9883720874786377, 0.9718992114067078, 0.930232584476471, 0.8779069781303406, 0.8217054009437561, 0.7906976938247681, 0.8236433863639832, 0.8972868323326111, 0.9728682041168213], [0.9752475023269653, 0.9910891056060791, 0.9950494766235352, 0.9910891056060791, 0.9762375950813293, 0.9514851570129395, 0.908910870552063, 0.8772277235984802, 0.893069326877594, 0.9425742626190186], [0.9969450235366821, 0.9969450235366821, 0.9775967597961426, 0.9521384835243225, 0.9236252307891846, 0.904276967048645, 0.9032586812973022, 0.9205702543258667, 0.9633401036262512, 0.9887983798980713], [0.9865471124649048, 0.9719731211662292, 0.9618834257125854, 0.9439461827278137, 0.926008939743042, 0.9282511472702026, 0.9484304785728455, 0.9775784611701965, 0.9932735562324524, 0.9921524524688721], [0.9968684911727905, 0.9947807788848877, 0.9895615577697754, 0.9832985401153564, 0.9770354628562927, 0.9728600978851318, 0.9728600978851318, 0.9791231751441956, 0.9895615577697754, 0.9968684911727905], [0.9892995953559875, 0.9951362013816833, 0.9970816969871521, 0.9980545043945312, 0.9922178983688354, 0.9873540997505188, 0.9708171486854553, 0.9581711888313293, 0.9698443412780762, 0.9834630489349365], [0.9476386308670044, 0.9404517412185669, 0.9404517412185669, 0.9404517412185669, 0.941478431224823, 0.9579055309295654, 0.9845995903015137, 0.9938398599624634, 0.9917864203453064, 0.9794661402702332], [0.9395440816879272, 0.9474727511405945, 0.9613478779792786, 0.9762140512466431, 0.9821605682373047, 0.9821605682373047, 0.9682854413986206, 0.9256689548492432, 0.9236868023872375, 0.9335976243019104]]",5.861637741327286,erm,lenet,True,0.034122221171855927,0.9,1,completed,83.07031647861004,0.7906976938247681,outputs_final/lenet/erm/N5000/seed1
0.9954000115394592,0.9680222272872925,5000,0.9200000166893005,cuda,"[[0.9959183931350708, 0.9908163547515869, 0.9908163547515869, 0.9928571581840515, 0.9959183931350708, 0.9969387650489807, 0.9989795684814453, 1.0, 1.0, 0.9989795684814453], [0.9903083443641663, 0.9700440764427185, 0.9621145129203796, 0.9797356724739075, 0.9947136640548706, 0.9964757561683655, 1.0, 1.0, 1.0, 0.9982379078865051], [0.9961240291595459, 0.9990310072898865, 0.9922480583190918, 0.9854651093482971, 0.9689922332763672, 0.9457364082336426, 0.9389534592628479, 0.9350775480270386, 0.9505813717842102, 0.9777131676673889], [0.9336633682250977, 0.9356435537338257, 0.9554455280303955, 0.9811881184577942, 0.9950494766235352, 0.998019814491272, 0.997029721736908, 0.987128734588623, 0.9712871313095093, 0.9435643553733826], [0.951120138168335, 0.9175152778625488, 0.914460301399231, 0.9450101852416992, 0.9796333909034729, 0.9979633688926697, 0.9989816546440125, 0.9979633688926697, 0.9908350110054016, 0.9745417237281799], [0.9966367483139038, 0.9899103045463562, 0.9618834257125854, 0.9248878955841064, 0.9372197389602661, 0.9473094344139099, 0.9775784611701965, 0.9943946003913879, 0.9955157041549683, 0.9977578520774841], [0.9895615577697754, 0.9906054139137268, 0.9864300489425659, 0.9791231751441956, 0.9655532240867615, 0.9540709853172302, 0.9384133815765381, 0.9373695254325867, 0.9530271291732788, 0.9749478101730347], [0.8706225752830505, 0.8881322741508484, 0.9309338331222534, 0.9640077948570251, 0.981517493724823, 0.981517493724823, 0.9727626442909241, 0.951361894607544, 0.9309338331222534, 0.9036964774131775], [0.975359320640564, 0.9907597303390503, 0.9928131699562073, 0.9897330403327942, 0.9835729002952576, 0.9548254609107971, 0.9517453908920288, 0.9609856009483337, 0.953798770904541, 0.9558521509170532], [0.9554013609886169, 0.9881070256233215, 0.9960356950759888, 0.9960356950759888, 0.993062436580658, 0.9672943353652954, 0.9514370560646057, 0.9474727511405945, 0.9444994926452637, 0.9405351877212524]]",7.528032153844833,erm,lenet,True,0.028777778148651123,0.9,2,completed,73.9935193657875,0.8706225752830505,outputs_final/lenet/erm/N5000/seed2
0.9961000084877014,0.967544436454773,5000,0.9182000160217285,cuda,"[[0.9918367266654968, 0.9857142567634583, 0.9765306115150452, 0.9765306115150452, 0.9867346882820129, 0.9969387650489807, 0.9969387650489807, 0.9969387650489807, 0.9969387650489807, 0.9959183931350708], [0.9964757561683655, 0.9947136640548706, 0.9894273281097412, 0.976211428642273, 0.9806167483329773, 0.9841409921646118, 0.9797356724739075, 0.9823788404464722, 0.9894273281097412, 0.9973568320274353], [0.9457364082336426, 0.9825581312179565, 0.9912790656089783, 0.9970930218696594, 0.9941860437393188, 0.981589138507843, 0.944767415523529, 0.911821722984314, 0.9108527302742004, 0.9205426573753357], [0.9841583967208862, 0.9841583967208862, 0.9792079329490662, 0.9702970385551453, 0.9742574095726013, 0.9940593838691711, 1.0, 1.0, 0.999009907245636, 0.997029721736908], [0.9898167252540588, 0.9674134254455566, 0.9470468163490295, 0.92769855260849, 0.9307535886764526, 0.9663951396942139, 0.994908332824707, 0.9989816546440125, 0.9989816546440125, 0.994908332824707], [0.9607623219490051, 0.9596412777900696, 0.9708520174026489, 0.9809417128562927, 0.9910314083099365, 0.9910314083099365, 0.9753363132476807, 0.939461886882782, 0.9327354431152344, 0.9529147744178772], [0.9926931262016296, 0.9947807788848877, 0.9947807788848877, 0.9895615577697754, 0.9780793190002441, 0.9551148414611816, 0.9540709853172302, 0.9613778591156006, 0.9749478101730347, 0.9874739050865173], [0.9961089491844177, 0.9922178983688354, 0.9795719981193542, 0.9542801380157471, 0.9309338331222534, 0.9416342377662659, 0.9542801380157471, 0.9766536951065063, 0.9922178983688354, 0.9961089491844177], [0.966119110584259, 0.9887063503265381, 0.9907597303390503, 0.9804928302764893, 0.9312114715576172, 0.8501026630401611, 0.826488733291626, 0.836755633354187, 0.8921971321105957, 0.9353182911872864], [0.9573835730552673, 0.973240852355957, 0.9881070256233215, 0.993062436580658, 0.9980178475379944, 0.993062436580658, 0.9722497463226318, 0.9444994926452637, 0.9415262341499329, 0.9464816451072693]]",5.844922840595245,erm,lenet,True,0.029866667464375496,0.9,3,completed,53.586365878582,0.826488733291626,outputs_final/lenet/erm/N5000/seed3
0.993399977684021,0.958466649055481,5000,0.8937000036239624,cuda,"[[0.9969387650489807, 0.9959183931350708, 0.9938775300979614, 0.9877551198005676, 0.9785714149475098, 0.9806122183799744, 0.9806122183799744, 0.9734693765640259, 0.9846938848495483, 0.9948979616165161], [0.9920704960823059, 0.9903083443641663, 0.9982379078865051, 1.0, 1.0, 0.9982379078865051, 0.9920704960823059, 0.9859030842781067, 0.983259916305542, 0.9850220084190369], [0.9874030947685242, 0.9757751822471619, 0.961240291595459, 0.9505813717842102, 0.9350775480270386, 0.9176356792449951, 0.9282945990562439, 0.9651162624359131, 0.9883720874786377, 0.9912790656089783], [0.9900990128517151, 0.9900990128517151, 0.9920791983604431, 0.9920791983604431, 0.997029721736908, 0.998019814491272, 1.0, 0.998019814491272, 0.9831683039665222, 0.9851484894752502], [0.9918533563613892, 0.9887983798980713, 0.9837067127227783, 0.9775967597961426, 0.976578414440155, 0.9887983798980713, 0.9979633688926697, 0.9979633688926697, 0.9959266781806946, 0.9959266781806946], [0.9226457476615906, 0.9372197389602661, 0.976457417011261, 0.9843049049377441, 0.9719731211662292, 0.902466356754303, 0.7959641218185425, 0.8295964002609253, 0.894618809223175, 0.9204035997390747], [0.962421715259552, 0.9780793190002441, 0.9874739050865173, 0.9874739050865173, 0.9791231751441956, 0.9645093679428101, 0.942588746547699, 0.8914405107498169, 0.9091858267784119, 0.9457202553749084], [0.9883268475532532, 0.9805447459220886, 0.9747081995010376, 0.9698443412780762, 0.9591439962387085, 0.9727626442909241, 0.9873540997505188, 0.9980545043945312, 0.9980545043945312, 0.9912451505661011], [0.975359320640564, 0.9928131699562073, 0.9907597303390503, 0.977412760257721, 0.9168378114700317, 0.870636522769928, 0.8542094230651855, 0.8644763827323914, 0.861396312713623, 0.9301847815513611], [0.9187313914299011, 0.9405351877212524, 0.9583746194839478, 0.9781962633132935, 0.9811694622039795, 0.9831516146659851, 0.9554013609886169, 0.8384538888931274, 0.7532210350036621, 0.8364717364311218]]",5.597310036420822,erm,lenet,True,0.03700000047683716,0.9,4,completed,44.96998639404774,0.7532210350036621,outputs_final/lenet/erm/N5000/seed4
1.0,0.10143333673477173,0,0.0,cuda,"[[0.0, 0.0, 0.0, 0.9357143044471741, 1.0, 0.7938775420188904, 0.0, 0.0, 0.0, 0.0], [0.6290748715400696, 1.0, 0.5392070412635803, 0.0, 0.0, 0.0, 0.0, 0.0, 0.0, 0.0], [0.0, 0.0, 0.0, 0.0, 0.0, 0.0, 0.0019379844889044762, 1.0, 0.14631782472133636, 0.0], [0.0, 0.0, 0.0, 0.0, 0.8386138677597046, 1.0, 0.0, 0.0, 0.0, 0.0], [0.0, 0.0, 0.022403258830308914, 1.0, 0.9663951396942139, 0.0, 0.0, 0.0, 0.0, 0.0], [0.5571748614311218, 0.0, 0.0, 0.0, 0.0, 0.0, 0.0, 0.0, 0.6412556171417236, 1.0], [1.0, 0.8058454990386963, 0.0, 0.0, 0.0, 0.0, 0.0, 0.0, 0.0, 0.48851773142814636], [0.0, 0.0, 0.0, 0.0, 0.0, 0.0, 0.0, 0.4591439664363861, 1.0, 0.5817120671272278], [0.0, 0.0, 0.0, 0.0, 0.0, 0.0, 1.0, 0.0, 0.0, 0.0], [0.0009910803055390716, 0.7502477765083313, 1.0, 0.0, 0.0, 0.0, 0.0, 0.0, 0.0, 0.0]]",6.535681024193764,groupdro,lenet,False,0.8985666632652283,1.0,0,completed,107.39615531265736,0.0,outputs_final/lenet/groupdro/N0/seed0
0.9998000264167786,0.05586666613817215,0,0.0,cuda,"[[0.0, 0.0, 0.0, 0.0, 0.4673469364643097, 0.9989795684814453, 0.9663265347480774, 0.0, 0.0, 0.0], [0.0, 0.0, 0.0, 0.022026430815458298, 0.2290748953819275, 0.9682819247245789, 1.0, 0.049339208751916885, 0.0, 0.0], [0.058139536529779434, 1.0, 0.0058139534667134285, 0.0, 0.0, 0.0, 0.0, 0.0, 0.0, 0.0], [0.0, 0.004950494971126318, 1.0, 0.2950495183467865, 0.0, 0.0, 0.0, 0.0, 0.0, 0.0], [1.0, 0.19246435165405273, 0.0, 0.0, 0.0, 0.0, 0.0, 0.0, 0.0, 0.27189409732818604], [0.0, 0.0, 0.0, 0.0, 0.0, 0.0, 0.0, 0.0, 1.0, 0.35201793909072876], [0.010438413359224796, 0.0, 0.0, 0.0, 0.0, 0.0, 0.0, 0.0, 0.022964509204030037, 0.9989561438560486], [0.0, 0.0, 0.04571984335780144, 1.0, 0.05058365687727928, 0.0, 0.0, 0.0, 0.0, 0.0], [0.0, 0.0, 0.0, 0.0, 0.0, 0.0, 0.0, 1.0, 0.0, 0.0], [0.0, 0.0, 0.0, 0.0, 1.0, 0.904856264591217, 0.0, 0.0, 0.0, 0.0]]",5.87281908094883,groupdro,lenet,False,0.9441111087799072,1.0,1,completed,82.69242084026337,0.0,outputs_final/lenet/groupdro/N0/seed1
1.0,0.04063333198428154,0,0.0,cuda,"[[0.0, 0.0, 0.0, 0.0, 0.0, 0.0, 0.037755101919174194, 0.8693877458572388, 1.0, 0.0], [0.0, 0.0, 0.0, 0.0, 0.0, 0.0, 0.11101321876049042, 1.0, 0.8026431798934937, 0.0], [0.10949612408876419, 1.0, 0.04360464960336685, 0.0, 0.0, 0.0, 0.0, 0.0, 0.0, 0.0], [0.0, 0.0, 0.0, 0.0, 0.006930693052709103, 1.0, 0.29900988936424255, 0.0, 0.0, 0.0], [0.0, 0.0, 0.0, 0.0, 0.0, 0.3879837095737457, 1.0, 0.21181263029575348, 0.0, 0.0], [0.3139013350009918, 0.0, 0.0, 0.0, 0.0, 0.0, 0.0, 0.0, 0.17152465879917145, 1.0], [1.0, 0.00626304792240262, 0.0, 0.0, 0.0, 0.0, 0.0, 0.0, 0.0, 0.001043841359205544], [0.0, 0.0, 0.0, 0.031128404662013054, 1.0, 0.010700388811528683, 0.0, 0.0, 0.0, 0.0], [0.0, 0.0, 1.0, 0.002053388161584735, 0.0, 0.0, 0.0, 0.0, 0.0, 0.0], [0.0, 0.0, 0.18830525875091553, 1.0, 0.0, 0.0, 0.0, 0.0, 0.0, 0.0]]",7.287196725606918,groupdro,lenet,False,0.9593666791915894,1.0,2,completed,88.17989608645439,0.0,outputs_final/lenet/groupdro/N0/seed2
1.0,0.08245555311441422,0,0.0,cuda,"[[0.0, 0.0, 0.0, 0.0, 0.0, 0.0, 1.0, 0.027551019564270973, 0.0, 0.0], [1.0, 0.7938326001167297, 0.0, 0.0, 0.0, 0.0, 0.0, 0.0, 0.0, 0.07136563956737518], [0.0, 0.0, 0.26744186878204346, 1.0, 0.8391472697257996, 0.0, 0.0, 0.0, 0.0, 0.0], [0.0, 0.0, 0.0, 0.0, 0.0, 0.0, 0.5079208016395569, 1.0, 0.800000011920929, 0.0], [0.0, 0.0, 0.0, 0.0, 0.0, 0.0, 0.0, 0.2230142503976822, 1.0, 0.028513237833976746], [0.0, 0.0, 0.0, 0.0011210762895643711, 0.1132287010550499, 1.0, 0.07623318582773209, 0.0, 0.0, 0.0], [0.8956158757209778, 1.0, 0.2171189934015274, 0.0, 0.0, 0.0, 0.0, 0.0, 0.0, 0.0], [0.6527237296104431, 0.0, 0.0, 0.0, 0.0, 0.0, 0.0, 0.0, 0.48249027132987976, 1.0], [0.0, 0.570841908454895, 1.0, 0.0143737168982625, 0.0, 0.0, 0.0, 0.0, 0.0, 0.0], [0.0, 0.0, 0.0, 0.7175421118736267, 1.0, 0.004955401178449392, 0.0, 0.0, 0.0, 0.0]]",7.375311091542244,groupdro,lenet,False,0.917544424533844,1.0,3,completed,123.78838765621185,0.0,outputs_final/lenet/groupdro/N0/seed3
0.9998000264167786,0.05778888985514641,0,0.0,cuda,"[[1.0, 0.390816330909729, 0.0, 0.0, 0.0, 0.0, 0.0, 0.0, 0.0, 0.0], [0.0, 0.0, 0.0, 0.8026431798934937, 0.9991189241409302, 0.017621144652366638, 0.0, 0.0, 0.0, 0.0], [0.27810078859329224, 0.0, 0.0, 0.0, 0.0, 0.0, 0.0, 0.0, 0.00484496122226119, 1.0], [0.0, 0.0, 0.0, 0.0, 0.0, 0.1693069338798523, 1.0, 0.07227722555398941, 0.0, 0.0], [0.0, 0.0, 0.0, 0.0, 0.0, 0.0, 0.6486761569976807, 1.0, 0.0, 0.0], [0.0, 0.0, 0.4831838607788086, 1.0, 0.9674887657165527, 0.0011210762895643711, 0.0, 0.0, 0.0, 0.0], [0.0, 0.016701461747288704, 0.9989561438560486, 0.031315241008996964, 0.0, 0.0, 0.0, 0.0, 0.0, 0.0], [0.0, 0.0, 0.0, 0.0, 0.0, 0.0, 0.0, 0.32587549090385437, 1.0, 0.287937730550766], [0.0, 1.0, 0.15297740697860718, 0.0, 0.0, 0.0, 0.0, 0.0, 0.0, 0.0], [0.0, 0.0, 0.0, 0.0, 0.5877106189727783, 1.0, 0.0, 0.0, 0.0, 0.0]]",7.390329033136368,groupdro,lenet,False,0.9421777725219727,1.0,4,completed,102.83548538386822,0.0,outputs_final/lenet/groupdro/N0/seed4
0.9979000091552734,0.7295110821723938,100,0.31470000743865967,cuda,"[[0.6775510311126709, 0.7122448682785034, 0.9040816426277161, 0.9948979616165161, 0.9969387650489807, 0.9969387650489807, 0.9663265347480774, 0.7163265347480774, 0.6704081892967224, 0.6918367147445679], [0.9947136640548706, 1.0, 0.9964757561683655, 0.8969162702560425, 0.6299559473991394, 0.8114537596702576, 0.8766520023345947, 0.9259911775588989, 0.9621145129203796, 0.9850220084190369], [0.895348846912384, 0.7655038833618164, 0.6007751822471619, 0.2994185984134674, 0.06879845261573792, 0.3294573724269867, 0.9282945990562439, 0.9990310072898865, 0.9883720874786377, 0.9389534592628479], [0.39009901881217957, 0.5455445647239685, 0.699999988079071, 0.9663366079330444, 0.9940593838691711, 0.999009907245636, 0.9574257135391235, 0.604950487613678, 0.2950495183467865, 0.2603960335254669], [0.7617108225822449, 0.5264765620231628, 0.8279022574424744, 1.0, 0.9989816546440125, 0.9887983798980713, 0.9226069450378418, 0.8177189230918884, 0.7912423610687256, 0.8095722794532776], [0.9663677215576172, 0.7645739912986755, 0.4809417128562927, 0.2892376780509949, 0.14798206090927124, 0.216367706656456, 0.6266816258430481, 0.9742152690887451, 1.0, 0.9988788962364197], [0.9947807788848877, 0.9885177612304688, 0.9572024941444397, 0.780793309211731, 0.5, 0.5605428218841553, 0.7860125303268433, 0.9373695254325867, 0.9572024941444397, 0.9885177612304688], [0.9435797929763794, 0.6011673212051392, 0.30739298462867737, 0.27042800188064575, 0.32684823870658875, 0.4961089491844177, 0.8190661668777466, 0.9708171486854553, 0.9970816969871521, 1.0], [0.7813141942024231, 0.7330595254898071, 0.6478439569473267, 0.617043137550354, 0.48357290029525757, 0.7577002048492432, 0.9958932399749756, 0.941478431224823, 0.7936344742774963, 0.767967164516449], [0.9653121829032898, 0.9871159791946411, 0.9970267415046692, 0.9177403450012207, 0.4618434011936188, 0.48959365487098694, 0.8275520205497742, 0.40931615233421326, 0.18037660419940948, 0.6580772995948792]]",7.532279163599014,groupdro,lenet,False,0.26954445242881775,0.998,0,completed,122.22959038615227,0.06879845261573792,outputs_final/lenet/groupdro/N100/seed0
0.9976000189781189,0.7641666531562805,100,0.4311000108718872,cuda,"[[0.7867347002029419, 0.6897959113121033, 0.8173469305038452, 0.9326530694961548, 0.9857142567634583, 0.9948979616165161, 0.9918367266654968, 0.9377551078796387, 0.8642857074737549, 0.7642857432365417], [0.8396475911140442, 0.8607929348945618, 0.7788546085357666, 0.9286343455314636, 0.9876651763916016, 0.9991189241409302, 1.0, 0.9823788404464722, 0.9418502449989319, 0.8801761865615845], [0.9990310072898865, 0.9990310072898865, 0.9098837375640869, 0.4060077667236328, 0.17248061299324036, 0.24418604373931885, 0.41763564944267273, 0.5600775480270386, 0.8401162624359131, 0.9835271239280701], [0.909900963306427, 0.9851484894752502, 1.0, 0.997029721736908, 0.9237623810768127, 0.7643564343452454, 0.7168316841125488, 0.7435643672943115, 0.8207920789718628, 0.9188118577003479], [0.9989816546440125, 0.9928717017173767, 0.9521384835243225, 0.7505091428756714, 0.5244399309158325, 0.5040733218193054, 0.709775984287262, 0.9297352433204651, 0.9857434034347534, 0.9979633688926697], [0.8464125394821167, 0.6390134692192078, 0.4439461827278137, 0.4674887955188751, 0.5538116693496704, 0.6031390428543091, 0.7959641218185425, 0.9540358781814575, 0.9943946003913879, 0.9573991298675537], [0.9812108278274536, 0.9258872866630554, 0.8726513385772705, 0.818371593952179, 0.6805845499038696, 0.6565762162208557, 0.8413361310958862, 0.9561586380004883, 0.9958246350288391, 0.9958246350288391], [0.7538910508155823, 0.8638132214546204, 0.9698443412780762, 0.9990272521972656, 0.9844357967376709, 0.8910505771636963, 0.7723735570907593, 0.7470816969871521, 0.7529183030128479, 0.7363813519477844], [0.3336755633354187, 0.1119096502661705, 0.20739220082759857, 0.4928131401538849, 0.5759753584861755, 0.7073922157287598, 0.9445585012435913, 0.9989733099937439, 0.9743326306343079, 0.7741273045539856], [0.12190287560224533, 0.29236868023872375, 0.6342913508415222, 0.9415262341499329, 0.9940535426139832, 0.993062436580658, 0.9653121829032898, 0.8206144571304321, 0.4360753297805786, 0.15857283771038055]]",7.447135418653488,groupdro,lenet,False,0.23499999940395355,0.998,1,completed,134.7697582691908,0.1119096502661705,outputs_final/lenet/groupdro/N100/seed1
0.9958000183105469,0.7860666513442993,100,0.49810001254081726,cuda,"[[0.686734676361084, 0.5091836452484131, 0.6357142925262451, 0.4285714328289032, 0.609183669090271, 0.9040816426277161, 0.9836734533309937, 0.9969387650489807, 0.9948979616165161, 0.9642857313156128], [0.9127753376960754, 0.8528634309768677, 0.7621145248413086, 0.8035242557525635, 0.9101321697235107, 0.9753304123878479, 0.9947136640548706, 0.9955947399139404, 0.9938325881958008, 0.9691630005836487], [0.9864341020584106, 0.9970930218696594, 0.9854651093482971, 0.8982558250427246, 0.6686046719551086, 0.5687984228134155, 0.5310077667236328, 0.5843023061752319, 0.7732558250427246, 0.9602712988853455], [0.3049505054950714, 0.5465346574783325, 0.8396039605140686, 0.9425742626190186, 0.9821782112121582, 0.999009907245636, 0.998019814491272, 0.9495049715042114, 0.7504950761795044, 0.42475247383117676], [0.6191446185112, 0.686354398727417, 0.7505091428756714, 0.7454175353050232, 0.9103869795799255, 0.9979633688926697, 0.9979633688926697, 0.9898167252540588, 0.9460285305976868, 0.7739307284355164], [0.9977578520774841, 0.9943946003913879, 0.9596412777900696, 0.8587443828582764, 0.7757847309112549, 0.7948430776596069, 0.9069506525993347, 0.9843049049377441, 0.9966367483139038, 1.0], [0.9906054139137268, 0.9989561438560486, 0.9864300489425659, 0.8820459246635437, 0.8924843668937683, 0.8883090019226074, 0.8768267035484314, 0.8308976888656616, 0.8141962289810181, 0.9164927005767822], [0.881322979927063, 0.8832684755325317, 0.951361894607544, 0.981517493724823, 0.9970816969871521, 0.9854085445404053, 0.9533073902130127, 0.9250972867012024, 0.9348248839378357, 0.9348248839378357], [0.09548254311084747, 0.6981519460678101, 0.9958932399749756, 0.9548254609107971, 0.6622176766395569, 0.453798770904541, 0.5154004096984863, 0.41581109166145325, 0.07392197102308273, 0.018480492755770683], [0.40436074137687683, 0.7343904972076416, 0.9613478779792786, 0.9900891780853271, 0.8929633498191833, 0.6778988838195801, 0.4687809646129608, 0.5837462544441223, 0.7096135020256042, 0.5490584969520569]]",7.318295195698738,groupdro,lenet,False,0.21168889105319977,0.998,2,completed,110.8635384440422,0.018480492755770683,outputs_final/lenet/groupdro/N100/seed2
0.9980000257492065,0.6835444569587708,100,0.2752000093460083,cuda,"[[0.7030612230300903, 0.5520408153533936, 0.4306122362613678, 0.2846938669681549, 0.40816327929496765, 0.9602040648460388, 0.9969387650489807, 0.9857142567634583, 0.9438775777816772, 0.8642857074737549], [0.9973568320274353, 0.9797356724739075, 0.8757709264755249, 0.7471365928649902, 0.7092511057853699, 0.8290749192237854, 0.8140969276428223, 0.7788546085357666, 0.9180616736412048, 0.9911894202232361], [0.43798449635505676, 0.838178277015686, 0.9903100728988647, 1.0, 1.0, 0.9864341020584106, 0.6511628031730652, 0.15019379556179047, 0.18701550364494324, 0.2771317958831787], [0.8861386179924011, 0.6732673048973083, 0.6247524619102478, 0.43465346097946167, 0.5198019742965698, 0.8683168292045593, 0.996039628982544, 1.0, 0.999009907245636, 0.9742574095726013], [0.9439918398857117, 0.8350305557250977, 0.7036659717559814, 0.4725050926208496, 0.400203675031662, 0.7342159152030945, 0.9826883673667908, 0.9959266781806946, 1.0, 0.9959266781806946], [0.8609865307807922, 0.6973094344139099, 0.5908071994781494, 0.6715246438980103, 0.8374439477920532, 0.9966367483139038, 0.9708520174026489, 0.6378923654556274, 0.6221973299980164, 0.7948430776596069], [0.9926931262016296, 0.9937369227409363, 0.968684732913971, 0.7515657544136047, 0.5960333943367004, 0.6033402681350708, 0.705636739730835, 0.8246346712112427, 0.743215024471283, 0.9665970802307129], [0.9922178983688354, 0.9095330834388733, 0.6254863739013672, 0.21984435617923737, 0.08365758508443832, 0.19941633939743042, 0.29863813519477844, 0.40758755803108215, 0.9474708437919617, 0.9970816969871521], [0.8942505121231079, 0.9989733099937439, 0.9979466199874878, 0.8552361130714417, 0.36139631271362305, 0.20841889083385468, 0.14681725203990936, 0.10369610041379929, 0.2659137547016144, 0.6457905769348145], [0.4509415328502655, 0.7135778069496155, 0.9137760400772095, 0.9970267415046692, 1.0, 0.9960356950759888, 0.7423191070556641, 0.09316154569387436, 0.0664023756980896, 0.14370663464069366]]",7.722107365727425,groupdro,lenet,False,0.31601110100746155,0.998,3,completed,106.84450116753578,0.0664023756980896,outputs_final/lenet/groupdro/N100/seed3
0.9940000176429749,0.7718444466590881,100,0.42239999771118164,cuda,"[[0.9979591965675354, 0.9959183931350708, 0.9897959232330322, 0.9836734533309937, 0.9704081416130066, 0.9581632614135742, 0.9357143044471741, 0.890816330909729, 0.8979591727256775, 0.9887754917144775], [0.8052863478660583, 0.8687224388122559, 0.949779748916626, 0.992951512336731, 0.9955947399139404, 0.9867841601371765, 0.9541850090026855, 0.9048458337783813, 0.8704845905303955, 0.8237885236740112], [0.9874030947685242, 0.930232584476471, 0.7800387740135193, 0.6133720874786377, 0.44476744532585144, 0.34593021869659424, 0.4515503942966461, 0.856589138507843, 0.9874030947685242, 0.9990310072898865], [0.7702970504760742, 0.8207920789718628, 0.8792079091072083, 0.8900989890098572, 0.9386138319969177, 0.9881188273429871, 1.0, 0.997029721736908, 0.9247524738311768, 0.7326732873916626], [0.862525463104248, 0.8177189230918884, 0.7515274882316589, 0.5824847221374512, 0.505091667175293, 0.7617108225822449, 0.9918533563613892, 1.0, 0.9928717017173767, 0.9602851271629333], [0.7511211037635803, 0.8721973299980164, 0.9910314083099365, 0.9943946003913879, 0.9719731211662292, 0.8721973299980164, 0.5852017998695374, 0.4573991000652313, 0.5650224089622498, 0.6984304785728455], [0.7306889295578003, 0.9227557182312012, 0.9676409363746643, 0.8329854011535645, 0.6252609491348267, 0.5657619833946228, 0.36638832092285156, 0.17223381996154785, 0.6179540753364563, 0.7014613747596741], [0.9455252885818481, 0.9027237296104431, 0.8229572176933289, 0.6974708437919617, 0.5019454956054688, 0.4970817267894745, 0.8005836606025696, 0.9824903011322021, 0.9951362013816833, 0.981517493724823], [0.9312114715576172, 0.9928131699562073, 0.987679660320282, 0.8377823233604431, 0.5944558382034302, 0.3993839919567108, 0.3418891131877899, 0.41478440165519714, 0.36242300271987915, 0.546201229095459], [0.8334985375404358, 0.8860257863998413, 0.9197224974632263, 0.9702675938606262, 0.9960356950759888, 0.9960356950759888, 0.8929633498191833, 0.06442021578550339, 0.05153617262840271, 0.4370664060115814]]",6.19084158539772,groupdro,lenet,False,0.22517777979373932,0.998,4,completed,106.67934902012348,0.05153617262840271,outputs_final/lenet/groupdro/N100/seed4
0.9947999715805054,0.947433352470398,1000,0.864300012588501,cuda,"[[0.9673469662666321, 0.9795918464660645, 0.9918367266654968, 0.9948979616165161, 0.9959183931350708, 0.9948979616165161, 0.9826530814170837, 0.9765306115150452, 0.9795918464660645, 0.9806122183799744], [0.992951512336731, 0.9964757561683655, 0.9947136640548706, 0.9867841601371765, 0.9700440764427185, 0.9488986730575562, 0.9013215899467468, 0.9030836820602417, 0.9621145129203796, 0.9850220084190369], [0.9670542478561401, 0.9360465407371521, 0.893410861492157, 0.8604651093482971, 0.873062014579773, 0.9215116500854492, 0.9680232405662537, 0.9903100728988647, 0.9961240291595459, 0.9883720874786377], [0.9267326593399048, 0.9633663296699524, 0.9891089200973511, 0.998019814491272, 0.999009907245636, 1.0, 0.986138641834259, 0.9524752497673035, 0.905940592288971, 0.8980197906494141], [0.951120138168335, 0.9714867472648621, 0.9928717017173767, 0.9989816546440125, 1.0, 0.9969450235366821, 0.9643584489822388, 0.9256619215011597, 0.9256619215011597, 0.9307535886764526], [0.9910314083099365, 0.9753363132476807, 0.9428251385688782, 0.8890134692192078, 0.8307175040245056, 0.8195067048072815, 0.8856502175331116, 0.9663677215576172, 0.9932735562324524, 0.9955157041549683], [0.9937369227409363, 0.9916492700576782, 0.980167031288147, 0.9498956203460693, 0.924843430519104, 0.9102296233177185, 0.9029227495193481, 0.9478079080581665, 0.9718163013458252, 0.9853861927986145], [0.9824903011322021, 0.9328793883323669, 0.8774319291114807, 0.8482490181922913, 0.8618677258491516, 0.8939688801765442, 0.9562256932258606, 0.9766536951065063, 0.9931906461715698, 0.9970816969871521], [0.9630390405654907, 0.941478431224823, 0.929158091545105, 0.9404517412185669, 0.9620122909545898, 0.9897330403327942, 0.9989733099937439, 0.9958932399749756, 0.9825462102890015, 0.9589322209358215], [0.9821605682373047, 0.9890981316566467, 0.9851337671279907, 0.9762140512466431, 0.935579776763916, 0.904856264591217, 0.8295341730117798, 0.8057482838630676, 0.8691774010658264, 0.9375619292259216]]",7.312867343425751,groupdro,lenet,True,0.0501222237944603,0.98,0,completed,105.21504239737988,0.8057482838630676,outputs_final/lenet/groupdro/N1000/seed0
0.995199978351593,0.9549111127853394,1000,0.8845000267028809,cuda,"[[0.922448992729187, 0.9591836929321289, 0.981632649898529, 0.9897959232330322, 0.9938775300979614, 0.9959183931350708, 0.9928571581840515, 0.9826530814170837, 0.9479591846466064, 0.9020408391952515], [0.9770925045013428, 0.9770925045013428, 0.9814978241920471, 0.9823788404464722, 0.9903083443641663, 0.9982379078865051, 0.9982379078865051, 0.9885462522506714, 0.976211428642273, 0.9718061685562134], [0.9990310072898865, 0.998062014579773, 0.9883720874786377, 0.961240291595459, 0.9331395626068115, 0.9098837375640869, 0.9156976938247681, 0.9467054009437561, 0.9738371968269348, 0.9941860437393188], [0.9792079329490662, 0.9940593838691711, 0.997029721736908, 0.9950494766235352, 0.9920791983604431, 0.9693069458007812, 0.9336633682250977, 0.89702969789505, 0.89702969789505, 0.9445544481277466], [0.9979633688926697, 0.9969450235366821, 0.9877800345420837, 0.9633401036262512, 0.9185336232185364, 0.909368634223938, 0.9368635416030884, 0.976578414440155, 0.9867616891860962, 0.9969450235366821], [0.9708520174026489, 0.9215246438980103, 0.8856502175331116, 0.8923766613006592, 0.9215246438980103, 0.9428251385688782, 0.9730941653251648, 0.9910314083099365, 0.9943946003913879, 0.9921524524688721], [0.9958246350288391, 0.9906054139137268, 0.9843423962593079, 0.9759916663169861, 0.9728600978851318, 0.9728600978851318, 0.9770354628562927, 0.9832985401153564, 0.9906054139137268, 0.9968684911727905], [0.8891050815582275, 0.9474708437919617, 0.9834630489349365, 0.9892995953559875, 0.9892995953559875, 0.9795719981193542, 0.9581711888313293, 0.905642032623291, 0.8550583720207214, 0.8511673212051392], [0.9281314015388489, 0.8675564527511597, 0.8675564527511597, 0.9199178814888, 0.9507187008857727, 0.9702258706092834, 0.9887063503265381, 0.9948665499687195, 0.9897330403327942, 0.9712525606155396], [0.8632309436798096, 0.9335976243019104, 0.9643211364746094, 0.9821605682373047, 0.9890981316566467, 0.9900891780853271, 0.9772051572799683, 0.9345887303352356, 0.8761149644851685, 0.8334985375404358]]",7.328075498342514,groupdro,lenet,True,0.041822221130132675,0.98,1,completed,113.61170329153538,0.8334985375404358,outputs_final/lenet/groupdro/N1000/seed1
0.9958999752998352,0.956766664981842,1000,0.8838000297546387,cuda,"[[0.9826530814170837, 0.9561224579811096, 0.9132652878761292, 0.9122449159622192, 0.954081654548645, 0.981632649898529, 0.9959183931350708, 0.9979591965675354, 0.9979591965675354, 0.9928571581840515], [0.9876651763916016, 0.9603524208068848, 0.9348017573356628, 0.933920681476593, 0.9656387567520142, 0.9903083443641663, 0.9964757561683655, 0.9982379078865051, 0.9991189241409302, 0.9955947399139404], [0.9961240291595459, 0.9941860437393188, 0.9786821603775024, 0.9418604373931885, 0.9011628031730652, 0.873062014579773, 0.8914728760719299, 0.9253876209259033, 0.9641472697257996, 0.9874030947685242], [0.9396039843559265, 0.9297029972076416, 0.9465346336364746, 0.9792079329490662, 0.9930692911148071, 0.999009907245636, 0.999009907245636, 0.9940593838691711, 0.9821782112121582, 0.9574257135391235], [0.9541751742362976, 0.9063136577606201, 0.8879836797714233, 0.9124236106872559, 0.9653767943382263, 0.9959266781806946, 1.0, 1.0, 0.9979633688926697, 0.981670081615448], [0.9966367483139038, 0.9843049049377441, 0.9360986351966858, 0.8934977650642395, 0.9136771559715271, 0.9327354431152344, 0.9641255736351013, 0.9854260087013245, 0.9955157041549683, 0.9977578520774841], [0.9906054139137268, 0.9895615577697754, 0.9832985401153564, 0.9791231751441956, 0.9739039540290833, 0.9645093679428101, 0.9519832730293274, 0.9415448904037476, 0.9592902064323425, 0.9791231751441956], [0.9348248839378357, 0.9581711888313293, 0.9737353920936584, 0.9873540997505188, 0.9902724027633667, 0.9912451505661011, 0.9844357967376709, 0.9795719981193542, 0.9708171486854553, 0.9533073902130127], [0.9815195202827454, 0.9969199299812317, 1.0, 0.9969199299812317, 0.987679660320282, 0.9332649111747742, 0.8819301724433899, 0.8737166523933411, 0.9117043018341064, 0.9527720808982849], [0.9365708827972412, 0.9653121829032898, 0.9831516146659851, 0.9910802841186523, 0.9821605682373047, 0.9375619292259216, 0.8394449949264526, 0.8206144571304321, 0.901883065700531, 0.9207136034965515]]",7.414088323712349,groupdro,lenet,True,0.040422223508358,0.98,2,completed,121.55334201455116,0.8206144571304321,outputs_final/lenet/groupdro/N1000/seed2
0.9930999875068665,0.9339110851287842,1000,0.8374000191688538,cuda,"[[0.9877551198005676, 0.9795918464660645, 0.9795918464660645, 0.9775510430335999, 0.9867346882820129, 0.9928571581840515, 0.9948979616165161, 0.9948979616165161, 0.9887754917144775, 0.9877551198005676], [0.9920704960823059, 0.9876651763916016, 0.9691630005836487, 0.9409691691398621, 0.9365638494491577, 0.9524229168891907, 0.9603524208068848, 0.9718061685562134, 0.9859030842781067, 0.9920704960823059], [0.9515503644943237, 0.9806201457977295, 0.998062014579773, 0.9970930218696594, 0.9951550364494324, 0.9738371968269348, 0.9224806427955627, 0.8255813717842102, 0.8352712988853455, 0.8982558250427246], [0.9950494766235352, 0.986138641834259, 0.9693069458007812, 0.9603960514068604, 0.9663366079330444, 0.9811881184577942, 0.998019814491272, 1.0, 1.0, 0.997029721736908], [0.9867616891860962, 0.9663951396942139, 0.9215885996818542, 0.8920570015907288, 0.9002036452293396, 0.9378818869590759, 0.9887983798980713, 0.9989816546440125, 0.9989816546440125, 0.9979633688926697], [0.9742152690887451, 0.9854260087013245, 0.9921524524688721, 0.9955157041549683, 0.9966367483139038, 0.9966367483139038, 0.9843049049377441, 0.9529147744178772, 0.9405829310417175, 0.9562780261039734], [0.9853861927986145, 0.9895615577697754, 0.9885177612304688, 0.9718163013458252, 0.9279749393463135, 0.867432177066803, 0.8643006086349487, 0.9133611917495728, 0.9561586380004883, 0.9749478101730347], [0.9854085445404053, 0.9649805426597595, 0.9173151850700378, 0.8180933594703674, 0.7120622396469116, 0.7217898964881897, 0.825875461101532, 0.9105058312416077, 0.9708171486854553, 0.9854085445404053], [0.9445585012435913, 0.9835729002952576, 0.9825462102890015, 0.9558521509170532, 0.8798767924308777, 0.7073922157287598, 0.5544148087501526, 0.5410677790641785, 0.685831606388092, 0.8470225930213928], [0.9365708827972412, 0.9643211364746094, 0.9841427206993103, 0.9920713305473328, 0.9940535426139832, 0.9821605682373047, 0.9573835730552673, 0.9167492389678955, 0.8741328120231628, 0.8860257863998413]]",6.37430664896965,groupdro,lenet,True,0.0617000013589859,0.98,3,completed,135.9883078187704,0.5410677790641785,outputs_final/lenet/groupdro/N1000/seed3
0.9934999942779541,0.9516777992248535,1000,0.8773999810218811,cuda,"[[0.9979591965675354, 0.9938775300979614, 0.9908163547515869, 0.9795918464660645, 0.9826530814170837, 0.9887754917144775, 0.9948979616165161, 0.9959183931350708, 0.9959183931350708, 0.9979591965675354], [0.949779748916626, 0.9629955887794495, 0.9779735803604126, 0.9876651763916016, 0.9973568320274353, 0.9973568320274353, 0.9947136640548706, 0.9823788404464722, 0.9577092528343201, 0.9462555050849915], [0.9912790656089783, 0.9883720874786377, 0.9680232405662537, 0.9360465407371521, 0.9505813717842102, 0.9641472697257996, 0.9835271239280701, 0.9951550364494324, 0.998062014579773, 0.9970930218696594], [0.8811880946159363, 0.8633663654327393, 0.8445544838905334, 0.8792079091072083, 0.9376237392425537, 0.9841583967208862, 0.9940593838691711, 0.9891089200973511, 0.9435643553733826, 0.894059419631958], [0.9714867472648621, 0.9501018524169922, 0.9236252307891846, 0.9103869795799255, 0.9307535886764526, 0.9684317708015442, 0.9918533563613892, 0.9979633688926697, 0.9908350110054016, 0.9847250580787659], [0.9473094344139099, 0.9854260087013245, 0.9921524524688721, 0.9966367483139038, 0.9955157041549683, 0.9854260087013245, 0.9439461827278137, 0.9035874605178833, 0.8934977650642395, 0.9181614518165588], [0.9488517642021179, 0.9780793190002441, 0.9906054139137268, 0.9885177612304688, 0.9864300489425659, 0.9780793190002441, 0.9530271291732788, 0.9133611917495728, 0.8841336369514465, 0.8956158757209778], [0.9494163393974304, 0.9280155897140503, 0.911478579044342, 0.905642032623291, 0.9134241342544556, 0.9474708437919617, 0.981517493724823, 0.9873540997505188, 0.981517493724823, 0.9737353920936584], [0.9825462102890015, 0.9938398599624634, 0.9948665499687195, 0.9907597303390503, 0.9815195202827454, 0.975359320640564, 0.9579055309295654, 0.9373716711997986, 0.882956862449646, 0.9332649111747742], [0.86422199010849, 0.8939543962478638, 0.9246779084205627, 0.9573835730552673, 0.9791873097419739, 0.9881070256233215, 0.9762140512466431, 0.9137760400772095, 0.8057482838630676, 0.803766131401062]]",7.200238987803459,groupdro,lenet,True,0.04458888992667198,0.98,4,completed,80.41477955877781,0.803766131401062,outputs_final/lenet/groupdro/N1000/seed4
0.9941999912261963,0.8784888982772827,250,0.6962000131607056,cuda,"[[0.9744898080825806, 0.9561224579811096, 0.972449004650116, 0.9928571581840515, 0.9959183931350708, 0.9959183931350708, 0.9908163547515869, 0.9846938848495483, 0.9775510430335999, 0.9836734533309937], [0.9938325881958008, 0.9955947399139404, 0.9859030842781067, 0.9224669337272644, 0.7568281888961792, 0.8431718349456787, 0.8845815062522888, 0.9180616736412048, 0.9594713449478149, 0.9876651763916016], [0.9563953280448914, 0.8914728760719299, 0.8391472697257996, 0.7732558250427246, 0.7306201457977295, 0.8624030947685242, 0.9738371968269348, 0.998062014579773, 0.9951550364494324, 0.9854651093482971], [0.7693069577217102, 0.7386138439178467, 0.7930693030357361, 0.9435643553733826, 0.9851484894752502, 0.996039628982544, 0.9653465151786804, 0.8366336822509766, 0.7188118696212769, 0.7267326712608337], [0.8065173029899597, 0.8054989576339722, 0.9297352433204651, 0.9979633688926697, 0.9989816546440125, 0.9989816546440125, 0.9694501161575317, 0.9287168979644775, 0.9124236106872559, 0.8767820596694946], [0.976457417011261, 0.8856502175331116, 0.7477578520774841, 0.6692824959754944, 0.6468609571456909, 0.7410314083099365, 0.908071756362915, 0.9899103045463562, 0.9977578520774841, 0.9988788962364197], [0.9864300489425659, 0.9843423962593079, 0.9780793190002441, 0.968684732913971, 0.9561586380004883, 0.9415448904037476, 0.9363256692886353, 0.942588746547699, 0.9509394764900208, 0.9739039540290833], [0.8463035225868225, 0.6429961323738098, 0.5194552540779114, 0.542801558971405, 0.6663424372673035, 0.8180933594703674, 0.9270427823066711, 0.975680947303772, 0.9844357967376709, 0.9552529454231262], [0.7227926254272461, 0.5944558382034302, 0.47022587060928345, 0.5574948787689209, 0.7751539945602417, 0.9466118812561035, 0.9917864203453064, 0.9630390405654907, 0.8480492830276489, 0.790554404258728], [0.9910802841186523, 0.9960356950759888, 0.9970267415046692, 0.9890981316566467, 0.9117938280105591, 0.8850346803665161, 0.9256689548492432, 0.8959365487098694, 0.9127849340438843, 0.969276487827301]]",7.366643130779266,groupdro,lenet,False,0.1177888885140419,0.995,0,completed,112.9899243414402,0.47022587060928345,outputs_final/lenet/groupdro/N250/seed0
0.9958999752998352,0.8790000081062317,250,0.6830999851226807,cuda,"[[0.8030612468719482, 0.827551007270813, 0.9265305995941162, 0.9663265347480774, 0.9846938848495483, 0.9908163547515869, 0.9908163547515869, 0.9642857313156128, 0.8948979377746582, 0.8255102038383484], [0.9383260011672974, 0.9603524208068848, 0.9867841601371765, 0.9947136640548706, 1.0, 1.0, 1.0, 0.9920704960823059, 0.9629955887794495, 0.9585903286933899], [0.9961240291595459, 0.9961240291595459, 0.9602712988853455, 0.7470930218696594, 0.5610465407371521, 0.518410861492157, 0.6056201457977295, 0.7441860437393188, 0.9127907156944275, 0.9883720874786377], [0.9564356207847595, 0.9891089200973511, 0.998019814491272, 0.9841583967208862, 0.9316831827163696, 0.8633663654327393, 0.7930693030357361, 0.7980198264122009, 0.8752475380897522, 0.9405940771102905], [1.0, 1.0, 0.9938900470733643, 0.9613034725189209, 0.9185336232185364, 0.8716904520988464, 0.8778004050254822, 0.904276967048645, 0.9704684615135193, 0.9969450235366821], [0.9215246438980103, 0.8161435127258301, 0.652466356754303, 0.5784753561019897, 0.5123318433761597, 0.5829596519470215, 0.7623318433761597, 0.9495515823364258, 0.9943946003913879, 0.9831838607788086], [0.9864300489425659, 0.9561586380004883, 0.8987473845481873, 0.8851774334907532, 0.893528163433075, 0.9175365567207336, 0.9488517642021179, 0.980167031288147, 0.9926931262016296, 0.9958246350288391], [0.8647859692573547, 0.9533073902130127, 0.9902724027633667, 0.9970816969871521, 0.9892995953559875, 0.9581711888313293, 0.9085603356361389, 0.8852140307426453, 0.8667315244674683, 0.8492217659950256], [0.6786447763442993, 0.5431211590766907, 0.6303901672363281, 0.8039014339447021, 0.8470225930213928, 0.8993839621543884, 0.9794661402702332, 0.9979466199874878, 0.9856262803077698, 0.8901437520980835], [0.5847373604774475, 0.6630327105522156, 0.8880079388618469, 0.9702675938606262, 0.9881070256233215, 0.9861248731613159, 0.9504460096359253, 0.8671952486038208, 0.8473736643791199, 0.7710604667663574]]",7.444548144936562,groupdro,lenet,False,0.11868888884782791,0.995,1,completed,124.70775626599789,0.5123318433761597,outputs_final/lenet/groupdro/N250/seed1
0.991599977016449,0.9168000221252441,250,0.7940000295639038,cuda,"[[0.9714285731315613, 0.9091836810112, 0.8765305876731873, 0.9112244844436646, 0.9673469662666321, 0.9918367266654968, 0.9959183931350708, 0.9979591965675354, 0.9979591965675354, 0.9948979616165161], [0.976211428642273, 0.9585903286933899, 0.9453744292259216, 0.9603524208068848, 0.9814978241920471, 0.9947136640548706, 0.9982379078865051, 1.0, 0.9991189241409302, 0.9911894202232361], [0.9970930218696594, 0.9990310072898865, 0.9941860437393188, 0.9864341020584106, 0.9748061895370483, 0.9563953280448914, 0.9176356792449951, 0.8972868323326111, 0.9525193572044373, 0.9912790656089783], [0.7603960633277893, 0.8188118934631348, 0.8663366436958313, 0.9128713011741638, 0.9594059586524963, 0.9821782112121582, 0.9782178401947021, 0.9504950642585754, 0.894059419631958, 0.8108910918235779], [0.7657840847969055, 0.7311608791351318, 0.7301425933837891, 0.7861506938934326, 0.9175152778625488, 0.9918533563613892, 0.994908332824707, 0.9775967597961426, 0.9480651617050171, 0.8818737268447876], [0.9955157041549683, 0.9876681566238403, 0.939461886882782, 0.8587443828582764, 0.8755605220794678, 0.939461886882782, 0.9798206090927124, 0.9887892603874207, 0.9932735562324524, 0.9966367483139038], [0.9906054139137268, 0.9968684911727905, 0.9906054139137268, 0.9812108278274536, 0.9780793190002441, 0.9676409363746643, 0.924843430519104, 0.8632568120956421, 0.9060542583465576, 0.9697285890579224], [0.8754863739013672, 0.8968871831893921, 0.9523346424102783, 0.9776264429092407, 0.9873540997505188, 0.9844357967376709, 0.951361894607544, 0.8998054265975952, 0.8784046769142151, 0.8774319291114807], [0.7885010242462158, 0.9250513315200806, 0.9825462102890015, 0.9897330403327942, 0.977412760257721, 0.9342916011810303, 0.8644763827323914, 0.7997946739196777, 0.7207392454147339, 0.6940451860427856], [0.7264618277549744, 0.8136768937110901, 0.9385530352592468, 0.9841427206993103, 0.9811694622039795, 0.9444994926452637, 0.8582755327224731, 0.7898910045623779, 0.7740337252616882, 0.7403369545936584]]",7.0324882715940475,groupdro,lenet,True,0.079055555164814,0.995,2,completed,109.38962014019489,0.6940451860427856,outputs_final/lenet/groupdro/N250/seed2
0.9943000078201294,0.9189000129699707,250,0.7781999707221985,cuda,"[[0.9693877696990967, 0.9663265347480774, 0.9459183812141418, 0.9448979496955872, 0.9612244963645935, 0.9836734533309937, 0.9867346882820129, 0.981632649898529, 0.949999988079071, 0.9448979496955872], [0.9991189241409302, 0.9938325881958008, 0.9585903286933899, 0.8916299343109131, 0.8643171787261963, 0.9092510938644409, 0.9541850090026855, 0.9629955887794495, 0.983259916305542, 0.9982379078865051], [0.8401162624359131, 0.9457364082336426, 0.979651153087616, 0.9903100728988647, 0.9903100728988647, 0.9748061895370483, 0.9370155334472656, 0.8808139562606812, 0.8391472697257996, 0.7722868323326111], [0.9306930899620056, 0.9128713011741638, 0.9019802212715149, 0.8900989890098572, 0.907920777797699, 0.9653465151786804, 0.996039628982544, 0.999009907245636, 0.9930692911148071, 0.9603960514068604], [0.9562118053436279, 0.8981670141220093, 0.8248472213745117, 0.7881873846054077, 0.7830957174301147, 0.867617130279541, 0.9633401036262512, 0.9918533563613892, 0.994908332824707, 0.9837067127227783], [0.9360986351966858, 0.9383407831192017, 0.9304932951927185, 0.976457417011261, 0.9966367483139038, 0.9966367483139038, 0.9697309136390686, 0.8430493474006653, 0.8071748614311218, 0.8800448179244995], [0.9864300489425659, 0.9906054139137268, 0.9864300489425659, 0.9676409363746643, 0.9363256692886353, 0.9227557182312012, 0.9572024941444397, 0.9144049882888794, 0.8653444647789001, 0.9540709853172302], [0.9931906461715698, 0.9785992503166199, 0.951361894607544, 0.8424124717712402, 0.7383268475532532, 0.7392995953559875, 0.8424124717712402, 0.9630350470542908, 0.9951362013816833, 0.9970816969871521], [0.9127309918403625, 0.9825462102890015, 0.9948665499687195, 0.9887063503265381, 0.9548254609107971, 0.9004106521606445, 0.8603696227073669, 0.8121150135993958, 0.8305954933166504, 0.8357289433479309], [0.7988107204437256, 0.8721506595611572, 0.9058473706245422, 0.9682854413986206, 0.993062436580658, 0.9890981316566467, 0.9672943353652954, 0.9226957559585571, 0.806739330291748, 0.7264618277549744]]",7.471108004450798,groupdro,lenet,True,0.07791110873222351,0.995,3,completed,131.100450694561,0.7264618277549744,outputs_final/lenet/groupdro/N250/seed3
0.9955000281333923,0.8676333427429199,250,0.6711999773979187,cuda,"[[0.9979591965675354, 0.9928571581840515, 0.9755101799964905, 0.9479591846466064, 0.9714285731315613, 0.9826530814170837, 0.9642857313156128, 0.9612244963645935, 0.9785714149475098, 0.9969387650489807], [0.8704845905303955, 0.8493391871452332, 0.933920681476593, 0.9894273281097412, 0.9982379078865051, 0.9955947399139404, 0.9788545966148376, 0.9621145129203796, 0.9392070770263672, 0.900440514087677], [0.9825581312179565, 0.8711240291595459, 0.7432170510292053, 0.7034883499145508, 0.6976743936538696, 0.7199612259864807, 0.7984496355056763, 0.9680232405662537, 0.9990310072898865, 0.9990310072898865], [0.694059431552887, 0.5970296859741211, 0.593069314956665, 0.698019802570343, 0.8574257493019104, 0.9801980257034302, 0.997029721736908, 0.9930692911148071, 0.906930685043335, 0.7623762488365173], [0.8268839120864868, 0.7219959497451782, 0.7291242480278015, 0.7606924772262573, 0.7932790517807007, 0.9052953124046326, 0.9938900470733643, 1.0, 0.9898167252540588, 0.9378818869590759], [0.6569506525993347, 0.7623318433761597, 0.9506726264953613, 0.9966367483139038, 0.9966367483139038, 0.976457417011261, 0.8396860957145691, 0.7724215388298035, 0.8082959651947021, 0.7567264437675476], [0.9018788933753967, 0.962421715259552, 0.9885177612304688, 0.9906054139137268, 0.9488517642021179, 0.9300626516342163, 0.9081419706344604, 0.8371607661247253, 0.8799582719802856, 0.8716075420379639], [0.9017509818077087, 0.8414396643638611, 0.8346303701400757, 0.8472762703895569, 0.8579766750335693, 0.8677042722702026, 0.9445525407791138, 0.9931906461715698, 0.9892995953559875, 0.9601167440414429], [0.9938398599624634, 0.9979466199874878, 1.0, 0.9835729002952576, 0.9425051212310791, 0.9281314015388489, 0.9322382211685181, 0.9322382211685181, 0.8408623933792114, 0.9229979515075684], [0.6451932787895203, 0.5252725481987, 0.7036669850349426, 0.8850346803665161, 0.9682854413986206, 0.9900891780853271, 0.9375619292259216, 0.5688800811767578, 0.4667988121509552, 0.6570862531661987]]",7.468543455004692,groupdro,lenet,False,0.13014444708824158,0.995,4,completed,119.0116507858038,0.4667988121509552,outputs_final/lenet/groupdro/N250/seed4
0.9921000003814697,0.9752222299575806,2500,0.9505000114440918,cuda,"[[0.9795918464660645, 0.9826530814170837, 0.9867346882820129, 0.9928571581840515, 0.9938775300979614, 0.9938775300979614, 0.9897959232330322, 0.9877551198005676, 0.9846938848495483, 0.981632649898529], [0.9955947399139404, 0.9973568320274353, 0.9964757561683655, 0.9938325881958008, 0.9859030842781067, 0.9718061685562134, 0.9647576808929443, 0.9718061685562134, 0.9841409921646118, 0.992951512336731], [0.9544573426246643, 0.942829430103302, 0.9360465407371521, 0.932170569896698, 0.9331395626068115, 0.9467054009437561, 0.9670542478561401, 0.9806201457977295, 0.9786821603775024, 0.9728682041168213], [0.9603960514068604, 0.9702970385551453, 0.986138641834259, 0.9930692911148071, 0.997029721736908, 0.997029721736908, 0.9940593838691711, 0.986138641834259, 0.9683168530464172, 0.9574257135391235], [0.9786150455474854, 0.9847250580787659, 0.9887983798980713, 0.994908332824707, 0.9979633688926697, 0.994908332824707, 0.9867616891860962, 0.9755600690841675, 0.976578414440155, 0.9755600690841675], [0.9921524524688721, 0.9854260087013245, 0.9742152690887451, 0.9551569223403931, 0.9383407831192017, 0.9405829310417175, 0.9573991298675537, 0.9820627570152283, 0.9910314083099365, 0.9932735562324524], [0.9864300489425659, 0.9874739050865173, 0.9812108278274536, 0.9770354628562927, 0.9676409363746643, 0.9592902064323425, 0.9655532240867615, 0.9759916663169861, 0.982254683971405, 0.9874739050865173], [0.9834630489349365, 0.9630350470542908, 0.9416342377662659, 0.9357976913452148, 0.9357976913452148, 0.9542801380157471, 0.9717898964881897, 0.9834630489349365, 0.9902724027633667, 0.9902724027633667], [0.9640657305717468, 0.9599589109420776, 0.9691991806030273, 0.978439450263977, 0.9856262803077698, 0.9928131699562073, 0.9958932399749756, 0.9928131699562073, 0.9856262803077698, 0.975359320640564], [0.9890981316566467, 0.9910802841186523, 0.9910802841186523, 0.9890981316566467, 0.9791873097419739, 0.969276487827301, 0.9682854413986206, 0.9772051572799683, 0.9791873097419739, 0.9871159791946411]]",7.260069325566292,groupdro,lenet,True,0.01886666752398014,0.95,0,completed,112.11461405456066,0.932170569896698,outputs_final/lenet/groupdro/N2500/seed0
0.9936000108718872,0.9724222421646118,2500,0.9369999766349792,cuda,"[[0.9163265228271484, 0.9428571462631226, 0.9673469662666321, 0.9857142567634583, 0.9908163547515869, 0.9918367266654968, 0.9918367266654968, 0.981632649898529, 0.9510204195976257, 0.9132652878761292], [0.9726872444152832, 0.9744493365287781, 0.9806167483329773, 0.9876651763916016, 0.9903083443641663, 0.9947136640548706, 0.9955947399139404, 0.9867841601371765, 0.976211428642273, 0.9709250926971436], [0.9990310072898865, 0.998062014579773, 0.9970930218696594, 0.9874030947685242, 0.9786821603775024, 0.9757751822471619, 0.9757751822471619, 0.9767441749572754, 0.9864341020584106, 0.9961240291595459], [0.9831683039665222, 0.9920791983604431, 0.997029721736908, 0.998019814491272, 0.9950494766235352, 0.9900990128517151, 0.9811881184577942, 0.9603960514068604, 0.9504950642585754, 0.9702970385551453], [0.9969450235366821, 0.9938900470733643, 0.9847250580787659, 0.9674134254455566, 0.9460285305976868, 0.9389002323150635, 0.951120138168335, 0.9663951396942139, 0.981670081615448, 0.9938900470733643], [0.9899103045463562, 0.9753363132476807, 0.9652466177940369, 0.9618834257125854, 0.9652466177940369, 0.9775784611701965, 0.9921524524688721, 0.9943946003913879, 0.9955157041549683, 0.9943946003913879], [0.9937369227409363, 0.9916492700576782, 0.9843423962593079, 0.9759916663169861, 0.9728600978851318, 0.9759916663169861, 0.9770354628562927, 0.9832985401153564, 0.9874739050865173, 0.9916492700576782], [0.9503890872001648, 0.9717898964881897, 0.9834630489349365, 0.9902724027633667, 0.9873540997505188, 0.9805447459220886, 0.9717898964881897, 0.9503890872001648, 0.9319066405296326, 0.9280155897140503], [0.9558521509170532, 0.9394250512123108, 0.9363449811935425, 0.9527720808982849, 0.9743326306343079, 0.9825462102890015, 0.9907597303390503, 0.9938398599624634, 0.987679660320282, 0.9794661402702332], [0.9306243658065796, 0.9534192085266113, 0.9742318987846375, 0.9831516146659851, 0.9851337671279907, 0.9861248731613159, 0.9811694622039795, 0.9573835730552673, 0.9217046499252319, 0.9187313914299011]]",7.474554196000099,groupdro,lenet,True,0.023144444450736046,0.95,1,completed,138.27796468138695,0.9132652878761292,outputs_final/lenet/groupdro/N2500/seed1
0.9941999912261963,0.9764444231987,2500,0.9466000199317932,cuda,"[[0.9928571581840515, 0.9897959232330322, 0.9867346882820129, 0.9877551198005676, 0.9897959232330322, 0.9938775300979614, 0.9969387650489807, 0.9979591965675354, 0.9989795684814453, 0.9979591965675354], [0.9955947399139404, 0.9894273281097412, 0.9867841601371765, 0.9867841601371765, 0.9920704960823059, 0.9964757561683655, 0.9973568320274353, 0.9982379078865051, 0.9982379078865051, 0.9973568320274353], [0.9912790656089783, 0.9932170510292053, 0.9883720874786377, 0.9835271239280701, 0.9748061895370483, 0.9660852551460266, 0.9515503644943237, 0.9457364082336426, 0.961240291595459, 0.9835271239280701], [0.9366336464881897, 0.9594059586524963, 0.9782178401947021, 0.9881188273429871, 0.9920791983604431, 0.997029721736908, 0.996039628982544, 0.9831683039665222, 0.9663366079330444, 0.9386138319969177], [0.9837067127227783, 0.9755600690841675, 0.9755600690841675, 0.981670081615448, 0.9938900470733643, 1.0, 1.0, 0.9989816546440125, 0.9979633688926697, 0.9877800345420837], [0.9977578520774841, 0.9955157041549683, 0.9887892603874207, 0.9798206090927124, 0.9708520174026489, 0.9775784611701965, 0.9899103045463562, 0.9955157041549683, 0.9977578520774841, 0.9977578520774841], [0.982254683971405, 0.9843423962593079, 0.9812108278274536, 0.980167031288147, 0.9718163013458252, 0.9634655714035034, 0.9561586380004883, 0.9561586380004883, 0.9645093679428101, 0.9759916663169861], [0.9494163393974304, 0.9591439962387085, 0.9717898964881897, 0.9824903011322021, 0.9892995953559875, 0.9902724027633667, 0.9873540997505188, 0.9834630489349365, 0.975680947303772, 0.9620622396469116], [0.977412760257721, 0.9917864203453064, 0.9948665499687195, 0.9938398599624634, 0.9845995903015137, 0.9733059406280518, 0.9548254609107971, 0.9301847815513611, 0.929158091545105, 0.9455851912498474], [0.9613478779792786, 0.9801784157752991, 0.9881070256233215, 0.9900891780853271, 0.9831516146659851, 0.9682854413986206, 0.9335976243019104, 0.8979187607765198, 0.9078295230865479, 0.9316154718399048]]",6.8975443840026855,groupdro,lenet,True,0.01873333379626274,0.95,2,completed,104.70064017176628,0.8979187607765198,outputs_final/lenet/groupdro/N2500/seed2
0.9925000071525574,0.9753666520118713,2500,0.9490000009536743,cuda,"[[0.9887754917144775, 0.9897959232330322, 0.9857142567634583, 0.9826530814170837, 0.9897959232330322, 0.9928571581840515, 0.9928571581840515, 0.9928571581840515, 0.9928571581840515, 0.9908163547515869], [0.9947136640548706, 0.9938325881958008, 0.9867841601371765, 0.9823788404464722, 0.9806167483329773, 0.9850220084190369, 0.9885462522506714, 0.9894273281097412, 0.9920704960823059, 0.9955947399139404], [0.961240291595459, 0.9825581312179565, 0.9932170510292053, 0.9941860437393188, 0.9932170510292053, 0.9786821603775024, 0.944767415523529, 0.9089147448539734, 0.911821722984314, 0.932170569896698], [0.9920791983604431, 0.9841583967208862, 0.9732673168182373, 0.9732673168182373, 0.9841583967208862, 0.996039628982544, 0.997029721736908, 0.998019814491272, 0.998019814491272, 0.998019814491272], [0.9775967597961426, 0.9531568288803101, 0.9317718744277954, 0.9164969325065613, 0.9175152778625488, 0.9480651617050171, 0.9714867472648621, 0.9898167252540588, 0.9928717017173767, 0.9908350110054016], [0.9719731211662292, 0.9798206090927124, 0.9820627570152283, 0.9854260087013245, 0.9910314083099365, 0.9865471124649048, 0.9820627570152283, 0.9708520174026489, 0.9663677215576172, 0.9708520174026489], [0.9874739050865173, 0.9864300489425659, 0.9885177612304688, 0.9874739050865173, 0.9843423962593079, 0.980167031288147, 0.9770354628562927, 0.9759916663169861, 0.9759916663169861, 0.982254683971405], [0.9912451505661011, 0.9883268475532532, 0.9795719981193542, 0.9620622396469116, 0.9581711888313293, 0.9610894918441772, 0.9776264429092407, 0.9873540997505188, 0.9931906461715698, 0.9931906461715698], [0.9856262803077698, 0.9897330403327942, 0.9938398599624634, 0.9887063503265381, 0.9835729002952576, 0.9650924205780029, 0.9383983612060547, 0.9322382211685181, 0.9466118812561035, 0.9722792506217957], [0.9633300304412842, 0.973240852355957, 0.9811694622039795, 0.9881070256233215, 0.9910802841186523, 0.9881070256233215, 0.9781962633132935, 0.962338924407959, 0.9524281620979309, 0.9464816451072693]]",5.8279377818107605,groupdro,lenet,True,0.01894444413483143,0.95,3,completed,124.30933617055416,0.9089147448539734,outputs_final/lenet/groupdro/N2500/seed3
0.9927999973297119,0.9763777852058411,2500,0.9477999806404114,cuda,"[[0.9979591965675354, 0.9948979616165161, 0.9918367266654968, 0.9887754917144775, 0.9877551198005676, 0.9908163547515869, 0.9928571581840515, 0.9969387650489807, 0.9969387650489807, 0.9979591965675354], [0.9718061685562134, 0.976211428642273, 0.9850220084190369, 0.9947136640548706, 0.9982379078865051, 0.9982379078865051, 0.9964757561683655, 0.9903083443641663, 0.976211428642273, 0.9718061685562134], [0.9912790656089783, 0.9844961166381836, 0.9641472697257996, 0.9515503644943237, 0.9496123790740967, 0.9554263353347778, 0.9718992114067078, 0.9912790656089783, 0.9951550364494324, 0.9951550364494324], [0.9762375950813293, 0.9683168530464172, 0.9584158658981323, 0.9653465151786804, 0.9841583967208862, 0.9891089200973511, 0.9950494766235352, 0.9900990128517151, 0.986138641834259, 0.9772277474403381], [0.9918533563613892, 0.9796333909034729, 0.9714867472648621, 0.9613034725189209, 0.9674134254455566, 0.9806517362594604, 0.9908350110054016, 0.9959266781806946, 0.9959266781806946, 0.9938900470733643], [0.9910314083099365, 0.9943946003913879, 0.9943946003913879, 0.9955157041549683, 0.9966367483139038, 0.9887892603874207, 0.9786995649337769, 0.9674887657165527, 0.9674887657165527, 0.9809417128562927], [0.9645093679428101, 0.9749478101730347, 0.9832985401153564, 0.9843423962593079, 0.980167031288147, 0.9728600978851318, 0.9634655714035034, 0.9384133815765381, 0.924843430519104, 0.9457202553749084], [0.9824903011322021, 0.9776264429092407, 0.9708171486854553, 0.9698443412780762, 0.966926097869873, 0.9805447459220886, 0.9922178983688354, 0.9922178983688354, 0.9912451505661011, 0.9892995953559875], [0.9856262803077698, 0.9897330403327942, 0.9917864203453064, 0.9887063503265381, 0.9845995903015137, 0.9763860106468201, 0.9702258706092834, 0.9702258706092834, 0.9640657305717468, 0.9702258706092834], [0.9335976243019104, 0.9474727511405945, 0.9613478779792786, 0.9791873097419739, 0.9841427206993103, 0.9851337671279907, 0.9821605682373047, 0.9583746194839478, 0.9078295230865479, 0.9028741121292114]]",6.092828527092934,groupdro,lenet,True,0.01876666583120823,0.95,4,completed,67.6392415612936,0.9028741121292114,outputs_final/lenet/groupdro/N2500/seed4
0.9983999729156494,0.5409111380577087,50,0.13109999895095825,cuda,"[[0.6734693646430969, 0.6734693646430969, 0.8999999761581421, 0.9969387650489807, 0.9989795684814453, 0.9969387650489807, 0.9612244963645935, 0.7938775420188904, 0.6928571462631226, 0.7081632614135742], [0.9876651763916016, 1.0, 0.9850220084190369, 0.7039647698402405, 0.3612334728240967, 0.5022026300430298, 0.45726871490478516, 0.7083700299263, 0.7356828451156616, 0.9295154213905334], [0.7054263353347778, 0.1288759708404541, 0.10755813866853714, 0.037790697067976, 0.0038759689778089523, 0.07848837226629257, 0.7567829489707947, 1.0, 0.9835271239280701, 0.8972868323326111], [0.2851485013961792, 0.2762376368045807, 0.5386138558387756, 0.9702970385551453, 0.998019814491272, 1.0, 0.9574257135391235, 0.45148515701293945, 0.20198020339012146, 0.1702970266342163], [0.42566192150115967, 0.16904276609420776, 0.7922607064247131, 1.0, 0.9887983798980713, 0.9164969325065613, 0.6028513312339783, 0.5437881946563721, 0.6008146405220032, 0.655804455280304], [0.9439461827278137, 0.681614339351654, 0.39573991298675537, 0.2533632218837738, 0.12892377376556396, 0.18946188688278198, 0.5717488527297974, 0.9674887657165527, 1.0, 0.9988788962364197], [0.9968684911727905, 0.9832985401153564, 0.9164927005767822, 0.5897703766822815, 0.3152400851249695, 0.3622129559516907, 0.33298537135124207, 0.8799582719802856, 0.8423799872398376, 0.9697285890579224], [0.9173151850700378, 0.39785993099212646, 0.18287937343120575, 0.17315174639225006, 0.04280155524611473, 0.07101166993379593, 0.6595330834388733, 0.905642032623291, 0.994163453578949, 1.0], [0.10472279042005539, 0.2802874743938446, 0.09958932548761368, 0.0533880889415741, 0.04928131401538849, 0.30595481395721436, 0.9948665499687195, 0.8911704421043396, 0.042094454169273376, 0.00410677632316947], [0.9484637975692749, 0.993062436580658, 1.0, 0.7750247716903687, 0.21407334506511688, 0.023785926401615143, 0.05351833626627922, 0.04658077284693718, 0.0, 0.045589692890644073]]",7.474859207868576,groupdro,lenet,False,0.45865556597709656,0.999,0,completed,120.94682887196541,0.0,outputs_final/lenet/groupdro/N50/seed0
0.9987000226974487,0.5665666460990906,50,0.16279999911785126,cuda,"[[0.6336734890937805, 0.6173469424247742, 0.7857142686843872, 0.9428571462631226, 0.9908163547515869, 0.9969387650489807, 0.9928571581840515, 0.7663265466690063, 0.550000011920929, 0.3551020324230194], [0.5180616974830627, 0.5876652002334595, 0.6933920979499817, 0.8158590197563171, 0.9779735803604126, 0.9982379078865051, 1.0, 0.9268722534179688, 0.8537445068359375, 0.6096916198730469], [0.9922480583190918, 0.9990310072898865, 0.9573643207550049, 0.24515503644943237, 0.04844961315393448, 0.0019379844889044762, 0.00484496122226119, 0.08042635768651962, 0.5290697813034058, 0.9253876209259033], [0.394059419631958, 0.7772276997566223, 1.0, 0.9851484894752502, 0.6861386299133301, 0.19405940175056458, 0.1435643583536148, 0.28316831588745117, 0.30792078375816345, 0.5603960156440735], [1.0, 0.9959266781806946, 0.9480651617050171, 0.6150712966918945, 0.29226070642471313, 0.19959266483783722, 0.4480651617050171, 0.632382869720459, 0.9266802668571472, 0.9887983798980713], [0.7051569223403931, 0.43497759103775024, 0.2533632218837738, 0.27802690863609314, 0.3934977650642395, 0.34529146552085876, 0.49215245246887207, 0.865470826625824, 0.9955157041549683, 0.9125560522079468], [0.980167031288147, 0.7933194041252136, 0.7098121047019958, 0.81210857629776, 0.7181628346443176, 0.6085594892501831, 0.7818371653556824, 0.8350730538368225, 0.9947807788848877, 0.9989561438560486], [0.004863813053816557, 0.20428015291690826, 0.911478579044342, 0.9990272521972656, 0.9542801380157471, 0.7383268475532532, 0.4883268475532532, 0.2782101035118103, 0.038910504430532455, 0.0], [0.06468172371387482, 0.07700205594301224, 0.13860370218753815, 0.3911704421043396, 0.48357290029525757, 0.7392197251319885, 0.9722792506217957, 1.0, 0.8870636820793152, 0.29568788409233093], [0.03666996955871582, 0.11892963200807571, 0.5688800811767578, 0.908820629119873, 0.9970267415046692, 0.9881070256233215, 0.8444004058837891, 0.0336967296898365, 0.023785926401615143, 0.02180376648902893]]",7.136718645691872,groupdro,lenet,False,0.43317776918411255,0.999,1,completed,105.41260708868504,0.0,outputs_final/lenet/groupdro/N50/seed1
0.9993000030517578,0.546155571937561,50,0.065700002014637,cuda,"[[0.6418367624282837, 0.4234693944454193, 0.20306122303009033, 0.01224489789456129, 0.16326530277729034, 0.6938775777816772, 0.972449004650116, 0.9969387650489807, 0.9989795684814453, 0.981632649898529], [0.75066077709198, 0.3726872205734253, 0.12334802001714706, 0.04493391886353493, 0.12599119544029236, 0.7850220203399658, 0.9911894202232361, 0.9991189241409302, 1.0, 0.9656387567520142], [0.9951550364494324, 1.0, 0.8943798542022705, 0.555232584476471, 0.268410861492157, 0.12209302186965942, 0.10949612408876419, 0.15213178098201752, 0.38081395626068115, 0.9108527302742004], [0.14455445110797882, 0.24455446004867554, 0.3465346395969391, 0.6435643434524536, 0.9574257135391235, 0.998019814491272, 0.9950494766235352, 0.9306930899620056, 0.5643564462661743, 0.17227722704410553], [0.39205703139305115, 0.5020366311073303, 0.4887983798980713, 0.5010183453559875, 0.8085539937019348, 0.994908332824707, 1.0, 0.9938900470733643, 0.9063136577606201, 0.5702647566795349], [0.9686098694801331, 0.6872197389602661, 0.12556053698062897, 0.06726457178592682, 0.11434977501630783, 0.17937219142913818, 0.5762332081794739, 0.9607623219490051, 0.9943946003913879, 1.0], [0.9989561438560486, 0.9979122877120972, 0.8256784677505493, 0.4906054139137268, 0.4582463502883911, 0.18684759736061096, 0.16701461374759674, 0.5521920919418335, 0.736952006816864, 0.9530271291732788], [0.03501945361495018, 0.1410505771636963, 0.5077821016311646, 0.8774319291114807, 0.9980545043945312, 0.9912451505661011, 0.8589494228363037, 0.7937743067741394, 0.7266536951065063, 0.344357967376709], [0.3182751536369324, 0.9548254609107971, 1.0, 0.9240246415138245, 0.5, 0.14579054713249207, 0.25256672501564026, 0.40451744198799133, 0.12422998249530792, 0.07186858355998993], [0.052527256309986115, 0.5104063153266907, 0.9415262341499329, 1.0, 0.9306243658065796, 0.5381565690040588, 0.3448959290981293, 0.4697720408439636, 0.49454906582832336, 0.028741328045725822]]",7.30223473906517,groupdro,lenet,False,0.4537111222743988,0.999,2,completed,122.31018134951591,0.01224489789456129,outputs_final/lenet/groupdro/N50/seed2
0.9976000189781189,0.5680888891220093,50,0.15549999475479126,cuda,"[[0.38163265585899353, 0.09897959232330322, 0.037755101919174194, 0.11224489659070969, 0.33775511384010315, 0.9632652997970581, 0.9979591965675354, 0.9969387650489807, 0.9030612111091614, 0.5438775420188904], [0.9991189241409302, 0.9726872444152832, 0.7788546085357666, 0.6035242080688477, 0.6845815181732178, 0.8828193545341492, 0.9277533292770386, 0.9215859174728394, 0.9629955887794495, 0.9955947399139404], [0.17538759112358093, 0.45251938700675964, 0.8352712988853455, 0.998062014579773, 1.0, 0.9941860437393188, 0.5939922332763672, 0.16375969350337982, 0.22577519714832306, 0.10368216782808304], [0.2049504965543747, 0.0178217813372612, 0.020792080089449883, 0.04356435686349869, 0.10198019444942474, 0.6603960394859314, 0.999009907245636, 1.0, 0.9762375950813293, 0.6821781992912292], [0.7403258681297302, 0.5641548037528992, 0.39613035321235657, 0.25356414914131165, 0.16700610518455505, 0.45112016797065735, 0.9439918398857117, 0.994908332824707, 0.9989816546440125, 0.9338085651397705], [0.3890134394168854, 0.14910313487052917, 0.1670403629541397, 0.5033632516860962, 0.7780268788337708, 0.9865471124649048, 0.9215246438980103, 0.37219730019569397, 0.32511210441589355, 0.48542600870132446], [0.9947807788848877, 0.9958246350288391, 0.9561586380004883, 0.5866388082504272, 0.3528183698654175, 0.44989562034606934, 0.6043841242790222, 0.7296450734138489, 0.7275574207305908, 0.9561586380004883], [0.9844357967376709, 0.8784046769142151, 0.6352140307426453, 0.4027237296104431, 0.27042800188064575, 0.3278210163116455, 0.46984437108039856, 0.8142023086547852, 0.9970816969871521, 0.9990272521972656], [0.7484599351882935, 0.9958932399749756, 1.0, 0.9794661402702332, 0.6765913963317871, 0.5893223881721497, 0.47741273045539856, 0.15297740697860718, 0.2207392156124115, 0.26180699467658997], [0.032705649733543396, 0.2636273503303528, 0.405351847410202, 0.9504460096359253, 0.9990088939666748, 0.9980178475379944, 0.8453914523124695, 0.09117938578128815, 0.012884043157100677, 0.0009910803055390716]]",7.462133750319481,groupdro,lenet,False,0.43147778511047363,0.999,3,completed,119.19232968986034,0.0009910803055390716,outputs_final/lenet/groupdro/N50/seed3
0.998199999332428,0.6115999817848206,50,0.17219999432563782,cuda,"[[0.9989795684814453, 0.9857142567634583, 0.5857142806053162, 0.3857142925262451, 0.5918367505073547, 0.7367346882820129, 0.8489795923233032, 0.8418367505073547, 0.9530612230300903, 0.9959183931350708], [0.7110131978988647, 0.6237885355949402, 0.8969162702560425, 0.9903083443641663, 0.9982379078865051, 0.9955947399139404, 0.8845815062522888, 0.691629946231842, 0.6511013507843018, 0.6960352659225464], [0.9689922332763672, 0.680232584476471, 0.37693798542022705, 0.18313953280448914, 0.060077518224716187, 0.05038759857416153, 0.18701550364494324, 0.817829430103302, 0.9854651093482971, 1.0], [0.501980185508728, 0.4277227818965912, 0.4574257433414459, 0.44257426261901855, 0.6465346813201904, 0.9425742626190186, 0.999009907245636, 0.9930692911148071, 0.8198019862174988, 0.39702969789505005], [0.6802443861961365, 0.5274949073791504, 0.3340122103691101, 0.13543787598609924, 0.10285132378339767, 0.37576374411582947, 0.9959266781806946, 1.0, 0.9877800345420837, 0.8655804395675659], [0.6233183741569519, 0.7937219738960266, 0.9910314083099365, 0.9977578520774841, 0.9955157041549683, 0.9013453125953674, 0.5056053996086121, 0.3239910304546356, 0.47869956493377686, 0.5863228440284729], [0.6701461672782898, 0.9791231751441956, 0.9958246350288391, 0.9603340029716492, 0.7453027367591858, 0.6524008512496948, 0.30897703766822815, 0.05010438337922096, 0.20563673973083496, 0.29540708661079407], [0.8657587766647339, 0.5933852195739746, 0.4221789836883545, 0.3784046769142151, 0.3540855944156647, 0.4834630489349365, 0.725680947303772, 0.966926097869873, 0.9970816969871521, 0.9649805426597595], [0.9517453908920288, 0.9979466199874878, 0.9856262803077698, 0.6776180863380432, 0.2843942642211914, 0.1632443517446518, 0.10574948787689209, 0.08110883086919785, 0.04312115162611008, 0.290554404258728], [0.7314172387123108, 0.6025767922401428, 0.7333993911743164, 0.9137760400772095, 0.9801784157752991, 0.9970267415046692, 0.8126858472824097, 0.01982160471379757, 0.08523290604352951, 0.576808750629425]]",7.53961381316185,groupdro,lenet,False,0.387800008058548,0.999,4,completed,118.46297384798527,0.01982160471379757,outputs_final/lenet/groupdro/N50/seed4
0.9944999814033508,0.9257000088691711,500,0.798799991607666,cuda,"[[0.9234693646430969, 0.9448979496955872, 0.9826530814170837, 0.9959183931350708, 0.9969387650489807, 0.9959183931350708, 0.9928571581840515, 0.9857142567634583, 0.9714285731315613, 0.940816342830658], [0.992951512336731, 0.9973568320274353, 0.9947136640548706, 0.9806167483329773, 0.9524229168891907, 0.9066079258918762, 0.8590308427810669, 0.8810572624206543, 0.9488986730575562, 0.9850220084190369], [0.9486433863639832, 0.9050387740135193, 0.8604651093482971, 0.7974806427955627, 0.7374030947685242, 0.8352712988853455, 0.944767415523529, 0.9912790656089783, 0.9951550364494324, 0.9806201457977295], [0.8782178163528442, 0.9217821955680847, 0.9663366079330444, 0.9910891056060791, 0.997029721736908, 0.998019814491272, 0.9900990128517151, 0.9465346336364746, 0.8356435894966125, 0.8079208135604858], [0.9226069450378418, 0.9439918398857117, 0.9898167252540588, 1.0, 1.0, 0.994908332824707, 0.9735234379768372, 0.9399185180664062, 0.9358451962471008, 0.9297352433204651], [0.9932735562324524, 0.9786995649337769, 0.9573991298675537, 0.9282511472702026, 0.8565022349357605, 0.8284753561019897, 0.8957399129867554, 0.9798206090927124, 0.9943946003913879, 0.9943946003913879], [0.9906054139137268, 0.9895615577697754, 0.9780793190002441, 0.9457202553749084, 0.9091858267784119, 0.8726513385772705, 0.907098114490509, 0.9592902064323425, 0.9780793190002441, 0.9885177612304688], [0.9562256932258606, 0.844357967376709, 0.774319052696228, 0.7723735570907593, 0.7801556587219238, 0.8190661668777466, 0.8949416279792786, 0.9688715934753418, 0.9873540997505188, 0.9902724027633667], [0.8870636820793152, 0.8767967224121094, 0.9199178814888, 0.9691991806030273, 0.9794661402702332, 0.987679660320282, 0.9969199299812317, 0.9917864203453064, 0.953798770904541, 0.907597541809082], [0.9821605682373047, 0.9940535426139832, 0.9920713305473328, 0.9702675938606262, 0.8741328120231628, 0.7849355936050415, 0.732408344745636, 0.7978196144104004, 0.8562933802604675, 0.9415262341499329]]",7.1867921352386475,groupdro,lenet,True,0.07177777588367462,0.99,0,completed,123.58703684806824,0.732408344745636,outputs_final/lenet/groupdro/N500/seed0
0.9965999722480774,0.9072777628898621,500,0.7412999868392944,cuda,"[[0.7234693765640259, 0.8806122541427612, 0.9653061032295227, 0.9908163547515869, 0.9959183931350708, 0.9979591965675354, 0.9938775300979614, 0.9755101799964905, 0.8816326260566711, 0.6846938729286194], [0.9321585893630981, 0.9691630005836487, 0.983259916305542, 0.9911894202232361, 0.9973568320274353, 1.0, 1.0, 0.9867841601371765, 0.9488986730575562, 0.9251101613044739], [0.9932170510292053, 0.998062014579773, 0.9844961166381836, 0.9050387740135193, 0.7936046719551086, 0.7034883499145508, 0.6666666865348816, 0.7170542478561401, 0.8488371968269348, 0.961240291595459], [0.9475247263908386, 0.986138641834259, 0.998019814491272, 0.9940593838691711, 0.9653465151786804, 0.9277227520942688, 0.895049512386322, 0.8079208135604858, 0.78910893201828, 0.8742574453353882], [0.9979633688926697, 0.9979633688926697, 0.9918533563613892, 0.9389002323150635, 0.8401222229003906, 0.8309572339057922, 0.9063136577606201, 0.9592667818069458, 0.9806517362594604, 0.9938900470733643], [0.963004469871521, 0.8923766613006592, 0.8172645568847656, 0.8015695214271545, 0.7780268788337708, 0.8060538172721863, 0.9304932951927185, 0.9887892603874207, 0.9955157041549683, 0.9887892603874207], [0.9926931262016296, 0.9874739050865173, 0.9812108278274536, 0.9697285890579224, 0.9384133815765381, 0.9269310832023621, 0.9457202553749084, 0.9770354628562927, 0.9916492700576782, 0.9989561438560486], [0.7859922051429749, 0.8988326787948608, 0.981517493724823, 0.994163453578949, 0.9892995953559875, 0.9630350470542908, 0.9036964774131775, 0.8404669165611267, 0.8025291562080383, 0.7694552540779114], [0.7997946739196777, 0.7618069648742676, 0.7843942642211914, 0.8675564527511597, 0.8819301724433899, 0.9322382211685181, 0.9856262803077698, 0.9958932399749756, 0.9835729002952576, 0.8963038921356201], [0.7175421118736267, 0.8186323046684265, 0.9425173401832581, 0.9841427206993103, 0.9890981316566467, 0.9910802841186523, 0.9772051572799683, 0.928642213344574, 0.8929633498191833, 0.8176412582397461]]",7.589251309633255,groupdro,lenet,True,0.09084444493055344,0.99,1,completed,106.47605304419994,0.6666666865348816,outputs_final/lenet/groupdro/N500/seed1
0.9962999820709229,0.9326666593551636,500,0.8206999897956848,cuda,"[[0.954081654548645, 0.9071428775787354, 0.8918367624282837, 0.8979591727256775, 0.949999988079071, 0.9846938848495483, 0.9969387650489807, 0.9979591965675354, 0.9979591965675354, 0.9897959232330322], [0.9638766646385193, 0.9303964972496033, 0.9233480095863342, 0.9418502449989319, 0.9753304123878479, 0.9938325881958008, 0.9964757561683655, 0.9973568320274353, 0.9982379078865051, 0.9920704960823059], [0.9990310072898865, 0.9932170510292053, 0.9786821603775024, 0.9399224519729614, 0.893410861492157, 0.8343023061752319, 0.8139534592628479, 0.8478682041168213, 0.9457364082336426, 0.9893410801887512], [0.8108910918235779, 0.8405940532684326, 0.8821782469749451, 0.9475247263908386, 0.9920791983604431, 0.999009907245636, 0.997029721736908, 0.9841583967208862, 0.9425742626190186, 0.8633663654327393], [0.9460285305976868, 0.909368634223938, 0.9103869795799255, 0.9480651617050171, 0.9867616891860962, 1.0, 1.0, 1.0, 0.9969450235366821, 0.976578414440155], [0.9943946003913879, 0.9775784611701965, 0.915919303894043, 0.8621076345443726, 0.8677130341529846, 0.902466356754303, 0.9517937302589417, 0.9865471124649048, 0.9966367483139038, 0.9977578520774841], [0.9947807788848877, 0.9937369227409363, 0.9864300489425659, 0.9665970802307129, 0.9655532240867615, 0.9561586380004883, 0.9467641115188599, 0.9384133815765381, 0.9582463502883911, 0.9853861927986145], [0.8784046769142151, 0.9163424372673035, 0.9717898964881897, 0.9883268475532532, 0.994163453578949, 0.9883268475532532, 0.975680947303772, 0.948443591594696, 0.9348248839378357, 0.8978599309921265], [0.953798770904541, 0.9917864203453064, 1.0, 0.9928131699562073, 0.977412760257721, 0.9240246415138245, 0.8850102424621582, 0.8757700324058533, 0.8901437520980835, 0.9199178814888], [0.837462842464447, 0.908820629119873, 0.9742318987846375, 0.9890981316566467, 0.9772051572799683, 0.8810703754425049, 0.6620416045188904, 0.6214073300361633, 0.7264618277549744, 0.8225966095924377]]",7.397038474678993,groupdro,lenet,True,0.06538888812065125,0.99,2,completed,83.34928047657013,0.6214073300361633,outputs_final/lenet/groupdro/N500/seed2
0.9939000010490417,0.9177555441856384,500,0.7857999801635742,cuda,"[[0.9836734533309937, 0.972449004650116, 0.9663265347480774, 0.9632652997970581, 0.9775510430335999, 0.9908163547515869, 0.9959183931350708, 0.9948979616165161, 0.9897959232330322, 0.9846938848495483], [0.9982379078865051, 0.9938325881958008, 0.9788545966148376, 0.9638766646385193, 0.9656387567520142, 0.9735682606697083, 0.9744493365287781, 0.9735682606697083, 0.9867841601371765, 0.9947136640548706], [0.8439922332763672, 0.9544573426246643, 0.9893410801887512, 0.9951550364494324, 0.9961240291595459, 0.961240291595459, 0.7984496355056763, 0.6007751822471619, 0.5968992114067078, 0.7189922332763672], [0.986138641834259, 0.9673267602920532, 0.9485148787498474, 0.9158415794372559, 0.9108911156654358, 0.9613861441612244, 0.9940593838691711, 1.0, 1.0, 0.998019814491272], [0.9908350110054016, 0.9643584489822388, 0.932790219783783, 0.8849287033081055, 0.8828920722007751, 0.9501018524169922, 0.9887983798980713, 0.9979633688926697, 0.9979633688926697, 0.9989816546440125], [0.9708520174026489, 0.9798206090927124, 0.9910314083099365, 0.9977578520774841, 0.9988788962364197, 0.9988788962364197, 0.9854260087013245, 0.9372197389602661, 0.9069506525993347, 0.9372197389602661], [0.9906054139137268, 0.9926931262016296, 0.9926931262016296, 0.9791231751441956, 0.9269310832023621, 0.8799582719802856, 0.9060542583465576, 0.9091858267784119, 0.9175365567207336, 0.9739039540290833], [0.994163453578949, 0.9785992503166199, 0.9426069855690002, 0.8414396643638611, 0.7538910508155823, 0.7490272521972656, 0.783073902130127, 0.8793774247169495, 0.966926097869873, 0.9931906461715698], [0.9476386308670044, 0.9825462102890015, 0.9856262803077698, 0.9548254609107971, 0.7946611642837524, 0.5739219784736633, 0.5564681887626648, 0.5882956981658936, 0.7628336548805237, 0.8963038921356201], [0.8830525279045105, 0.9335976243019104, 0.9603567719459534, 0.9821605682373047, 0.9811694622039795, 0.9643211364746094, 0.9276511669158936, 0.8701685070991516, 0.7859266400337219, 0.8027750253677368]]",7.452273905277252,groupdro,lenet,True,0.07876666635274887,0.99,3,completed,120.6099163889885,0.5564681887626648,outputs_final/lenet/groupdro/N500/seed3
0.9941999912261963,0.9213888645172119,500,0.7914000153541565,cuda,"[[0.9969387650489807, 0.9948979616165161, 0.9918367266654968, 0.9846938848495483, 0.9867346882820129, 0.9928571581840515, 0.9928571581840515, 0.9908163547515869, 0.9918367266654968, 0.9948979616165161], [0.8942731022834778, 0.9295154213905334, 0.9691630005836487, 0.9903083443641663, 0.9982379078865051, 0.9964757561683655, 0.9850220084190369, 0.9550660848617554, 0.9145374298095703, 0.8872246742248535], [0.9922480583190918, 0.9786821603775024, 0.9331395626068115, 0.9011628031730652, 0.8885658979415894, 0.8827519416809082, 0.9282945990562439, 0.9854651093482971, 0.998062014579773, 0.9970930218696594], [0.8742574453353882, 0.8356435894966125, 0.8217821717262268, 0.8722772002220154, 0.9475247263908386, 0.9891089200973511, 0.996039628982544, 0.9910891056060791, 0.9613861441612244, 0.9128713011741638], [0.951120138168335, 0.9073320031166077, 0.8696537613868713, 0.860488772392273, 0.8879836797714233, 0.9551934599876404, 0.9979633688926697, 0.9969450235366821, 0.9898167252540588, 0.976578414440155], [0.8531390428543091, 0.9282511472702026, 0.9798206090927124, 0.9921524524688721, 0.9899103045463562, 0.9652466177940369, 0.8800448179244995, 0.773542582988739, 0.7825112342834473, 0.8139013648033142], [0.9384133815765381, 0.9739039540290833, 0.9874739050865173, 0.9853861927986145, 0.9707724452018738, 0.9676409363746643, 0.962421715259552, 0.9352818131446838, 0.9060542583465576, 0.9112734794616699], [0.9591439962387085, 0.9270427823066711, 0.911478579044342, 0.9095330834388733, 0.9221789836883545, 0.9455252885818481, 0.9834630489349365, 0.9961089491844177, 0.9922178983688354, 0.9805447459220886], [0.9825462102890015, 0.9969199299812317, 0.9948665499687195, 0.9887063503265381, 0.9671458005905151, 0.9373716711997986, 0.8983572721481323, 0.8696098327636719, 0.8398357033729553, 0.941478431224823], [0.7304261922836304, 0.803766131401062, 0.8959365487098694, 0.9603567719459534, 0.9841427206993103, 0.9871159791946411, 0.9444994926452637, 0.664023756980896, 0.3845391571521759, 0.5143706798553467]]",7.407417058944702,groupdro,lenet,True,0.07526666671037674,0.99,4,completed,102.82906292378902,0.3845391571521759,outputs_final/lenet/groupdro/N500/seed4
0.9805999994277954,0.9619110822677612,5000,0.9369000196456909,cuda,"[[0.9744898080825806, 0.9755101799964905, 0.9795918464660645, 0.9826530814170837, 0.9836734533309937, 0.9846938848495483, 0.9846938848495483, 0.9785714149475098, 0.9765306115150452, 0.9755101799964905], [0.9859030842781067, 0.9876651763916016, 0.9806167483329773, 0.9744493365287781, 0.9541850090026855, 0.9277533292770386, 0.9127753376960754, 0.9189427495002747, 0.9559471607208252, 0.9753304123878479], [0.9699612259864807, 0.9563953280448914, 0.944767415523529, 0.9370155334472656, 0.940891444683075, 0.9486433863639832, 0.9641472697257996, 0.9806201457977295, 0.9844961166381836, 0.9835271239280701], [0.9910891056060791, 0.9950494766235352, 0.996039628982544, 0.999009907245636, 0.999009907245636, 0.999009907245636, 0.999009907245636, 0.998019814491272, 0.9930692911148071, 0.9900990128517151], [0.9847250580787659, 0.9857434034347534, 0.9867616891860962, 0.9867616891860962, 0.9857434034347534, 0.9837067127227783, 0.9826883673667908, 0.9806517362594604, 0.9806517362594604, 0.981670081615448], [0.9932735562324524, 0.9831838607788086, 0.9708520174026489, 0.9517937302589417, 0.9405829310417175, 0.9271300435066223, 0.9428251385688782, 0.963004469871521, 0.9843049049377441, 0.9899103045463562], [0.9227557182312012, 0.9102296233177185, 0.8768267035484314, 0.8486430048942566, 0.8288100361824036, 0.8152400851249695, 0.8267223238945007, 0.8778705596923828, 0.905010461807251, 0.9227557182312012], [0.9766536951065063, 0.9747081995010376, 0.9649805426597595, 0.9435797929763794, 0.9377431869506836, 0.9367704391479492, 0.9474708437919617, 0.966926097869873, 0.9766536951065063, 0.9795719981193542], [0.9897330403327942, 0.987679660320282, 0.9887063503265381, 0.9887063503265381, 0.9897330403327942, 0.9897330403327942, 0.9917864203453064, 0.9917864203453064, 0.9917864203453064, 0.9907597303390503], [0.9831516146659851, 0.9881070256233215, 0.9851337671279907, 0.9791873097419739, 0.966303288936615, 0.9554013609886169, 0.9444994926452637, 0.9504460096359253, 0.966303288936615, 0.9772051572799683]]",7.436697497963905,groupdro,lenet,True,0.021755555644631386,0.9,0,completed,93.75084753334522,0.8152400851249695,outputs_final/lenet/groupdro/N5000/seed0
0.991599977016449,0.9821444153785706,5000,0.96670001745224,cuda,"[[0.9877551198005676, 0.9897959232330322, 0.9948979616165161, 0.9948979616165161, 0.9959183931350708, 0.9948979616165161, 0.9938775300979614, 0.9908163547515869, 0.9887754917144775, 0.9887754917144775], [0.9806167483329773, 0.9823788404464722, 0.9850220084190369, 0.9850220084190369, 0.9885462522506714, 0.9903083443641663, 0.9859030842781067, 0.9876651763916016, 0.9814978241920471, 0.9753304123878479], [0.9990310072898865, 0.9951550364494324, 0.9932170510292053, 0.9767441749572754, 0.9641472697257996, 0.9622092843055725, 0.9641472697257996, 0.9767441749572754, 0.9844961166381836, 0.9922480583190918], [0.987128734588623, 0.9910891056060791, 0.9930692911148071, 0.9920791983604431, 0.9920791983604431, 0.9891089200973511, 0.9851484894752502, 0.9792079329490662, 0.9782178401947021, 0.9801980257034302], [0.9908350110054016, 0.9867616891860962, 0.9796333909034729, 0.9684317708015442, 0.9572301506996155, 0.9551934599876404, 0.9623218178749084, 0.9735234379768372, 0.9786150455474854, 0.9898167252540588], [0.9899103045463562, 0.9798206090927124, 0.976457417011261, 0.9719731211662292, 0.9674887657165527, 0.9708520174026489, 0.9831838607788086, 0.9921524524688721, 0.9943946003913879, 0.9943946003913879], [0.9906054139137268, 0.9874739050865173, 0.982254683971405, 0.9780793190002441, 0.9749478101730347, 0.9739039540290833, 0.9770354628562927, 0.9832985401153564, 0.9874739050865173, 0.9906054139137268], [0.9863813519477844, 0.9912451505661011, 0.9912451505661011, 0.9922178983688354, 0.9922178983688354, 0.9912451505661011, 0.9883268475532532, 0.9844357967376709, 0.981517493724823, 0.9805447459220886], [0.9804928302764893, 0.9743326306343079, 0.9702258706092834, 0.977412760257721, 0.9804928302764893, 0.9856262803077698, 0.9917864203453064, 0.9928131699562073, 0.9897330403327942, 0.9897330403327942], [0.9672943353652954, 0.9781962633132935, 0.9861248731613159, 0.9871159791946411, 0.9871159791946411, 0.9871159791946411, 0.9851337671279907, 0.9722497463226318, 0.9573835730552673, 0.959365725517273]]",7.679527461528778,groupdro,lenet,True,0.011611111462116241,0.9,1,completed,125.21268464624882,0.9551934599876404,outputs_final/lenet/groupdro/N5000/seed1
0.9932000041007996,0.9850444197654724,5000,0.9735000133514404,cuda,"[[0.9918367266654968, 0.9918367266654968, 0.9918367266654968, 0.9918367266654968, 0.9908163547515869, 0.9938775300979614, 0.9948979616165161, 0.9948979616165161, 0.9948979616165161, 0.9928571581840515], [0.9964757561683655, 0.992951512336731, 0.9920704960823059, 0.9894273281097412, 0.9911894202232361, 0.9938325881958008, 0.9955947399139404, 0.9973568320274353, 0.9973568320274353, 0.9973568320274353], [0.9912790656089783, 0.9932170510292053, 0.9903100728988647, 0.9893410801887512, 0.9835271239280701, 0.9806201457977295, 0.9786821603775024, 0.9825581312179565, 0.9844961166381836, 0.9883720874786377], [0.9821782112121582, 0.9851484894752502, 0.9900990128517151, 0.9930692911148071, 0.9950494766235352, 0.9940593838691711, 0.9940593838691711, 0.9930692911148071, 0.9891089200973511, 0.9821782112121582], [0.9796333909034729, 0.9745417237281799, 0.9755600690841675, 0.9755600690841675, 0.9775967597961426, 0.9887983798980713, 0.9959266781806946, 0.9969450235366821, 0.9959266781806946, 0.9918533563613892], [0.9943946003913879, 0.9854260087013245, 0.9719731211662292, 0.9551569223403931, 0.9428251385688782, 0.9495515823364258, 0.9719731211662292, 0.9854260087013245, 0.9921524524688721, 0.9955157041549683], [0.9906054139137268, 0.9885177612304688, 0.9864300489425659, 0.9843423962593079, 0.982254683971405, 0.9791231751441956, 0.9812108278274536, 0.982254683971405, 0.9853861927986145, 0.9885177612304688], [0.9766536951065063, 0.9776264429092407, 0.9844357967376709, 0.9873540997505188, 0.9873540997505188, 0.9873540997505188, 0.9873540997505188, 0.9834630489349365, 0.9824903011322021, 0.9785992503166199], [0.987679660320282, 0.9897330403327942, 0.9917864203453064, 0.9897330403327942, 0.987679660320282, 0.987679660320282, 0.9835729002952576, 0.9815195202827454, 0.9804928302764893, 0.9825462102890015], [0.9801784157752991, 0.9881070256233215, 0.9900891780853271, 0.9910802841186523, 0.9910802841186523, 0.9871159791946411, 0.9742318987846375, 0.9643211364746094, 0.959365725517273, 0.9643211364746094]]",7.264874905347824,groupdro,lenet,True,0.009211110882461071,0.9,2,completed,116.67318327724934,0.9428251385688782,outputs_final/lenet/groupdro/N5000/seed2
0.9890999794006348,0.9771444201469421,5000,0.9580000042915344,cuda,"[[0.9928571581840515, 0.9897959232330322, 0.9877551198005676, 0.9887754917144775, 0.9918367266654968, 0.9928571581840515, 0.9938775300979614, 0.9948979616165161, 0.9938775300979614, 0.9938775300979614], [0.9955947399139404, 0.9947136640548706, 0.9911894202232361, 0.9859030842781067, 0.9850220084190369, 0.9885462522506714, 0.9903083443641663, 0.9938325881958008, 0.9947136640548706, 0.9955947399139404], [0.9689922332763672, 0.9874030947685242, 0.9922480583190918, 0.9922480583190918, 0.9893410801887512, 0.9777131676673889, 0.9593023061752319, 0.944767415523529, 0.9360465407371521, 0.9505813717842102], [0.997029721736908, 0.9940593838691711, 0.9900990128517151, 0.9910891056060791, 0.9940593838691711, 0.999009907245636, 1.0, 1.0, 1.0, 0.999009907245636], [0.9867616891860962, 0.9755600690841675, 0.9633401036262512, 0.9480651617050171, 0.9531568288803101, 0.9663951396942139, 0.9857434034347534, 0.9938900470733643, 0.9969450235366821, 0.9959266781806946], [0.9854260087013245, 0.9910314083099365, 0.9910314083099365, 0.9921524524688721, 0.9932735562324524, 0.9865471124649048, 0.9798206090927124, 0.9708520174026489, 0.9697309136390686, 0.9798206090927124], [0.9895615577697754, 0.9906054139137268, 0.9926931262016296, 0.9906054139137268, 0.9853861927986145, 0.9832985401153564, 0.9812108278274536, 0.982254683971405, 0.9853861927986145, 0.9874739050865173], [0.9873540997505188, 0.9854085445404053, 0.9834630489349365, 0.9776264429092407, 0.975680947303772, 0.9747081995010376, 0.9747081995010376, 0.9805447459220886, 0.9854085445404053, 0.9883268475532532], [0.9599589109420776, 0.9681724905967712, 0.9702258706092834, 0.966119110584259, 0.9579055309295654, 0.9394250512123108, 0.9004106521606445, 0.882956862449646, 0.9086242318153381, 0.9404517412185669], [0.9583746194839478, 0.9712586998939514, 0.9762140512466431, 0.9801784157752991, 0.9752230048179626, 0.9742318987846375, 0.9653121829032898, 0.9484637975692749, 0.9425173401832581, 0.9474727511405945]]",7.428034171462059,groupdro,lenet,True,0.014544444158673286,0.9,3,completed,128.29698812961578,0.882956862449646,outputs_final/lenet/groupdro/N5000/seed3
0.9854000210762024,0.9725221991539001,5000,0.954200029373169,cuda,"[[0.9918367266654968, 0.9908163547515869, 0.9887754917144775, 0.9867346882820129, 0.9877551198005676, 0.9867346882820129, 0.9877551198005676, 0.9857142567634583, 0.9887754917144775, 0.9918367266654968], [0.9207048416137695, 0.9400880932807922, 0.9568281769752502, 0.9674009084701538, 0.9726872444152832, 0.9718061685562134, 0.9629955887794495, 0.9409691691398621, 0.9154185056686401, 0.9118942618370056], [0.9961240291595459, 0.9932170510292053, 0.9893410801887512, 0.9844961166381836, 0.9844961166381836, 0.9912790656089783, 0.9951550364494324, 0.9970930218696594, 0.998062014579773, 0.998062014579773], [0.9663366079330444, 0.9702970385551453, 0.9772277474403381, 0.9801980257034302, 0.987128734588623, 0.9920791983604431, 0.9930692911148071, 0.9930692911148071, 0.9851484894752502, 0.9732673168182373], [0.9938900470733643, 0.9887983798980713, 0.9867616891860962, 0.9857434034347534, 0.9877800345420837, 0.9928717017173767, 0.994908332824707, 0.9969450235366821, 0.9969450235366821, 0.9959266781806946], [0.9484304785728455, 0.9585201740264893, 0.9697309136390686, 0.976457417011261, 0.9719731211662292, 0.9674887657165527, 0.9551569223403931, 0.939461886882782, 0.9349775910377502, 0.9417040348052979], [0.9739039540290833, 0.9791231751441956, 0.9843423962593079, 0.9843423962593079, 0.982254683971405, 0.9791231751441956, 0.9718163013458252, 0.9613778591156006, 0.9561586380004883, 0.9655532240867615], [0.9678988456726074, 0.9620622396469116, 0.9601167440414429, 0.9601167440414429, 0.9659532904624939, 0.9785992503166199, 0.9834630489349365, 0.981517493724823, 0.975680947303772, 0.9708171486854553], [0.9928131699562073, 0.9958932399749756, 0.9969199299812317, 0.9958932399749756, 0.9948665499687195, 0.9938398599624634, 0.9907597303390503, 0.9887063503265381, 0.987679660320282, 0.9907597303390503], [0.9236868023872375, 0.9375619292259216, 0.9544103145599365, 0.9653121829032898, 0.969276487827301, 0.9702675938606262, 0.966303288936615, 0.9454905986785889, 0.9177403450012207, 0.9078295230865479]]",6.984780251979828,groupdro,lenet,True,0.015599999576807022,0.9,4,completed,139.4378700554371,0.9078295230865479,outputs_final/lenet/groupdro/N5000/seed4
0.9998000264167786,0.5386999845504761,100,0.06459999829530716,cuda,"[[0.1785714328289032, 0.7336734533309937, 0.3295918405056, 0.9612244963645935, 1.0, 0.9969387650489807, 0.052040815353393555, 0.1744897961616516, 0.7357142567634583, 0.4255101978778839], [0.7480176091194153, 1.0, 0.9947136640548706, 0.7268722653388977, 0.8281938433647156, 0.8925110101699829, 0.816740095615387, 0.9691630005836487, 0.7603524327278137, 0.31894272565841675], [0.4195736348628998, 0.5939922332763672, 0.5193798542022705, 0.7170542478561401, 0.7955426573753357, 0.4728682041168213, 0.4389534890651703, 0.998062014579773, 0.684108555316925, 0.375], [0.6415841579437256, 0.5316831469535828, 0.125742569565773, 0.8316831588745117, 0.9891089200973511, 1.0, 0.7554455399513245, 0.5534653663635254, 0.5376237630844116, 0.35247525572776794], [0.44908350706100464, 0.3004073202610016, 0.0590631365776062, 1.0, 0.9348269104957581, 0.7291242480278015, 0.7657840847969055, 0.6955193281173706, 0.5621181130409241, 0.6191446185112], [0.8991031646728516, 0.3733183741569519, 0.06502242386341095, 0.402466356754303, 0.07847533375024796, 0.03475336357951164, 0.0011210762895643711, 0.30156952142715454, 0.8632286787033081, 1.0], [1.0, 0.9958246350288391, 0.7275574207305908, 0.1649269312620163, 0.5114822387695312, 0.6043841242790222, 0.06367432326078415, 0.6889352798461914, 0.8455114960670471, 0.8883090019226074], [0.570038914680481, 0.6031128168106079, 0.1848248988389969, 0.2821011543273926, 0.38618677854537964, 0.4873540997505188, 0.6906614899635315, 0.9464980363845825, 1.0, 0.755836546421051], [0.48254621028900146, 0.7330595254898071, 0.30184805393218994, 0.14579054713249207, 0.041067760437726974, 0.31416836380958557, 1.0, 0.5102669596672058, 0.4507186710834503, 0.01129363477230072], [0.6927651166915894, 0.9484637975692749, 1.0, 0.6828542947769165, 0.47571852803230286, 0.2507432997226715, 0.1823587715625763, 0.8354806900024414, 0.19326065480709076, 0.19524280726909637]]",7.805913522839546,dfr,resnet18_mnist,False,0.46122223138809204,0.998,0,completed,0.28032612800598145,0.0011210762895643711,outputs_final/resnet18_mnist/dfr/N100/seed0
0.9980999827384949,0.4858555495738983,100,0.013899999670684338,cuda,"[[0.886734664440155, 0.5653061270713806, 0.7357142567634583, 0.9520407915115356, 0.5959183573722839, 1.0, 0.9622448682785034, 0.08367346972227097, 0.0367346927523613, 0.23469388484954834], [0.38237884640693665, 0.6123347878456116, 0.9770925045013428, 0.6775330305099487, 0.21497797966003418, 0.976211428642273, 1.0, 0.8528634309768677, 0.8140969276428223, 0.6229074597358704], [0.9031007885932922, 0.9970930218696594, 0.8275193572044373, 0.44476744532585144, 0.33914729952812195, 0.39631783962249756, 0.4699612259864807, 0.45736435055732727, 0.27034884691238403, 0.4127906858921051], [0.6465346813201904, 0.8504950404167175, 1.0, 0.7801980376243591, 0.3732673227787018, 0.7148514986038208, 0.3475247621536255, 0.407920777797699, 0.01287128683179617, 0.12178217619657516], [0.9989816546440125, 0.7199592590332031, 0.41446027159690857, 0.43075355887413025, 0.08350305259227753, 0.6771894097328186, 0.6120163202285767, 0.7780040502548218, 0.11710794270038605, 0.9012219905853271], [0.4674887955188751, 0.6569506525993347, 0.10874439775943756, 0.4596412479877472, 0.27466368675231934, 0.4529148042201996, 0.20179371535778046, 0.08295964449644089, 0.9921524524688721, 0.6547085046768188], [0.8194154500961304, 0.43110647797584534, 0.5480167269706726, 0.07933194190263748, 0.37473905086517334, 0.21607515215873718, 0.8340292572975159, 0.869519829750061, 0.8997912406921387, 0.9989561438560486], [0.274319052696228, 0.48249027132987976, 0.7120622396469116, 0.9990272521972656, 0.5145914554595947, 0.5963035225868225, 0.21789883077144623, 0.6517509818077087, 0.3122568130493164, 0.4902723729610443], [0.4928131401538849, 0.23819302022457123, 0.030800821259617805, 0.5472279191017151, 0.10369610041379929, 0.04004106670618057, 0.5112936496734619, 0.9948665499687195, 0.01642710529267788, 0.40759754180908203], [0.2884043753147125, 0.9078295230865479, 0.4003964364528656, 0.23984143137931824, 0.9990088939666748, 0.8870168328285217, 0.1516352891921997, 0.0336967296898365, 0.11397422850131989, 0.5956392288208008]]",7.732646718621254,dfr,resnet18_mnist,False,0.5136222243309021,0.998,1,completed,0.38402846455574036,0.01287128683179617,outputs_final/resnet18_mnist/dfr/N100/seed1
0.9968000054359436,0.5251888632774353,100,0.06639999896287918,cuda,"[[0.5091836452484131, 0.26224491000175476, 0.1795918345451355, 0.3979591727256775, 0.2785714268684387, 0.09693877398967743, 0.5428571701049805, 0.9897959232330322, 0.9989795684814453, 0.8469387888908386], [0.9770925045013428, 0.5788546204566956, 0.34449338912963867, 0.6220264434814453, 0.5303964614868164, 0.4229075014591217, 0.9233480095863342, 1.0, 0.9973568320274353, 0.9726872444152832], [0.981589138507843, 0.9883720874786377, 0.7994186282157898, 0.4932170510292053, 0.36531007289886475, 0.13081395626068115, 0.21414728462696075, 0.20251938700675964, 0.0833333358168602, 0.3633720874786377], [0.8603960275650024, 0.5584158301353455, 0.5049505233764648, 0.23366336524486542, 0.33564355969429016, 1.0, 0.9891089200973511, 0.907920777797699, 0.4712871313095093, 0.6485148668289185], [0.9551934599876404, 0.7413442134857178, 0.22606924176216125, 0.012219958938658237, 0.09266802668571472, 0.7668024301528931, 0.9989816546440125, 0.9796333909034729, 0.6934826970100403, 0.5376781821250916], [0.6793721914291382, 0.4461883306503296, 0.18161435425281525, 0.340807169675827, 0.4798206388950348, 0.030269058421254158, 0.14125560224056244, 0.8766816258430481, 0.9910314083099365, 0.9899103045463562], [0.9916492700576782, 0.45929017663002014, 0.26200416684150696, 0.5772442817687988, 0.5438413619995117, 0.44572025537490845, 0.27974948287010193, 0.9519832730293274, 0.9123173356056213, 0.9937369227409363], [0.7937743067741394, 0.5690661668777466, 0.5933852195739746, 0.9143968820571899, 1.0, 0.45136186480522156, 0.5408560037612915, 0.5622568130493164, 0.5729572176933289, 0.6391050815582275], [0.18993839621543884, 0.9476386308670044, 1.0, 0.4322381913661957, 0.11909651011228561, 0.0010266940807923675, 0.07289527356624603, 0.6529774069786072, 0.6067761778831482, 0.5482546091079712], [0.5787909030914307, 0.19127848744392395, 0.8800792694091797, 0.9990088939666748, 0.032705649733543396, 0.22200198471546173, 0.2636273503303528, 0.5104063153266907, 0.4995044469833374, 0.3875123858451843]]",7.915841683745384,dfr,resnet18_mnist,False,0.4744444489479065,0.998,2,completed,0.2301308959722519,0.0010266940807923675,outputs_final/resnet18_mnist/dfr/N100/seed2
0.9984999895095825,0.5958777666091919,100,0.10939999669790268,cuda,"[[0.4989795982837677, 0.7918367385864258, 0.30510205030441284, 0.44387754797935486, 0.140816330909729, 0.9857142567634583, 1.0, 0.8857142925262451, 0.7326530814170837, 0.5724489688873291], [0.9991189241409302, 1.0, 0.6193832755088806, 0.933039665222168, 0.9066079258918762, 0.8766520023345947, 0.7048457860946655, 0.6696035265922546, 0.6766519546508789, 0.976211428642273], [0.3759689927101135, 0.692829430103302, 0.8139534592628479, 0.9990310072898865, 0.9467054009437561, 0.3943798542022705, 0.4990310072898865, 0.4195736348628998, 0.7906976938247681, 0.34689921140670776], [0.6386138796806335, 0.6485148668289185, 0.27029702067375183, 0.5237624049186707, 0.42475247383117676, 0.09900990128517151, 0.9940593838691711, 1.0, 0.986138641834259, 0.6910890936851501], [0.6211812496185303, 0.41751527786254883, 0.24949084222316742, 0.2505091726779938, 0.0794297382235527, 0.48981669545173645, 0.9256619215011597, 0.9989816546440125, 1.0, 0.9063136577606201], [0.5852017998695374, 0.8665919303894043, 0.45515695214271545, 0.5885650515556335, 0.9204035997390747, 0.9988788962364197, 0.7040358781814575, 0.07623318582773209, 0.5627802610397339, 0.5773542523384094], [0.8977035284042358, 0.9926931262016296, 0.9634655714035034, 0.9488517642021179, 0.893528163433075, 0.6691023111343384, 0.26200416684150696, 0.3966597020626068, 0.48329854011535645, 0.8830897808074951], [0.9883268475532532, 0.9824903011322021, 0.825875461101532, 0.3035019338130951, 0.09727626293897629, 0.5, 0.4727626442909241, 0.17898832261562347, 0.8842412233352661, 0.9980545043945312], [0.1622176617383957, 0.7330595254898071, 0.9989733099937439, 0.8480492830276489, 0.2772074043750763, 0.1098562628030777, 0.47946611046791077, 0.12320328503847122, 0.6806981563568115, 0.3254620134830475], [0.33795836567878723, 0.6065411567687988, 0.3300297260284424, 0.9910802841186523, 0.9980178475379944, 0.6134787201881409, 0.6461843252182007, 0.12685827910900116, 0.5490584969520569, 0.24182358384132385]]",7.876666441559792,dfr,resnet18_mnist,False,0.40368887782096863,0.998,3,completed,0.2575925886631012,0.07623318582773209,outputs_final/resnet18_mnist/dfr/N100/seed3
1.0,0.49301111698150635,100,0.07339999824762344,cuda,"[[1.0, 0.3306122422218323, 0.05714285746216774, 0.11020407825708389, 0.47653061151504517, 0.2591836750507355, 0.6112244725227356, 0.3622449040412903, 0.6469388008117676, 0.6765305995941162], [0.9471365809440613, 0.5903083682060242, 0.5409691333770752, 0.9612334966659546, 1.0, 0.9568281769752502, 0.8052863478660583, 0.8361233472824097, 0.9427312612533569, 0.8616740107536316], [0.8498061895370483, 0.13856589794158936, 0.43701550364494324, 0.34593021869659424, 0.5746123790740967, 0.5532945990562439, 0.1899224817752838, 0.5920542478561401, 0.7218992114067078, 1.0], [0.7316831946372986, 0.10594059526920319, 0.2742574214935303, 0.03366336598992348, 0.6574257612228394, 0.7831683158874512, 1.0, 0.9762375950813293, 0.3316831588745117, 0.19504950940608978], [0.5366598963737488, 0.3879837095737457, 0.21079429984092712, 0.4745417535305023, 0.24643585085868835, 0.010183298960328102, 0.994908332824707, 1.0, 0.9490835070610046, 0.4205702543258667], [0.23206278681755066, 0.0011210762895643711, 0.8195067048072815, 1.0, 0.9697309136390686, 0.03811659291386604, 0.20515695214271545, 0.4428251087665558, 0.26793721318244934, 0.20291480422019958], [0.48225468397140503, 0.6116909980773926, 1.0, 0.7400835156440735, 0.6043841242790222, 0.6482254862785339, 0.774530291557312, 0.0657620057463646, 0.907098114490509, 0.44467639923095703], [0.7694552540779114, 0.5408560037612915, 0.6916342377662659, 0.49513620138168335, 0.533073902130127, 0.3249027132987976, 0.5953307151794434, 0.8326848149299622, 1.0, 0.5223735570907593], [0.8932238221168518, 1.0, 0.7577002048492432, 0.002053388161584735, 0.14168377220630646, 0.02258726954460144, 0.07802874594926834, 0.3459959030151367, 0.26180699467658997, 0.025667350739240646], [0.8523290157318115, 0.03964320942759514, 0.27254706621170044, 0.47076311707496643, 0.9603567719459534, 1.0, 0.5896927714347839, 0.002973240800201893, 0.001982160611078143, 0.6005946397781372]]",7.715164884924889,dfr,resnet18_mnist,False,0.5069888830184937,0.998,4,completed,0.26509374380111694,0.0011210762895643711,outputs_final/resnet18_mnist/dfr/N100/seed4
0.9987999796867371,0.9325555562973022,1000,0.7692999839782715,cuda,"[[0.8887755274772644, 0.9602040648460388, 0.9734693765640259, 0.9979591965675354, 0.9989795684814453, 0.9979591965675354, 0.9520407915115356, 0.940816342830658, 0.9714285731315613, 0.8928571343421936], [0.9938325881958008, 1.0, 0.9964757561683655, 0.9806167483329773, 0.9911894202232361, 0.9859030842781067, 0.9453744292259216, 0.9436123371124268, 0.9656387567520142, 0.9700440764427185], [0.9573643207550049, 0.9602712988853455, 0.9835271239280701, 0.9670542478561401, 0.9660852551460266, 0.9186046719551086, 0.9379844665527344, 1.0, 0.9903100728988647, 0.9777131676673889], [0.8683168292045593, 0.9336633682250977, 0.9405940771102905, 0.9881188273429871, 0.999009907245636, 1.0, 0.9910891056060791, 0.8564356565475464, 0.907920777797699, 0.8465346693992615], [0.9358451962471008, 0.9114053249359131, 0.951120138168335, 1.0, 1.0, 0.9918533563613892, 0.9439918398857117, 0.9429734945297241, 0.9714867472648621, 0.9704684615135193], [0.9943946003913879, 0.9809417128562927, 0.9697309136390686, 0.9820627570152283, 0.945067286491394, 0.8531390428543091, 0.7533632516860962, 0.9248878955841064, 0.9977578520774841, 0.9977578520774841], [0.9979122877120972, 0.9937369227409363, 0.9540709853172302, 0.8622129559516907, 0.8945720195770264, 0.9154488444328308, 0.8131523728370667, 0.9039666056632996, 0.9572024941444397, 0.982254683971405], [0.9474708437919617, 0.8784046769142151, 0.8180933594703674, 0.9046692848205566, 0.905642032623291, 0.8608949184417725, 0.8774319291114807, 0.9153696298599243, 0.9951362013816833, 0.9912451505661011], [0.895277202129364, 0.9199178814888, 0.9024640917778015, 0.8983572721481323, 0.7648870348930359, 0.8973305821418762, 1.0, 0.9733059406280518, 0.9127309918403625, 0.8655030727386475], [0.9306243658065796, 0.9871159791946411, 0.9980178475379944, 0.8880079388618469, 0.8007928729057312, 0.8880079388618469, 0.8751238584518433, 0.9534192085266113, 0.8989098072052002, 0.8889989852905273]]",9.636332780122757,dfr,resnet18_mnist,True,0.06669999659061432,0.98,0,completed,1.7821853458881378,0.7533632516860962,outputs_final/resnet18_mnist/dfr/N1000/seed0
0.9983999729156494,0.9356777667999268,1000,0.7839000225067139,cuda,"[[0.9612244963645935, 0.8969388008117676, 0.9663265347480774, 0.9744898080825806, 0.9918367266654968, 0.9979591965675354, 0.9918367266654968, 0.9734693765640259, 0.9551020264625549, 0.9448979496955872], [0.9797356724739075, 0.9726872444152832, 0.9638766646385193, 0.9656387567520142, 0.9823788404464722, 0.9973568320274353, 1.0, 0.9779735803604126, 0.9568281769752502, 0.9718061685562134], [0.9970930218696594, 1.0, 0.9748061895370483, 0.7625969052314758, 0.8798449635505676, 0.9215116500854492, 0.8972868323326111, 0.8711240291595459, 0.8895348906517029, 0.9573643207550049], [0.9306930899620056, 0.9653465151786804, 1.0, 0.9811881184577942, 0.9009901285171509, 0.8861386179924011, 0.9217821955680847, 0.8861386179924011, 0.8198019862174988, 0.9168316721916199], [0.9969450235366821, 0.9898167252540588, 0.9297352433204651, 0.8228105902671814, 0.7790223956108093, 0.8767820596694946, 0.8940936923027039, 0.9154785871505737, 0.8737270832061768, 0.9775967597961426], [0.9473094344139099, 0.9226457476615906, 0.847533643245697, 0.9383407831192017, 0.9607623219490051, 0.9674887657165527, 0.9607623219490051, 0.9775784611701965, 0.9988788962364197, 0.9887892603874207], [0.980167031288147, 0.9519832730293274, 0.9770354628562927, 0.9874739050865173, 0.9843423962593079, 0.9759916663169861, 0.9665970802307129, 0.9603340029716492, 0.9603340029716492, 0.9968684911727905], [0.8949416279792786, 0.8064202070236206, 0.9766536951065063, 0.9980545043945312, 0.9844357967376709, 0.9533073902130127, 0.9085603356361389, 0.9221789836883545, 0.9640077948570251, 0.9737353920936584], [0.9127309918403625, 0.929158091545105, 0.9199178814888, 0.9671458005905151, 0.8459959030151367, 0.8788501024246216, 0.9568788409233093, 0.9969199299812317, 0.9702258706092834, 0.9455851912498474], [0.8156590461730957, 0.9444994926452637, 0.9474727511405945, 0.9613478779792786, 0.9980178475379944, 0.9970267415046692, 0.9573835730552673, 0.9137760400772095, 0.9068384766578674, 0.9415262341499329]]",9.185233011841774,dfr,resnet18_mnist,True,0.06328888982534409,0.98,1,completed,2.079381361603737,0.7625969052314758,outputs_final/resnet18_mnist/dfr/N1000/seed1
0.9990000128746033,0.9360666871070862,1000,0.7767999768257141,cuda,"[[0.9612244963645935, 0.9285714030265808, 0.905102014541626, 0.9704081416130066, 0.9581632614135742, 0.9469387531280518, 0.9469387531280518, 0.9989795684814453, 1.0, 0.9959183931350708], [0.9947136640548706, 0.9647576808929443, 0.8792951703071594, 0.9365638494491577, 0.9938325881958008, 0.9964757561683655, 1.0, 1.0, 0.9964757561683655, 0.9973568320274353], [0.9970930218696594, 1.0, 0.9699612259864807, 0.8924418687820435, 0.805232584476471, 0.875, 0.9418604373931885, 0.8798449635505676, 0.7955426573753357, 0.961240291595459], [0.9623762369155884, 0.9415841698646545, 0.9029703140258789, 0.8594059348106384, 0.9742574095726013, 0.999009907245636, 0.9950494766235352, 0.9475247263908386, 0.8663366436958313, 0.8980197906494141], [0.9959266781806946, 0.9887983798980713, 0.9052953124046326, 0.8319755792617798, 0.9755600690841675, 0.9969450235366821, 1.0, 0.9979633688926697, 0.9877800345420837, 0.9898167252540588], [0.9977578520774841, 0.9697309136390686, 0.9091928005218506, 0.8228699564933777, 0.9248878955841064, 0.8878923654556274, 0.9484304785728455, 0.9820627570152283, 0.9921524524688721, 1.0], [0.9937369227409363, 0.980167031288147, 0.9582463502883911, 0.9843423962593079, 0.982254683971405, 0.9572024941444397, 0.9394571781158447, 0.9394571781158447, 0.8569937348365784, 0.9206680655479431], [0.966926097869873, 0.9289883375167847, 0.911478579044342, 0.9348248839378357, 0.9990272521972656, 0.9659532904624939, 0.9017509818077087, 0.9445525407791138, 0.9610894918441772, 0.9747081995010376], [0.8850102424621582, 0.9353182911872864, 1.0, 0.977412760257721, 0.9004106521606445, 0.8480492830276489, 0.8747433423995972, 0.907597541809082, 0.9055441617965698, 0.9147843718528748], [0.9246779084205627, 0.935579776763916, 0.9554013609886169, 0.9980178475379944, 0.966303288936615, 0.857284426689148, 0.7670961618423462, 0.9038652181625366, 0.904856264591217, 0.9028741121292114]]",9.047626242041588,dfr,resnet18_mnist,True,0.06325555592775345,0.98,2,completed,2.3188748359680176,0.7670961618423462,outputs_final/resnet18_mnist/dfr/N1000/seed2
0.9991999864578247,0.9395444393157959,1000,0.7836999893188477,cuda,"[[0.9826530814170837, 0.9275510311126709, 0.8622449040412903, 0.8836734890937805, 0.9469387531280518, 0.9918367266654968, 1.0, 0.9908163547515869, 0.9448979496955872, 0.9744898080825806], [0.9991189241409302, 0.992951512336731, 0.8925110101699829, 0.924229085445404, 0.976211428642273, 0.9894273281097412, 0.9867841601371765, 0.9718061685562134, 0.9154185056686401, 0.9911894202232361], [0.9166666865348816, 0.9534883499145508, 0.981589138507843, 1.0, 1.0, 0.9864341020584106, 0.9292635917663574, 0.8594961166381836, 0.9467054009437561, 0.8856589198112488], [0.9366336464881897, 0.9435643553733826, 0.9148514866828918, 0.893069326877594, 0.9297029972076416, 0.9237623810768127, 0.997029721736908, 1.0, 0.999009907245636, 0.9683168530464172], [0.9450101852416992, 0.932790219783783, 0.9287168979644775, 0.9114053249359131, 0.8615071177482605, 0.9480651617050171, 0.9938900470733643, 1.0, 1.0, 0.9928717017173767], [0.9742152690887451, 0.9697309136390686, 0.8228699564933777, 0.9047085046768188, 0.9876681566238403, 0.9988788962364197, 0.9865471124649048, 0.878923773765564, 0.9170403480529785, 0.9573991298675537], [0.9906054139137268, 0.9979122877120972, 0.9832985401153564, 0.9582463502883911, 0.9519832730293274, 0.8267223238945007, 0.8924843668937683, 0.893528163433075, 0.8611690998077393, 0.9697285890579224], [0.9922178983688354, 0.9844357967376709, 0.9542801380157471, 0.8725680708885193, 0.8346303701400757, 0.9406614899635315, 0.9620622396469116, 0.9348248839378357, 0.9922178983688354, 0.9990272521972656], [0.9137576818466187, 0.9866529703140259, 1.0, 0.9958932399749756, 0.9168378114700317, 0.8562628626823425, 0.8921971321105957, 0.8696098327636719, 0.9127309918403625, 0.9106776118278503], [0.9682854413986206, 0.969276487827301, 0.894945502281189, 0.9811694622039795, 0.9970267415046692, 0.9831516146659851, 0.9524281620979309, 0.9028741121292114, 0.8562933802604675, 0.935579776763916]]",9.336964219808578,dfr,resnet18_mnist,True,0.06004444509744644,0.98,3,completed,2.1719125360250473,0.8228699564933777,outputs_final/resnet18_mnist/dfr/N1000/seed3
0.9988999962806702,0.9235222339630127,1000,0.7091000080108643,cuda,"[[1.0, 0.9928571581840515, 0.9795918464660645, 0.936734676361084, 0.9326530694961548, 0.863265335559845, 0.9867346882820129, 0.9857142567634583, 0.9918367266654968, 0.9979591965675354], [0.976211428642273, 0.9127753376960754, 0.9788545966148376, 1.0, 1.0, 0.9982379078865051, 0.9841409921646118, 0.9894273281097412, 0.9920704960823059, 0.9876651763916016], [0.9893410801887512, 0.8827519416809082, 0.9573643207550049, 0.9244186282157898, 0.8352712988853455, 0.9040697813034058, 0.932170569896698, 0.9554263353347778, 0.9593023061752319, 1.0], [0.9485148787498474, 0.9485148787498474, 0.9712871313095093, 0.8990098834037781, 0.9148514866828918, 0.9742574095726013, 1.0, 0.9950494766235352, 0.893069326877594, 0.8326732516288757], [0.8890020251274109, 0.9490835070610046, 0.9755600690841675, 0.9338085651397705, 0.8665987849235535, 0.8014256358146667, 0.9989816546440125, 1.0, 0.9745417237281799, 0.8523421883583069], [0.9271300435066223, 0.9013453125953674, 0.9865471124649048, 0.9977578520774841, 0.9955157041549683, 0.9663677215576172, 0.9517937302589417, 0.9473094344139099, 0.9540358781814575, 0.9125560522079468], [0.9039666056632996, 0.9279749393463135, 0.9937369227409363, 0.9832985401153564, 0.9342380166053772, 0.9749478101730347, 0.968684732913971, 0.9363256692886353, 0.9592902064323425, 0.9206680655479431], [0.811284065246582, 0.9231517314910889, 0.9601167440414429, 0.951361894607544, 0.9260700345039368, 0.8005836606025696, 0.9494163393974304, 0.9922178983688354, 0.9990272521972656, 0.783073902130127], [0.9558521509170532, 0.9979466199874878, 0.9938398599624634, 0.8644763827323914, 0.8921971321105957, 0.9045174717903137, 0.8511293530464172, 0.7453798651695251, 0.7967146039009094, 0.604722797870636], [0.9226957559585571, 0.7304261922836304, 0.9246779084205627, 0.9722497463226318, 0.9920713305473328, 1.0, 0.9573835730552673, 0.5104063153266907, 0.9236868023872375, 0.9405351877212524]]",9.05166044831276,dfr,resnet18_mnist,True,0.075855553150177,0.98,4,completed,2.088797450065613,0.5104063153266907,outputs_final/resnet18_mnist/dfr/N1000/seed4
0.9991000294685364,0.7480555772781372,250,0.3334999978542328,cuda,"[[0.5928571224212646, 0.6265305876731873, 0.25, 0.9877551198005676, 0.9959183931350708, 0.9938775300979614, 0.8581632375717163, 0.8244897723197937, 0.949999988079071, 0.6795918345451355], [0.992951512336731, 1.0, 0.9938325881958008, 0.8916299343109131, 0.8387665152549744, 0.8466960191726685, 0.8969162702560425, 0.9779735803604126, 0.9612334966659546, 0.9735682606697083], [0.7596899271011353, 0.7732558250427246, 0.7286821603775024, 0.8304263353347778, 0.895348846912384, 0.7403100728988647, 0.645348846912384, 0.9990310072898865, 0.8323643207550049, 0.6656976938247681], [0.8376237750053406, 0.8366336822509766, 0.8227722644805908, 0.9772277474403381, 0.999009907245636, 1.0, 0.9831683039665222, 0.5257425904273987, 0.7445544600486755, 0.6900990009307861], [0.8645620942115784, 0.6741344332695007, 0.7800407409667969, 1.0, 0.9796333909034729, 0.8228105902671814, 0.8981670141220093, 0.6334012150764465, 0.6741344332695007, 0.8564154505729675], [0.9775784611701965, 0.7634528875350952, 0.5571748614311218, 0.7724215388298035, 0.4069506824016571, 0.27242153882980347, 0.6872197389602661, 0.6782511472702026, 0.9899103045463562, 1.0], [0.9968684911727905, 0.9947807788848877, 0.9164927005767822, 0.705636739730835, 0.7682672142982483, 0.7327766418457031, 0.7045928835868835, 0.8622129559516907, 0.8538622260093689, 0.905010461807251], [0.8968871831893921, 0.5914396643638611, 0.344357967376709, 0.7431906461715698, 0.7217898964881897, 0.6575875282287598, 0.7733463048934937, 0.8891050815582275, 1.0, 0.9883268475532532], [0.7043120861053467, 0.7012320160865784, 0.5266940593719482, 0.9086242318153381, 0.6416837573051453, 0.7207392454147339, 1.0, 0.732032835483551, 0.4455852210521698, 0.4394250512123108], [0.8999009132385254, 0.9950445890426636, 0.9990088939666748, 0.8473736643791199, 0.41030722856521606, 0.16055500507354736, 0.12091179192066193, 0.49454906582832336, 0.07333993911743164, 0.47770068049430847]]",7.635359704494476,dfr,resnet18_mnist,False,0.25154444575309753,0.995,0,completed,0.5341574549674988,0.07333993911743164,outputs_final/resnet18_mnist/dfr/N250/seed0
0.9987999796867371,0.7742555737495422,250,0.3028999865055084,cuda,"[[0.7846938967704773, 0.5540816187858582, 0.7918367385864258, 0.8836734890937805, 1.0, 1.0, 0.9979591965675354, 0.2122448980808258, 0.5989795923233032, 0.5204081535339355], [0.9753304123878479, 0.9823788404464722, 0.9744493365287781, 0.9621145129203796, 0.9726872444152832, 0.9471365809440613, 1.0, 0.9110132455825806, 0.9788545966148376, 0.976211428642273], [0.9874030947685242, 1.0, 0.5271317958831787, 0.5242248177528381, 0.8449612259864807, 0.4127906858921051, 0.7693798542022705, 0.5600775480270386, 0.8265503644943237, 0.9263566136360168], [0.8306930661201477, 0.9207921028137207, 1.0, 0.9891089200973511, 0.7445544600486755, 0.7623762488365173, 0.7425742745399475, 0.6138613820075989, 0.5584158301353455, 0.8633663654327393], [1.0, 0.981670081615448, 0.7006109952926636, 0.595723032951355, 0.5376781821250916, 0.7128309607505798, 0.9012219905853271, 0.7087576389312744, 0.8747454285621643, 0.9786150455474854], [0.804932713508606, 0.8004484176635742, 0.3598654568195343, 0.878923773765564, 0.7791479825973511, 0.6625560522079468, 0.9103139042854309, 0.8408071994781494, 1.0, 0.9697309136390686], [0.8402922749519348, 0.7672233581542969, 0.8799582719802856, 0.9331941604614258, 0.9300626516342163, 0.630480170249939, 0.9488517642021179, 0.46346554160118103, 0.7233820557594299, 1.0], [0.7383268475532532, 0.7898832559585571, 0.9250972867012024, 0.9980545043945312, 0.5826848149299622, 0.6780155897140503, 0.8365758657455444, 0.7490272521972656, 0.8949416279792786, 0.9192606806755066], [0.8336755633354187, 0.5636550188064575, 0.31108829379081726, 0.7104722857475281, 0.7802874445915222, 0.5164270997047424, 0.8932238221168518, 1.0, 0.8644763827323914, 0.8470225930213928], [0.532210111618042, 0.8553022742271423, 0.5183349847793579, 0.6481664776802063, 0.9900891780853271, 0.9435084462165833, 0.837462842464447, 0.4479682743549347, 0.7859266400337219, 0.904856264591217]]",7.887626990675926,dfr,resnet18_mnist,False,0.22537778317928314,0.995,1,completed,0.56635382771492,0.2122448980808258,outputs_final/resnet18_mnist/dfr/N250/seed1
0.9998000264167786,0.7469666600227356,250,0.26669999957084656,cuda,"[[0.7520408034324646, 0.6204081773757935, 0.690816342830658, 0.5285714268684387, 0.7887755036354065, 0.800000011920929, 0.9438775777816772, 0.9979591965675354, 1.0, 0.9826530814170837], [0.8475770950317383, 0.7753304243087769, 0.8035242557525635, 0.9207048416137695, 0.933920681476593, 0.8951541781425476, 0.9903083443641663, 1.0, 1.0, 0.9947136640548706], [0.9912790656089783, 1.0, 0.788759708404541, 0.8343023061752319, 0.3682170510292053, 0.19476744532585144, 0.6734496355056763, 0.5445736646652222, 0.6366279125213623, 0.8972868323326111], [0.8792079091072083, 0.7970296740531921, 0.5386138558387756, 0.5059406161308289, 0.8118811845779419, 1.0, 0.9940593838691711, 0.8495049476623535, 0.8831683397293091, 0.8069307208061218], [0.686354398727417, 0.632382869720459, 0.3727087676525116, 0.7301425933837891, 0.7413442134857178, 0.9704684615135193, 1.0, 0.976578414440155, 0.9338085651397705, 0.9083502888679504], [0.9562780261039734, 0.847533643245697, 0.584080696105957, 0.6322869658470154, 0.8508968353271484, 0.37892377376556396, 0.48766815662384033, 0.9338564872741699, 0.9865471124649048, 1.0], [1.0, 0.9832985401153564, 0.44467639923095703, 0.9133611917495728, 0.9739039540290833, 0.9091858267784119, 0.6054279804229736, 0.8736951947212219, 0.8079332113265991, 0.8987473845481873], [0.8151751160621643, 0.5749027132987976, 0.49513620138168335, 0.6760700345039368, 1.0, 0.7130350470542908, 0.6293774247169495, 0.7334630489349365, 0.8647859692573547, 0.8832684755325317], [0.4558521509170532, 0.31416836380958557, 1.0, 0.685831606388092, 0.5790554285049438, 0.4332648813724518, 0.77823406457901, 0.7607802748680115, 0.7597535848617554, 0.685831606388092], [0.7750247716903687, 0.6600594520568848, 0.6065411567687988, 0.9980178475379944, 0.7244796752929688, 0.7710604667663574, 0.3201189339160919, 0.47770068049430847, 0.7869177460670471, 0.8295341730117798]]",7.681567296385765,dfr,resnet18_mnist,False,0.2529222369194031,0.995,2,completed,0.49842214584350586,0.19476744532585144,outputs_final/resnet18_mnist/dfr/N250/seed2
1.0,0.7487666606903076,250,0.2888000011444092,cuda,"[[0.9795918464660645, 0.863265335559845, 0.704081654548645, 0.6979591846466064, 0.8255102038383484, 0.9887754917144775, 1.0, 0.9938775300979614, 0.9479591846466064, 0.9346938729286194], [1.0, 0.9894273281097412, 0.7515418529510498, 0.8352422714233398, 0.9057268500328064, 0.9480175971984863, 0.9444934129714966, 0.9559471607208252, 0.833480179309845, 0.9427312612533569], [0.6686046719551086, 0.8003876209259033, 0.9108527302742004, 1.0, 0.9932170510292053, 0.8837209343910217, 0.5949612259864807, 0.5116279125213623, 0.8604651093482971, 0.559108555316925], [0.8594059348106384, 0.9148514866828918, 0.6425742506980896, 0.3910891115665436, 0.7178217768669128, 0.4128713011741638, 0.9772277474403381, 1.0, 0.9831683039665222, 0.8079208135604858], [0.8268839120864868, 0.8564154505729675, 0.771894097328186, 0.7759674191474915, 0.42158859968185425, 0.6894093751907349, 0.8360489010810852, 0.9979633688926697, 1.0, 0.9368635416030884], [0.9226457476615906, 0.9047085046768188, 0.46524664759635925, 0.42825111746788025, 0.8621076345443726, 1.0, 0.9775784611701965, 0.4304932653903961, 0.7432735562324524, 0.8307175040245056], [0.9853861927986145, 1.0, 0.9133611917495728, 0.650313138961792, 0.7964509129524231, 0.349686861038208, 0.2922755777835846, 0.6941545009613037, 0.5448851585388184, 0.9217119216918945], [0.9776264429092407, 0.9270427823066711, 0.8647859692573547, 0.7431906461715698, 0.6935797929763794, 0.8988326787948608, 0.8959143757820129, 0.7062256932258606, 0.9863813519477844, 1.0], [0.6848049163818359, 0.9271047115325928, 1.0, 0.524640679359436, 0.3398357331752777, 0.15503080189228058, 0.30800822377204895, 0.46919918060302734, 0.7607802748680115, 0.6848049163818359], [0.8344895839691162, 0.8959365487098694, 0.2824578881263733, 0.9028741121292114, 1.0, 0.894945502281189, 0.6065411567687988, 0.4658077359199524, 0.15460851788520813, 0.1843409389257431]]",7.933205187320709,dfr,resnet18_mnist,False,0.2512333393096924,0.995,3,completed,0.5621956586837769,0.15460851788520813,outputs_final/resnet18_mnist/dfr/N250/seed3
0.9994999766349792,0.7658110857009888,250,0.33649998903274536,cuda,"[[1.0, 0.6897959113121033, 0.3948979675769806, 0.8857142925262451, 0.9275510311126709, 0.9204081892967224, 0.9265305995941162, 0.8622449040412903, 0.9316326379776001, 0.9663265347480774], [0.983259916305542, 0.8088105916976929, 0.8088105916976929, 0.9920704960823059, 1.0, 0.9991189241409302, 0.9577092528343201, 0.9550660848617554, 0.9876651763916016, 0.9814978241920471], [0.9689922332763672, 0.5271317958831787, 0.8478682041168213, 0.7403100728988647, 0.7044573426246643, 0.8468992114067078, 0.5687984228134155, 0.7548449635505676, 0.836240291595459, 1.0], [0.8346534371376038, 0.7079207897186279, 0.8613861203193665, 0.500990092754364, 0.7198019623756409, 0.9643564224243164, 1.0, 0.998019814491272, 0.8079208135604858, 0.3217821717262268], [0.8574337959289551, 0.7128309607505798, 0.8116089701652527, 0.837067186832428, 0.8095722794532776, 0.6700611114501953, 0.9826883673667908, 1.0, 0.9704684615135193, 0.8319755792617798], [0.7242152690887451, 0.35538116097450256, 0.9147982001304626, 0.9977578520774841, 0.9943946003913879, 0.926008939743042, 0.6423766613006592, 0.6558296084403992, 0.7488788962364197, 0.6827354431152344], [0.6336116790771484, 0.9227557182312012, 1.0, 0.9133611917495728, 0.7087682485580444, 0.849686861038208, 0.9279749393463135, 0.8089770078659058, 0.8110647201538086, 0.6732776761054993], [0.8511673212051392, 0.8287937641143799, 0.9017509818077087, 0.8171206116676331, 0.8278210163116455, 0.8268482685089111, 0.7033073902130127, 0.8132295608520508, 1.0, 0.8696498274803162], [0.849075973033905, 1.0, 0.8634496927261353, 0.2885010242462158, 0.395277202129364, 0.5277207493782043, 0.4517453908920288, 0.6314168572425842, 0.5605749487876892, 0.1652977466583252], [0.9038652181625366, 0.47076311707496643, 0.674925684928894, 0.6273537874221802, 0.8543112277984619, 0.9970267415046692, 0.8582755327224731, 0.1000991091132164, 0.2497522234916687, 0.8840436339378357]]",9.541509374976158,dfr,resnet18_mnist,False,0.23399999737739563,0.995,4,completed,0.5691376328468323,0.1000991091132164,outputs_final/resnet18_mnist/dfr/N250/seed4
0.9977999925613403,0.9659666419029236,2500,0.89410001039505,cuda,"[[0.981632649898529, 0.9897959232330322, 0.9928571581840515, 0.9979591965675354, 0.9989795684814453, 0.9969387650489807, 0.9775510430335999, 0.9755101799964905, 0.9867346882820129, 0.9857142567634583], [0.9982379078865051, 1.0, 1.0, 0.9876651763916016, 0.9788545966148376, 0.9797356724739075, 0.9568281769752502, 0.983259916305542, 0.9823788404464722, 0.9859030842781067], [0.9728682041168213, 0.9699612259864807, 0.9854651093482971, 0.9903100728988647, 0.9864341020584106, 0.9738371968269348, 0.9874030947685242, 0.9970930218696594, 0.9806201457977295, 0.9651162624359131], [0.9534653425216675, 0.9722772240638733, 0.9732673168182373, 0.9920791983604431, 1.0, 1.0, 0.9851484894752502, 0.9574257135391235, 0.9623762369155884, 0.9405940771102905], [0.9714867472648621, 0.9378818869590759, 0.9450101852416992, 0.9969450235366821, 0.994908332824707, 0.9826883673667908, 0.9562118053436279, 0.9684317708015442, 0.976578414440155, 0.9867616891860962], [0.9977578520774841, 0.9843049049377441, 0.9730941653251648, 0.9854260087013245, 0.976457417011261, 0.9417040348052979, 0.9147982001304626, 0.9820627570152283, 0.9966367483139038, 0.9988788962364197], [0.9937369227409363, 0.9885177612304688, 0.9832985401153564, 0.9645093679428101, 0.944676399230957, 0.9384133815765381, 0.9102296233177185, 0.9728600978851318, 0.9592902064323425, 0.9749478101730347], [0.9805447459220886, 0.9202334880828857, 0.9182879328727722, 0.9737353920936584, 0.9688715934753418, 0.951361894607544, 0.9533073902130127, 0.9854085445404053, 0.9980545043945312, 0.9970816969871521], [0.9363449811935425, 0.9404517412185669, 0.9096509218215942, 0.9322382211685181, 0.9158110618591309, 0.977412760257721, 1.0, 0.975359320640564, 0.9209445714950562, 0.9106776118278503], [0.9603567719459534, 0.9831516146659851, 0.9940535426139832, 0.9752230048179626, 0.928642213344574, 0.9117938280105591, 0.9276511669158936, 0.9573835730552673, 0.8929633498191833, 0.9157581925392151]]",8.21796989440918,dfr,resnet18_mnist,True,0.032511111348867416,0.95,0,completed,5.1966699212789536,0.8929633498191833,outputs_final/resnet18_mnist/dfr/N2500/seed0
0.9984999895095825,0.9698666930198669,2500,0.9013000130653381,cuda,"[[0.9836734533309937, 0.9826530814170837, 0.9867346882820129, 0.9928571581840515, 0.9979591965675354, 0.9989795684814453, 0.9969387650489807, 0.9836734533309937, 0.9510204195976257, 0.9663265347480774], [0.9859030842781067, 0.9894273281097412, 0.992951512336731, 0.992951512336731, 0.9964757561683655, 0.9991189241409302, 1.0, 0.9577092528343201, 0.9788545966148376, 0.9814978241920471], [0.9990310072898865, 1.0, 0.9864341020584106, 0.9728682041168213, 0.9825581312179565, 0.9777131676673889, 0.9689922332763672, 0.9593023061752319, 0.979651153087616, 0.9932170510292053], [0.9732673168182373, 0.9891089200973511, 0.999009907245636, 0.997029721736908, 0.996039628982544, 0.9920791983604431, 0.987128734588623, 0.9673267602920532, 0.9405940771102905, 0.9653465151786804], [1.0, 0.9959266781806946, 0.9725050926208496, 0.9501018524169922, 0.9378818869590759, 0.9572301506996155, 0.9653767943382263, 0.9378818869590759, 0.9368635416030884, 0.9847250580787659], [0.9573991298675537, 0.945067286491394, 0.9473094344139099, 0.9786995649337769, 0.9831838607788086, 0.9843049049377441, 0.9753363132476807, 0.9719731211662292, 0.9977578520774841, 0.9966367483139038], [0.9645093679428101, 0.9561586380004883, 0.9759916663169861, 0.9645093679428101, 0.9478079080581665, 0.931106448173523, 0.9384133815765381, 0.9457202553749084, 0.9655532240867615, 0.9968684911727905], [0.9620622396469116, 0.9727626442909241, 0.9961089491844177, 0.9970816969871521, 0.9854085445404053, 0.9601167440414429, 0.9367704391479492, 0.9416342377662659, 0.9834630489349365, 0.9873540997505188], [0.9507187008857727, 0.9620122909545898, 0.9702258706092834, 0.9712525606155396, 0.9712525606155396, 0.9733059406280518, 0.9907597303390503, 1.0, 0.9691991806030273, 0.9260780215263367], [0.8919722437858582, 0.9514370560646057, 0.9722497463226318, 0.9890981316566467, 0.9950445890426636, 0.9881070256233215, 0.962338924407959, 0.9187313914299011, 0.9345887303352356, 0.9296333193778992]]",8.436974167823792,dfr,resnet18_mnist,True,0.029100000858306885,0.95,1,completed,3.151667132973671,0.8919722437858582,outputs_final/resnet18_mnist/dfr/N2500/seed1
0.9988999962806702,0.9673666954040527,2500,0.8912000060081482,cuda,"[[0.9663265347480774, 0.9765306115150452, 0.9846938848495483, 0.9826530814170837, 0.9959183931350708, 0.9887754917144775, 0.9867346882820129, 0.9989795684814453, 1.0, 0.9959183931350708], [0.9947136640548706, 0.9867841601371765, 0.9629955887794495, 0.9779735803604126, 0.9867841601371765, 0.9903083443641663, 0.9964757561683655, 0.9991189241409302, 1.0, 0.9955947399139404], [0.9961240291595459, 1.0, 0.9874030947685242, 0.9738371968269348, 0.9583333134651184, 0.9728682041168213, 0.9893410801887512, 0.9825581312179565, 0.9728682041168213, 0.9786821603775024], [0.9683168530464172, 0.9831683039665222, 0.9821782112121582, 0.986138641834259, 0.997029721736908, 1.0, 0.998019814491272, 0.9831683039665222, 0.9722772240638733, 0.9554455280303955], [0.9735234379768372, 0.9837067127227783, 0.9399185180664062, 0.8798370957374573, 0.9725050926208496, 1.0, 1.0, 0.9989816546440125, 0.9735234379768372, 0.9714867472648621], [0.9955157041549683, 0.976457417011261, 0.9641255736351013, 0.9439461827278137, 0.9428251385688782, 0.9237667918205261, 0.9551569223403931, 0.9798206090927124, 0.9921524524688721, 0.9977578520774841], [0.9937369227409363, 0.9958246350288391, 0.9645093679428101, 0.962421715259552, 0.9718163013458252, 0.9655532240867615, 0.9613778591156006, 0.9728600978851318, 0.9519832730293274, 0.9582463502883911], [0.9834630489349365, 0.9601167440414429, 0.938715934753418, 0.9863813519477844, 0.9980545043945312, 0.9854085445404053, 0.924124538898468, 0.929961085319519, 0.966926097869873, 0.9844357967376709], [0.9024640917778015, 0.9743326306343079, 1.0, 0.987679660320282, 0.9579055309295654, 0.8531827330589294, 0.9209445714950562, 0.9445585012435913, 0.9548254609107971, 0.8973305821418762], [0.9335976243019104, 0.9573835730552673, 0.973240852355957, 1.0, 0.9910802841186523, 0.9246779084205627, 0.9028741121292114, 0.9563924670219421, 0.9504460096359253, 0.9078295230865479]]",9.209353655576706,dfr,resnet18_mnist,True,0.03186666592955589,0.95,2,completed,5.206945106387138,0.8531827330589294,outputs_final/resnet18_mnist/dfr/N2500/seed2
0.9991999864578247,0.9735777974128723,2500,0.9187999963760376,cuda,"[[0.9806122183799744, 0.9734693765640259, 0.9734693765640259, 0.9765306115150452, 0.9744898080825806, 0.9948979616165161, 1.0, 0.9969387650489807, 0.9867346882820129, 0.9795918464660645], [1.0, 0.9991189241409302, 0.9726872444152832, 0.9700440764427185, 0.9806167483329773, 0.9894273281097412, 0.9876651763916016, 0.9814978241920471, 0.9814978241920471, 0.9947136640548706], [0.9418604373931885, 0.9786821603775024, 0.9970930218696594, 1.0, 1.0, 0.9961240291595459, 0.9670542478561401, 0.9554263353347778, 0.9777131676673889, 0.9399224519729614], [0.9742574095726013, 0.9742574095726013, 0.9594059586524963, 0.9386138319969177, 0.9455445408821106, 0.9712871313095093, 0.998019814491272, 1.0, 0.999009907245636, 0.9851484894752502], [0.9877800345420837, 0.9908350110054016, 0.976578414440155, 0.9409368634223938, 0.9215885996818542, 0.9663951396942139, 0.9898167252540588, 0.9969450235366821, 1.0, 0.9969450235366821], [0.9820627570152283, 0.9697309136390686, 0.9753363132476807, 0.9843049049377441, 0.9955157041549683, 0.9966367483139038, 0.9910314083099365, 0.9618834257125854, 0.9607623219490051, 0.9831838607788086], [0.9895615577697754, 0.9979122877120972, 0.9937369227409363, 0.9843423962593079, 0.9749478101730347, 0.9718163013458252, 0.9759916663169861, 0.9645093679428101, 0.942588746547699, 0.9655532240867615], [0.9951362013816833, 0.9863813519477844, 0.9698443412780762, 0.9426069855690002, 0.9474708437919617, 0.975680947303772, 0.9737353920936584, 0.9698443412780762, 0.9902724027633667, 0.9980545043945312], [0.9681724905967712, 0.9958932399749756, 1.0, 0.9897330403327942, 0.9363449811935425, 0.9476386308670044, 0.9630390405654907, 0.9620122909545898, 0.9486653208732605, 0.9507187008857727], [0.9544103145599365, 0.9643211364746094, 0.9702675938606262, 0.9970267415046692, 0.9990088939666748, 0.9910802841186523, 0.966303288936615, 0.9524281620979309, 0.9425173401832581, 0.9345887303352356]]",8.767523348331451,dfr,resnet18_mnist,True,0.025866666808724403,0.95,3,completed,4.641057088971138,0.9215885996818542,outputs_final/resnet18_mnist/dfr/N2500/seed3
0.9990000128746033,0.967644453048706,2500,0.8873999714851379,cuda,"[[1.0, 0.9908163547515869, 0.972449004650116, 0.9806122183799744, 0.9846938848495483, 0.9744898080825806, 0.9826530814170837, 0.9897959232330322, 0.9928571581840515, 0.9969387650489807], [0.9726872444152832, 0.9392070770263672, 0.976211428642273, 0.9991189241409302, 1.0, 0.9903083443641663, 0.9735682606697083, 0.9788545966148376, 0.9955947399139404, 0.9885462522506714], [0.9912790656089783, 0.9593023061752319, 0.9767441749572754, 0.9835271239280701, 0.9748061895370483, 0.9622092843055725, 0.9176356792449951, 0.981589138507843, 0.9835271239280701, 1.0], [0.9673267602920532, 0.9594059586524963, 0.9425742626190186, 0.8683168292045593, 0.9396039843559265, 0.9940593838691711, 0.999009907245636, 0.9950494766235352, 0.9603960514068604, 0.9485148787498474], [0.9826883673667908, 0.976578414440155, 0.9623218178749084, 0.9704684615135193, 0.9307535886764526, 0.8482688665390015, 0.9826883673667908, 1.0, 0.9989816546440125, 0.9857434034347534], [0.9551569223403931, 0.9652466177940369, 0.9899103045463562, 0.9977578520774841, 0.9977578520774841, 0.9686098694801331, 0.9596412777900696, 0.9775784611701965, 0.9753363132476807, 0.9719731211662292], [0.9540709853172302, 0.9916492700576782, 0.9989561438560486, 0.9916492700576782, 0.9864300489425659, 0.9895615577697754, 0.9885177612304688, 0.9749478101730347, 0.968684732913971, 0.9592902064323425], [0.957198441028595, 0.966926097869873, 0.9824903011322021, 0.9766536951065063, 0.9727626442909241, 0.9474708437919617, 0.9601167440414429, 0.9902724027633667, 0.9970816969871521, 0.9747081995010376], [0.9958932399749756, 1.0, 0.9866529703140259, 0.9034907817840576, 0.9404517412185669, 0.9527720808982849, 0.9527720808982849, 0.9733059406280518, 0.9681724905967712, 0.966119110584259], [0.9415262341499329, 0.9415262341499329, 0.9603567719459534, 0.9603567719459534, 0.9871159791946411, 0.9970267415046692, 0.9762140512466431, 0.9008919596672058, 0.9157581925392151, 0.9435084462165833]]",8.39456357061863,dfr,resnet18_mnist,True,0.03148888796567917,0.95,4,completed,4.147283732891083,0.8482688665390015,outputs_final/resnet18_mnist/dfr/N2500/seed4
0.9940000176429749,0.3860666751861572,50,0.008500000461935997,cuda,"[[0.15918366611003876, 0.5785714387893677, 0.013265306130051613, 0.7418367266654968, 0.9969387650489807, 0.9744898080825806, 0.0030612244736403227, 0.5520408153533936, 0.0, 0.36632654070854187], [0.5277532935142517, 0.9973568320274353, 0.9356828331947327, 0.9894273281097412, 0.8475770950317383, 0.8105726838111877, 0.7427312731742859, 0.4308370053768158, 0.3735682964324951, 0.29162997007369995], [0.4244185984134674, 0.02422480657696724, 0.0019379844889044762, 0.2800387740135193, 0.48643410205841064, 0.13081395626068115, 0.14631782472133636, 0.9932170510292053, 0.8304263353347778, 0.06589147448539734], [0.9346534609794617, 0.08712871372699738, 0.0, 0.47623762488365173, 0.998019814491272, 0.999009907245636, 0.06930693238973618, 0.0009900990407913923, 0.43267327547073364, 0.8356435894966125], [0.07535641640424728, 0.5336048603057861, 0.08044806867837906, 0.9979633688926697, 0.14256618916988373, 0.10794297605752945, 0.6771894097328186, 0.013238289393484592, 0.49389001727104187, 0.3065173029899597], [0.14798206090927124, 0.46188339591026306, 0.08183856308460236, 0.5571748614311218, 0.2567264437675476, 0.2634529173374176, 0.19170403480529785, 0.4730941653251648, 0.30156952142715454, 0.9775784611701965], [0.9947807788848877, 0.9519832730293274, 0.020876826718449593, 0.1325678527355194, 0.42171189188957214, 0.3434238135814667, 0.2922755777835846, 0.3298538625240326, 0.8643006086349487, 0.10438413172960281], [0.030155641958117485, 0.6420233249664307, 0.2159533053636551, 0.5437743067741394, 0.3852140009403229, 0.35116732120513916, 0.6760700345039368, 0.443579763174057, 0.9970816969871521, 0.17315174639225006], [0.03798767924308777, 0.7197125554084778, 0.19609856605529785, 0.5236139893531799, 0.48049280047416687, 0.48459959030151367, 0.9835729002952576, 0.7104722857475281, 0.0, 0.0], [0.5758176445960999, 0.9078295230865479, 1.0, 0.8354806900024414, 0.48959365487098694, 0.1179385557770729, 0.015857284888625145, 0.5857284665107727, 0.0, 0.0]]",8.435482144355774,dfr,resnet18_mnist,False,0.6130111217498779,0.999,0,completed,0.2235073447227478,0.0,outputs_final/resnet18_mnist/dfr/N50/seed0
0.9976000189781189,0.3051777780056,50,0.009200000204145908,cuda,"[[0.7428571581840515, 0.5224489569664001, 0.37346938252449036, 0.15816326439380646, 0.0020408162381500006, 0.9979591965675354, 0.9857142567634583, 0.0, 0.0030612244736403227, 0.005102040711790323], [0.35418501496315, 0.6828193664550781, 0.857268750667572, 0.8220264315605164, 0.44581496715545654, 0.8070484399795532, 1.0, 0.9286343455314636, 0.3312775194644928, 0.5004405379295349], [0.876937985420227, 0.9970930218696594, 0.875, 0.518410861492157, 0.0019379844889044762, 0.0, 0.0, 0.0, 0.2122092992067337, 0.5484496355056763], [0.14158415794372559, 0.20693069696426392, 0.999009907245636, 0.697029709815979, 0.0, 0.0, 0.0, 0.015841584652662277, 0.1346534639596939, 0.30000001192092896], [0.9979633688926697, 0.4541751444339752, 0.0010183299891650677, 0.3299388885498047, 0.03462321683764458, 0.0, 0.0, 0.10386965423822403, 0.10386965423822403, 0.8778004050254822], [0.0, 0.0, 0.0, 0.1098654717206955, 0.7096412777900696, 0.006726457271724939, 0.006726457271724939, 0.17152465879917145, 0.9988788962364197, 0.6973094344139099], [0.08559498935937881, 0.0, 0.045929018408060074, 0.5803757905960083, 0.3434238135814667, 0.009394572116434574, 0.7620041966438293, 0.3716075122356415, 0.31837159395217896, 0.9989561438560486], [0.0, 0.33852139115333557, 0.7266536951065063, 1.0, 0.6449416279792786, 0.5671206116676331, 0.3035019338130951, 0.7655642032623291, 0.004863813053816557, 0.0], [0.0, 0.01642710529267788, 0.041067760437726974, 0.002053388161584735, 0.5893223881721497, 0.8213552236557007, 0.5841889381408691, 1.0, 0.0, 0.0], [0.02675916813313961, 0.9712586998939514, 0.032705649733543396, 0.004955401178449392, 0.9861248731613159, 0.8483647108078003, 0.4301288425922394, 0.003964321222156286, 0.0, 0.0]]",8.885379195213318,dfr,resnet18_mnist,False,0.6945888996124268,0.999,1,completed,0.21961693465709686,0.0,outputs_final/resnet18_mnist/dfr/N50/seed1
0.9990000128746033,0.28822222352027893,50,0.0,cuda,"[[0.23571428656578064, 0.21836735308170319, 0.0, 0.0, 0.0020408162381500006, 0.2581632733345032, 0.09081632643938065, 0.44693878293037415, 1.0, 0.981632649898529], [0.6123347878456116, 0.14185021817684174, 0.0, 0.0, 0.0044052861630916595, 0.5541850328445435, 0.7665198445320129, 0.9973568320274353, 0.17180617153644562, 0.6740087866783142], [0.942829430103302, 1.0, 0.5639534592628479, 0.03294573724269867, 0.1172480583190918, 0.01937984488904476, 0.049418605864048004, 0.049418605864048004, 0.11240310221910477, 0.518410861492157], [0.6009901165962219, 0.0, 0.1514851450920105, 0.006930693052709103, 0.3376237750053406, 0.999009907245636, 0.17326731979846954, 0.024752475321292877, 0.6108911037445068, 0.05544554442167282], [0.6384928822517395, 0.26272913813591003, 0.06517311930656433, 0.1456211805343628, 0.01731160841882229, 0.699592649936676, 0.9989816546440125, 0.32586556673049927, 0.11710794270038605, 0.5539714694023132], [0.7847533822059631, 0.0011210762895643711, 0.18385650217533112, 0.5067264437675476, 0.16591928899288177, 0.0, 0.0, 0.0, 0.8867713212966919, 1.0], [0.9968684911727905, 0.8131523728370667, 0.19728600978851318, 0.9405010342597961, 0.8162839412689209, 0.2640918493270874, 0.0, 0.2985386252403259, 0.1513569951057434, 0.5824634432792664], [0.755836546421051, 0.015564202331006527, 0.30836576223373413, 0.38229572772979736, 1.0, 0.38910505175590515, 0.006809338461607695, 0.1624513566493988, 0.23638132214546204, 0.06420233100652695], [0.012320328503847122, 0.08521560579538345, 1.0, 0.3326488733291626, 0.0010266940807923675, 0.07084188610315323, 0.0010266940807923675, 0.8819301724433899, 0.5995893478393555, 0.0010266940807923675], [0.04856293275952339, 0.2547076344490051, 0.4836471676826477, 0.9980178475379944, 0.0, 0.6699702739715576, 0.396432101726532, 0.5084241628646851, 0.3300297260284424, 0.006937562022358179]]",8.764100670814514,dfr,resnet18_mnist,False,0.7115777730941772,0.999,2,completed,0.18478365242481232,0.0,outputs_final/resnet18_mnist/dfr/N50/seed2
0.9993000030517578,0.32481110095977783,50,0.039400000125169754,cuda,"[[0.037755101919174194, 0.0, 0.0, 0.27346938848495483, 0.0, 0.3163265287876129, 1.0, 0.8071428537368774, 0.36836734414100647, 0.0], [1.0, 0.9480175971984863, 0.39383259415626526, 0.5013216137886047, 0.6458149552345276, 0.7682819366455078, 0.7224669456481934, 0.9656387567520142, 0.6167401075363159, 0.9585903286933899], [0.31976744532585144, 0.11046511679887772, 0.08042635768651962, 0.9961240291595459, 0.5620155334472656, 0.32073643803596497, 0.11143410950899124, 0.08624030649662018, 0.8536821603775024, 0.1967054307460785], [0.32574257254600525, 0.2851485013961792, 0.006930693052709103, 0.0009900990407913923, 0.002970297122374177, 0.0, 0.5257425904273987, 1.0, 0.9554455280303955, 0.5366336703300476], [0.27393075823783875, 0.7067209482192993, 0.5478615164756775, 0.4429735243320465, 0.22912423312664032, 0.0773930773139, 0.0030549897346645594, 0.932790219783783, 1.0, 0.8268839120864868], [0.39573991298675537, 0.32847532629966736, 0.0044843051582574844, 0.34529146552085876, 0.39461883902549744, 1.0, 0.19394618272781372, 0.0, 0.0, 0.36883407831192017], [0.907098114490509, 0.9989561438560486, 0.33194154500961304, 0.0, 0.12004175037145615, 0.7045928835868835, 0.00626304792240262, 0.0, 0.0, 0.48851773142814636], [0.9202334880828857, 0.4941634237766266, 0.2752918303012848, 0.27334630489349365, 0.17315174639225006, 0.07587548345327377, 0.33657586574554443, 0.0, 0.14591439068317413, 0.9990272521972656], [0.290554404258728, 0.441478431224823, 1.0, 0.18172484636306763, 0.023613963276147842, 0.0, 0.13449692726135254, 0.028747433796525, 0.02156057581305504, 0.01745379902422428], [0.6005946397781372, 0.04459861293435097, 0.005946481600403786, 0.8582755327224731, 0.9990088939666748, 0.0, 0.2537165582180023, 0.5599603652954102, 0.20713578164577484, 0.008919722400605679]]",8.089727580547333,dfr,resnet18_mnist,False,0.6749222278594971,0.999,3,completed,0.17172174155712128,0.0,outputs_final/resnet18_mnist/dfr/N50/seed3
0.9995999932289124,0.2702000141143799,50,0.006300000008195639,cuda,"[[1.0, 0.07959183305501938, 0.0, 0.014285714365541935, 0.05612244829535484, 0.07857143133878708, 0.6122449040412903, 0.08775509893894196, 0.01224489789456129, 0.5122448801994324], [0.0035242291633039713, 0.0, 0.10308369994163513, 0.992951512336731, 1.0, 0.9982379078865051, 0.774449348449707, 0.7859030961990356, 0.2458149790763855, 0.2625550627708435], [0.07073643058538437, 0.0, 0.10562015324831009, 0.013565891422331333, 0.0, 0.0029069767333567142, 0.13565891981124878, 0.6366279125213623, 0.14147286117076874, 1.0], [0.17128713428974152, 0.0, 0.3910891115665436, 0.003960396163165569, 0.0009900990407913923, 0.2039603888988495, 0.999009907245636, 0.9782178401947021, 0.1693069338798523, 0.0], [0.1293279081583023, 0.06619144231081009, 0.40122199058532715, 0.518329918384552, 0.30346232652664185, 0.04175152629613876, 0.9826883673667908, 1.0, 0.3706721067428589, 0.0], [0.1132287010550499, 0.0011210762895643711, 0.6681614518165588, 1.0, 0.823991060256958, 0.022421523928642273, 0.0, 0.0011210762895643711, 0.03363228589296341, 0.0], [0.2400835007429123, 0.6544885039329529, 0.9989561438560486, 0.4206680655479431, 0.4384133517742157, 0.8068893551826477, 0.4154488444328308, 0.002087682718411088, 0.3361169099807739, 0.0], [0.6682879328727722, 0.13910505175590515, 0.618677020072937, 0.29182878136634827, 0.26459142565727234, 0.4212062358856201, 0.5408560037612915, 0.7607004046440125, 1.0, 0.3745136260986328], [0.5451745390892029, 1.0, 0.4856262803077698, 0.0, 0.108829565346241, 0.06262833625078201, 0.018480492755770683, 0.0, 0.015400410629808903, 0.041067760437726974], [0.5470762848854065, 0.0, 0.0, 0.011892963200807571, 0.8414271473884583, 0.9980178475379944, 0.759167492389679, 0.001982160611078143, 0.001982160611078143, 0.04162537306547165]]",8.773203074932098,dfr,resnet18_mnist,False,0.7296888828277588,0.999,4,completed,0.19692464172840118,0.0,outputs_final/resnet18_mnist/dfr/N50/seed4
0.9983999729156494,0.8937000036239624,500,0.6182000041007996,cuda,"[[0.8183673620223999, 0.9142857193946838, 0.9693877696990967, 0.9897959232330322, 0.9979591965675354, 0.9948979616165161, 0.8612244725227356, 0.9438775777816772, 0.9612244963645935, 0.9010204076766968], [0.9903083443641663, 1.0, 1.0, 0.9911894202232361, 0.9894273281097412, 0.9850220084190369, 0.9471365809440613, 0.9409691691398621, 0.9198237657546997, 0.9656387567520142], [0.9350775480270386, 0.7800387740135193, 0.9069767594337463, 0.9544573426246643, 0.895348846912384, 0.7906976938247681, 0.7567829489707947, 0.9990310072898865, 0.979651153087616, 0.9806201457977295], [0.9247524738311768, 0.9386138319969177, 0.9039604067802429, 0.9821782112121582, 0.999009907245636, 0.999009907245636, 0.8554455637931824, 0.6247524619102478, 0.7910891175270081, 0.8702970147132874], [0.9531568288803101, 0.92769855260849, 0.9317718744277954, 0.9969450235366821, 0.9918533563613892, 0.958248496055603, 0.8553971648216248, 0.9287168979644775, 0.9643584489822388, 0.976578414440155], [0.9742152690887451, 0.9058296084403992, 0.823991060256958, 0.9663677215576172, 0.9417040348052979, 0.8329596519470215, 0.47197309136390686, 0.9585201740264893, 0.9943946003913879, 0.9988788962364197], [0.9979122877120972, 0.9968684911727905, 0.9885177612304688, 0.9707724452018738, 0.9300626516342163, 0.9008350968360901, 0.8486430048942566, 0.9603340029716492, 0.9634655714035034, 0.9874739050865173], [0.9212062358856201, 0.8025291562080383, 0.7461089491844177, 0.8501945734024048, 0.911478579044342, 0.7957198619842529, 0.6945525407791138, 0.9464980363845825, 0.9970816969871521, 0.9912451505661011], [0.8439425230026245, 0.7843942642211914, 0.7474332451820374, 0.9425051212310791, 0.7823408842086792, 0.8521560430526733, 1.0, 0.5944558382034302, 0.6622176766395569, 0.8213552236557007], [0.9405351877212524, 0.9781962633132935, 0.9970267415046692, 0.9742318987846375, 0.871159553527832, 0.8176412582397461, 0.6085233092308044, 0.9514370560646057, 0.7938553094863892, 0.8632309436798096]]",8.59759122133255,dfr,resnet18_mnist,False,0.10559999942779541,0.99,0,completed,0.5728922039270401,0.47197309136390686,outputs_final/resnet18_mnist/dfr/N500/seed0
0.9987000226974487,0.8688666820526123,500,0.5339999794960022,cuda,"[[0.9255102276802063, 0.9530612230300903, 0.9887754917144775, 0.9755101799964905, 0.9928571581840515, 0.9989795684814453, 0.9948979616165161, 0.7377551198005676, 0.9510204195976257, 0.9469387531280518], [0.8784140944480896, 0.9629955887794495, 0.9841409921646118, 0.9189427495002747, 0.9550660848617554, 0.9867841601371765, 0.9973568320274353, 0.9207048416137695, 0.9189427495002747, 0.9744493365287781], [0.9844961166381836, 0.9990310072898865, 0.9505813717842102, 0.6085271239280701, 0.9040697813034058, 0.8982558250427246, 0.8866279125213623, 0.7800387740135193, 0.8992248177528381, 0.9244186282157898], [0.908910870552063, 0.9613861441612244, 1.0, 0.9584158658981323, 0.9138613939285278, 0.9287128448486328, 0.9415841698646545, 0.9198019504547119, 0.8980197906494141, 0.9198019504547119], [1.0, 0.9959266781806946, 0.9338085651397705, 0.8034623265266418, 0.8054989576339722, 0.8767820596694946, 0.9114053249359131, 0.6985743641853333, 0.6659877896308899, 0.9653767943382263], [0.7029147744178772, 0.8486546874046326, 0.7365471124649048, 0.8800448179244995, 0.7970852255821228, 0.810538113117218, 0.9293721914291382, 0.9876681566238403, 0.9988788962364197, 0.8396860957145691], [0.6242170929908752, 0.8455114960670471, 0.9697285890579224, 0.9728600978851318, 0.9498956203460693, 0.8956158757209778, 0.9405010342597961, 0.7421711683273315, 0.931106448173523, 1.0], [0.7869649529457092, 0.7431906461715698, 0.9834630489349365, 0.9990272521972656, 0.9396887421607971, 0.8725680708885193, 0.9221789836883545, 0.6702334880828857, 0.9163424372673035, 0.9250972867012024], [0.6745380163192749, 0.5184804797172546, 0.5698152184486389, 0.8388090133666992, 0.7114989757537842, 0.9117043018341064, 0.9630390405654907, 0.9969199299812317, 0.7956879138946533, 0.7628336548805237], [0.39841428399086, 0.8731417059898376, 0.8166501522064209, 0.8394449949264526, 0.9970267415046692, 0.9871159791946411, 0.9603567719459534, 0.8166501522064209, 0.857284426689148, 0.7898910045623779]]",7.786306217312813,dfr,resnet18_mnist,False,0.1306888908147812,0.99,1,completed,0.4884219169616699,0.39841428399086,outputs_final/resnet18_mnist/dfr/N500/seed1
0.9997000098228455,0.8996222019195557,500,0.6460999846458435,cuda,"[[0.8244897723197937, 0.9163265228271484, 0.8969388008117676, 0.9173469543457031, 0.9428571462631226, 0.9642857313156128, 0.9438775777816772, 1.0, 0.9989795684814453, 0.9877551198005676], [0.9127753376960754, 0.9118942618370056, 0.9259911775588989, 0.9814978241920471, 0.9867841601371765, 0.9735682606697083, 0.907489001750946, 1.0, 1.0, 0.9885462522506714], [0.9496123790740967, 0.9990310072898865, 0.940891444683075, 0.7858527302742004, 0.6327519416809082, 0.7364341020584106, 0.9370155334472656, 0.8042635917663574, 0.8255813717842102, 0.875], [0.9396039843559265, 0.9425742626190186, 0.9039604067802429, 0.7970296740531921, 0.9643564224243164, 1.0, 0.997029721736908, 0.9742574095726013, 0.9514851570129395, 0.8584158420562744], [0.9358451962471008, 0.9745417237281799, 0.7739307284355164, 0.5702647566795349, 0.8798370957374573, 0.994908332824707, 1.0, 0.9928717017173767, 0.9653767943382263, 0.9266802668571472], [0.9742152690887451, 0.9248878955841064, 0.8329596519470215, 0.7073991298675537, 0.9069506525993347, 0.8531390428543091, 0.9282511472702026, 0.9899103045463562, 0.9943946003913879, 0.9988788962364197], [1.0, 0.9916492700576782, 0.8914405107498169, 0.9707724452018738, 0.9728600978851318, 0.9770354628562927, 0.968684732913971, 0.9759916663169861, 0.9592902064323425, 0.9728600978851318], [0.9406614899635315, 0.8482490181922913, 0.8910505771636963, 0.9640077948570251, 1.0, 0.9727626442909241, 0.8210116624832153, 0.924124538898468, 0.9562256932258606, 0.9620622396469116], [0.7197125554084778, 0.8891170620918274, 1.0, 0.8388090133666992, 0.7813141942024231, 0.7022587060928345, 0.7843942642211914, 0.8911704421043396, 0.8798767924308777, 0.7648870348930359], [0.9117938280105591, 0.9078295230865479, 0.9365708827972412, 1.0, 0.9197224974632263, 0.8820614218711853, 0.5857284665107727, 0.8691774010658264, 0.8929633498191833, 0.8800792694091797]]",7.909204065799713,dfr,resnet18_mnist,False,0.1001555547118187,0.99,2,completed,0.6873040646314621,0.5702647566795349,outputs_final/resnet18_mnist/dfr/N500/seed2
0.9987999796867371,0.9062444567680359,500,0.6855999827384949,cuda,"[[0.9867346882820129, 0.9653061032295227, 0.8989796042442322, 0.9632652997970581, 0.8244897723197937, 0.9826530814170837, 1.0, 0.9928571581840515, 0.9530612230300903, 0.9867346882820129], [1.0, 0.9947136640548706, 0.8828193545341492, 0.9541850090026855, 0.9797356724739075, 0.9955947399139404, 0.9955947399139404, 0.9797356724739075, 0.9691630005836487, 0.9938325881958008], [0.7790697813034058, 0.8846899271011353, 0.9622092843055725, 1.0, 0.9951550364494324, 0.9253876209259033, 0.8536821603775024, 0.856589138507843, 0.8914728760719299, 0.7751938104629517], [0.8297029733657837, 0.8524752259254456, 0.9366336464881897, 0.9178217649459839, 0.8663366436958313, 0.801980197429657, 0.9792079329490662, 0.999009907245636, 0.9940593838691711, 0.9564356207847595], [0.9663951396942139, 0.9531568288803101, 0.885947048664093, 0.8391038775444031, 0.7820773720741272, 0.9236252307891846, 0.9745417237281799, 0.9979633688926697, 1.0, 0.9938900470733643], [0.9428251385688782, 0.9204035997390747, 0.8912556171417236, 0.9405829310417175, 0.9035874605178833, 0.9977578520774841, 0.9798206090927124, 0.8632286787033081, 0.9013453125953674, 0.945067286491394], [0.9655532240867615, 0.9947807788848877, 0.9540709853172302, 0.9018788933753967, 0.8569937348365784, 0.7453027367591858, 0.8298538327217102, 0.8402922749519348, 0.7661795616149902, 0.9081419706344604], [0.9678988456726074, 0.9464980363845825, 0.8774319291114807, 0.8083657622337341, 0.7373540997505188, 0.9231517314910889, 0.938715934753418, 0.8959143757820129, 0.9863813519477844, 0.9990272521972656], [0.8603696227073669, 0.9691991806030273, 1.0, 0.9568788409233093, 0.7114989757537842, 0.7412731051445007, 0.8932238221168518, 0.8880903720855713, 0.8552361130714417, 0.9055441617965698], [0.9276511669158936, 0.8731417059898376, 0.7898910045623779, 0.9861248731613159, 0.9970267415046692, 0.9653121829032898, 0.8810703754425049, 0.8493558168411255, 0.7363726496696472, 0.8909811973571777]]",8.065962195396423,dfr,resnet18_mnist,True,0.09287777543067932,0.99,3,completed,0.5111337304115295,0.7114989757537842,outputs_final/resnet18_mnist/dfr/N500/seed3
0.9994000196456909,0.8959333300590515,500,0.6158000230789185,cuda,"[[1.0, 0.9897959232330322, 0.8642857074737549, 0.9020408391952515, 0.9693877696990967, 0.9306122660636902, 0.9653061032295227, 0.9163265228271484, 0.9326530694961548, 0.9857142567634583], [0.933039665222168, 0.9083700180053711, 0.9480175971984863, 0.9982379078865051, 1.0, 0.9991189241409302, 0.950660765171051, 0.9629955887794495, 0.9303964972496033, 0.8863435983657837], [0.9767441749572754, 0.768410861492157, 0.9544573426246643, 0.9699612259864807, 0.944767415523529, 0.963178277015686, 0.8604651093482971, 0.9418604373931885, 0.8982558250427246, 1.0], [0.9247524738311768, 0.8762376308441162, 0.9534653425216675, 0.8267326951026917, 0.8475247621536255, 0.9396039843559265, 1.0, 0.998019814491272, 0.9128713011741638, 0.711881160736084], [0.9266802668571472, 0.9063136577606201, 0.9215885996818542, 0.9450101852416992, 0.9083502888679504, 0.7189409136772156, 0.9928717017173767, 0.9969450235366821, 0.9643584489822388, 0.8808553814888], [0.8576233386993408, 0.6917040348052979, 0.976457417011261, 0.9988788962364197, 0.9977578520774841, 0.9091928005218506, 0.8699551820755005, 0.9204035997390747, 0.9125560522079468, 0.8116592168807983], [0.867432177066803, 0.9331941604614258, 0.9989561438560486, 0.9843423962593079, 0.9676409363746643, 0.9780793190002441, 0.980167031288147, 0.9697285890579224, 0.9665970802307129, 0.8789144158363342], [0.9231517314910889, 0.9406614899635315, 0.9795719981193542, 0.9494163393974304, 0.8949416279792786, 0.7665369510650635, 0.8356031179428101, 0.9542801380157471, 1.0, 0.9192606806755066], [0.9671458005905151, 0.9989733099937439, 0.9804928302764893, 0.7002053260803223, 0.8182751536369324, 0.5975359082221985, 0.7422997951507568, 0.8644763827323914, 0.8562628626823425, 0.675564706325531], [0.8741328120231628, 0.8265609741210938, 0.9187313914299011, 0.8662041425704956, 0.9643211364746094, 1.0, 0.9187313914299011, 0.35381564497947693, 0.7056491374969482, 0.8899900913238525]]",8.099341973662376,dfr,resnet18_mnist,False,0.10362222045660019,0.99,4,completed,0.503636509180069,0.35381564497947693,outputs_final/resnet18_mnist/dfr/N500/seed4
0.9980000257492065,0.9804888963699341,5000,0.9442999958992004,cuda,"[[0.9867346882820129, 0.9857142567634583, 0.9846938848495483, 0.9959183931350708, 0.9979591965675354, 0.9959183931350708, 0.9775510430335999, 0.9857142567634583, 0.9877551198005676, 0.9857142567634583], [0.9991189241409302, 1.0, 0.9982379078865051, 0.9947136640548706, 0.9911894202232361, 0.9903083443641663, 0.9788545966148376, 0.9903083443641663, 0.9920704960823059, 0.992951512336731], [0.979651153087616, 0.9922480583190918, 0.9970930218696594, 0.9922480583190918, 0.9912790656089783, 0.9874030947685242, 0.9941860437393188, 0.998062014579773, 0.9689922332763672, 0.9641472697257996], [0.9722772240638733, 0.9801980257034302, 0.9811881184577942, 0.996039628982544, 0.999009907245636, 1.0, 0.998019814491272, 0.9831683039665222, 0.9613861441612244, 0.9574257135391235], [0.9806517362594604, 0.9735234379768372, 0.9826883673667908, 0.9989816546440125, 0.9979633688926697, 0.9898167252540588, 0.9694501161575317, 0.9684317708015442, 0.981670081615448, 0.9857434034347534], [0.9899103045463562, 0.9742152690887451, 0.9686098694801331, 0.9775784611701965, 0.9775784611701965, 0.9585201740264893, 0.9697309136390686, 0.9921524524688721, 0.9966367483139038, 0.9966367483139038], [0.9958246350288391, 0.9937369227409363, 0.9926931262016296, 0.9874739050865173, 0.9832985401153564, 0.9780793190002441, 0.9759916663169861, 0.9885177612304688, 0.9885177612304688, 0.9926931262016296], [0.994163453578949, 0.9824903011322021, 0.975680947303772, 0.9834630489349365, 0.9873540997505188, 0.9785992503166199, 0.9523346424102783, 0.994163453578949, 0.9980545043945312, 0.9990272521972656], [0.9404517412185669, 0.9671458005905151, 0.9712525606155396, 0.9650924205780029, 0.9650924205780029, 0.9907597303390503, 0.9989733099937439, 0.9856262803077698, 0.9383983612060547, 0.9178645014762878], [0.9762140512466431, 0.9910802841186523, 0.9950445890426636, 0.9791873097419739, 0.9554013609886169, 0.9702675938606262, 0.9484637975692749, 0.9821605682373047, 0.9554013609886169, 0.9534192085266113]]",8.808045461773872,dfr,resnet18_mnist,True,0.018044443801045418,0.9,0,completed,6.191009685397148,0.9178645014762878,outputs_final/resnet18_mnist/dfr/N5000/seed0
0.9958999752998352,0.9755777716636658,5000,0.9311000108718872,cuda,"[[0.9959183931350708, 0.9948979616165161, 0.9959183931350708, 0.9857142567634583, 0.9938775300979614, 0.9979591965675354, 0.9989795684814453, 0.9918367266654968, 0.9612244963645935, 0.9836734533309937], [0.9938325881958008, 0.9920704960823059, 0.9867841601371765, 0.983259916305542, 0.9894273281097412, 0.9955947399139404, 1.0, 0.9920704960823059, 0.9920704960823059, 0.9903083443641663], [0.998062014579773, 0.998062014579773, 0.9903100728988647, 0.9670542478561401, 0.9699612259864807, 0.9738371968269348, 0.961240291595459, 0.9709302186965942, 0.9864341020584106, 0.9922480583190918], [0.9881188273429871, 0.9950494766235352, 0.999009907245636, 0.9950494766235352, 0.9762375950813293, 0.9782178401947021, 0.987128734588623, 0.9801980257034302, 0.9643564224243164, 0.9831683039665222], [0.9959266781806946, 0.9979633688926697, 0.981670081615448, 0.951120138168335, 0.9246435761451721, 0.9429734945297241, 0.9613034725189209, 0.9694501161575317, 0.9725050926208496, 0.9898167252540588], [0.9742152690887451, 0.9596412777900696, 0.9551569223403931, 0.9854260087013245, 0.9820627570152283, 0.9809417128562927, 0.9719731211662292, 0.9899103045463562, 0.9977578520774841, 0.9977578520774841], [0.9864300489425659, 0.9791231751441956, 0.9791231751441956, 0.9770354628562927, 0.9780793190002441, 0.9791231751441956, 0.9645093679428101, 0.9592902064323425, 0.9572024941444397, 0.9832985401153564], [0.9698443412780762, 0.9708171486854553, 0.9931906461715698, 0.9961089491844177, 0.9902724027633667, 0.9824903011322021, 0.9747081995010376, 0.9640077948570251, 0.9795719981193542, 0.9834630489349365], [0.9363449811935425, 0.9260780215263367, 0.8963038921356201, 0.9342916011810303, 0.9507187008857727, 0.9702258706092834, 0.9866529703140259, 0.9928131699562073, 0.9599589109420776, 0.9496920108795166], [0.9385530352592468, 0.9633300304412842, 0.9791873097419739, 0.9900891780853271, 0.9970267415046692, 0.9960356950759888, 0.9861248731613159, 0.973240852355957, 0.9563924670219421, 0.9514370560646057]]",8.38919422030449,dfr,resnet18_mnist,True,0.02204444445669651,0.9,1,completed,6.292844712734222,0.8963038921356201,outputs_final/resnet18_mnist/dfr/N5000/seed1
0.9983999729156494,0.981166660785675,5000,0.9459999799728394,cuda,"[[0.9877551198005676, 0.9867346882820129, 0.9897959232330322, 0.9938775300979614, 0.9948979616165161, 0.9948979616165161, 0.9948979616165161, 0.9989795684814453, 0.9989795684814453, 0.9959183931350708], [0.9911894202232361, 0.9920704960823059, 0.9841409921646118, 0.9938325881958008, 0.9903083443641663, 0.9894273281097412, 0.9973568320274353, 1.0, 0.9991189241409302, 0.9964757561683655], [0.998062014579773, 1.0, 0.9903100728988647, 0.9699612259864807, 0.9505813717842102, 0.9660852551460266, 0.9835271239280701, 0.9748061895370483, 0.9670542478561401, 0.9854651093482971], [0.9732673168182373, 0.9732673168182373, 0.9504950642585754, 0.9584158658981323, 0.9940593838691711, 0.999009907245636, 0.999009907245636, 0.9910891056060791, 0.9742574095726013, 0.9613861441612244], [0.9867616891860962, 0.9847250580787659, 0.9521384835243225, 0.9501018524169922, 0.9826883673667908, 0.9959266781806946, 1.0, 0.9989816546440125, 0.9887983798980713, 0.9867616891860962], [0.9943946003913879, 0.9932735562324524, 0.9831838607788086, 0.9820627570152283, 0.9831838607788086, 0.9540358781814575, 0.9674887657165527, 0.9843049049377441, 0.9921524524688721, 0.9977578520774841], [0.9947807788848877, 0.9885177612304688, 0.9697285890579224, 0.9749478101730347, 0.9739039540290833, 0.980167031288147, 0.9770354628562927, 0.9655532240867615, 0.9582463502883911, 0.9780793190002441], [0.9785992503166199, 0.9727626442909241, 0.9737353920936584, 0.9931906461715698, 0.9990272521972656, 0.9931906461715698, 0.9863813519477844, 0.9854085445404053, 0.9863813519477844, 0.9883268475532532], [0.978439450263977, 0.9907597303390503, 0.9969199299812317, 0.9856262803077698, 0.975359320640564, 0.9722792506217957, 0.9825462102890015, 0.9804928302764893, 0.9845995903015137, 0.9835729002952576], [0.9672943353652954, 0.9781962633132935, 0.993062436580658, 0.9970267415046692, 0.9890981316566467, 0.9613478779792786, 0.9464816451072693, 0.9722497463226318, 0.9722497463226318, 0.9613478779792786]]",9.440474033355713,dfr,resnet18_mnist,True,0.01734444499015808,0.9,2,completed,10.173449918627739,0.9464816451072693,outputs_final/resnet18_mnist/dfr/N5000/seed2
0.9976999759674072,0.9836333394050598,5000,0.9556000232696533,cuda,"[[0.9908163547515869, 0.9877551198005676, 0.9857142567634583, 0.9826530814170837, 0.9908163547515869, 0.9969387650489807, 0.9989795684814453, 0.9969387650489807, 0.9928571581840515, 0.9928571581840515], [0.9991189241409302, 0.9973568320274353, 0.9841409921646118, 0.9876651763916016, 0.9920704960823059, 0.9964757561683655, 0.9955947399139404, 0.983259916305542, 0.983259916305542, 0.9947136640548706], [0.9748061895370483, 0.9835271239280701, 0.9961240291595459, 0.9990310072898865, 0.9990310072898865, 0.9941860437393188, 0.9844961166381836, 0.9883720874786377, 0.9874030947685242, 0.981589138507843], [0.9910891056060791, 0.987128734588623, 0.986138641834259, 0.9772277474403381, 0.9712871313095093, 0.9702970385551453, 0.9940593838691711, 0.999009907245636, 0.998019814491272, 0.9920791983604431], [0.9837067127227783, 0.9755600690841675, 0.9745417237281799, 0.9480651617050171, 0.9429734945297241, 0.9745417237281799, 0.9918533563613892, 0.9989816546440125, 0.9979633688926697, 0.9938900470733643], [0.9876681566238403, 0.9798206090927124, 0.9775784611701965, 0.9910314083099365, 0.9966367483139038, 0.9966367483139038, 0.9932735562324524, 0.9798206090927124, 0.9775784611701965, 0.9865471124649048], [0.9916492700576782, 0.9947807788848877, 0.9947807788848877, 0.9906054139137268, 0.980167031288147, 0.9676409363746643, 0.9759916663169861, 0.9759916663169861, 0.9812108278274536, 0.9895615577697754], [0.9961089491844177, 0.9922178983688354, 0.9766536951065063, 0.9562256932258606, 0.9533073902130127, 0.9776264429092407, 0.9883268475532532, 0.9931906461715698, 0.9951362013816833, 0.9970816969871521], [0.987679660320282, 0.9958932399749756, 0.9989733099937439, 0.9948665499687195, 0.9845995903015137, 0.9712525606155396, 0.9763860106468201, 0.987679660320282, 0.9866529703140259, 0.9845995903015137], [0.9702675938606262, 0.9762140512466431, 0.9811694622039795, 0.9940535426139832, 0.9950445890426636, 0.9772051572799683, 0.9603567719459534, 0.9494549036026001, 0.9554013609886169, 0.9682854413986206]]",9.058785110712051,dfr,resnet18_mnist,True,0.014588888734579086,0.9,3,completed,6.8967719078063965,0.9429734945297241,outputs_final/resnet18_mnist/dfr/N5000/seed3
0.9980000257492065,0.9824777841567993,5000,0.947700023651123,cuda,"[[0.9989795684814453, 0.9969387650489807, 0.9908163547515869, 0.9846938848495483, 0.9918367266654968, 0.9969387650489807, 0.9959183931350708, 0.9867346882820129, 0.9938775300979614, 0.9938775300979614], [0.983259916305542, 0.9867841601371765, 0.9894273281097412, 0.9938325881958008, 0.9991189241409302, 0.9947136640548706, 0.992951512336731, 0.9955947399139404, 0.9938325881958008, 0.9823788404464722], [0.998062014579773, 0.9864341020584106, 0.9874030947685242, 0.9893410801887512, 0.9922480583190918, 0.9932170510292053, 0.9835271239280701, 0.9806201457977295, 0.9864341020584106, 1.0], [0.9821782112121582, 0.986138641834259, 0.9702970385551453, 0.9326732754707336, 0.9712871313095093, 0.9910891056060791, 0.999009907245636, 0.9950494766235352, 0.9851484894752502, 0.9801980257034302], [0.9847250580787659, 0.9887983798980713, 0.9887983798980713, 0.9867616891860962, 0.9694501161575317, 0.9460285305976868, 0.9959266781806946, 0.9989816546440125, 0.9969450235366821, 0.9786150455474854], [0.9854260087013245, 0.9876681566238403, 0.9977578520774841, 0.9988788962364197, 0.9966367483139038, 0.9843049049377441, 0.9820627570152283, 0.9843049049377441, 0.9820627570152283, 0.9820627570152283], [0.9665970802307129, 0.9885177612304688, 0.9947807788848877, 0.9906054139137268, 0.9874739050865173, 0.980167031288147, 0.9770354628562927, 0.9739039540290833, 0.9759916663169861, 0.9645093679428101], [0.9844357967376709, 0.9912451505661011, 0.9873540997505188, 0.9824903011322021, 0.9688715934753418, 0.9542801380157471, 0.9854085445404053, 0.9951362013816833, 0.9970816969871521, 0.9902724027633667], [0.9928131699562073, 0.9969199299812317, 0.9917864203453064, 0.9579055309295654, 0.9640657305717468, 0.9568788409233093, 0.9845995903015137, 0.9794661402702332, 0.9835729002952576, 0.9763860106468201], [0.969276487827301, 0.9633300304412842, 0.9672943353652954, 0.9762140512466431, 0.9940535426139832, 0.9960356950759888, 0.9871159791946411, 0.9444994926452637, 0.959365725517273, 0.969276487827301]]",8.230131268501282,dfr,resnet18_mnist,True,0.01585555635392666,0.9,4,completed,6.7139542400836945,0.9326732754707336,outputs_final/resnet18_mnist/dfr/N5000/seed4
1.0,0.03665555641055107,0,0.0,cuda,"[[0.0, 0.0, 0.0, 0.09693877398967743, 1.0, 0.9969387650489807, 0.0, 0.0, 0.0, 0.0], [0.07577092200517654, 1.0, 0.13744492828845978, 0.0, 0.0, 0.0, 0.0, 0.0, 0.0, 0.0], [0.0, 0.0, 0.0, 0.0, 0.0, 0.0, 0.011627906933426857, 1.0, 0.0, 0.0], [0.0, 0.0, 0.0, 0.0, 0.9851484894752502, 1.0, 0.0, 0.0, 0.0, 0.0], [0.0, 0.0, 0.0, 1.0, 0.6649694442749023, 0.0295315682888031, 0.0, 0.0, 0.0, 0.0], [0.08632286638021469, 0.0, 0.0, 0.0, 0.0, 0.0, 0.0, 0.0, 0.03923766687512398, 1.0], [1.0, 0.06784968823194504, 0.0, 0.0, 0.0, 0.0, 0.0, 0.0, 0.0, 0.0], [0.0, 0.0, 0.0, 0.0, 0.0, 0.0, 0.0, 0.0, 1.0, 0.0], [0.0, 0.0, 0.0, 0.0010266940807923675, 0.0, 0.0, 1.0, 0.0, 0.0, 0.0], [0.0, 0.1169474720954895, 1.0, 0.0, 0.0, 0.0, 0.0, 0.0, 0.0, 0.0]]",8.865139782428741,erm,resnet18_mnist,False,0.9633444547653198,1.0,0,completed,130.46053305268288,0.0,outputs_final/resnet18_mnist/erm/N0/seed0
0.9477999806404114,0.17251111567020416,0,0.0,cuda,"[[0.0, 0.0, 0.0, 0.025510204955935478, 0.3295918405056, 0.6612244844436646, 0.0, 0.0, 0.0, 0.0], [0.0, 0.0026431716978549957, 0.4422907531261444, 0.976211428642273, 0.9541850090026855, 0.9788545966148376, 1.0, 0.5991189479827881, 0.0, 0.0], [0.7529069781303406, 0.9864341020584106, 0.9098837375640869, 0.5813953280448914, 0.0, 0.0, 0.0, 0.0, 0.0, 0.0019379844889044762], [0.01683168299496174, 0.5990098714828491, 0.9039604067802429, 0.60297030210495, 0.0, 0.0, 0.0, 0.0019801980815827847, 0.0, 0.0], [0.9501018524169922, 0.4633401334285736, 0.0, 0.0, 0.0, 0.0, 0.0, 0.0, 0.0, 0.24134419858455658], [0.0964125543832779, 0.0, 0.0, 0.0, 0.0, 0.0, 0.0, 0.008968610316514969, 1.0, 0.340807169675827], [0.9645093679428101, 0.26096034049987793, 0.002087682718411088, 0.0, 0.0, 0.0, 0.0, 0.001043841359205544, 0.7515657544136047, 0.9989561438560486], [0.14299610257148743, 0.825875461101532, 0.9533073902130127, 0.9737353920936584, 0.2568093240261078, 0.005836575757712126, 0.22859922051429749, 0.0038910505827516317, 0.0, 0.0009727626456879079], [0.0, 0.0, 0.0, 0.0, 0.0, 0.0, 0.02156057581305504, 1.0, 0.0, 0.0], [0.0, 0.0, 0.0, 0.572844386100769, 0.9980178475379944, 0.9950445890426636, 0.06342913955450058, 0.0, 0.0, 0.0]]",9.185364007949829,erm,resnet18_mnist,False,0.8197333216667175,1.0,1,completed,123.16716572642326,0.0,outputs_final/resnet18_mnist/erm/N0/seed1
1.0,0.004699999932199717,0,0.0,cuda,"[[0.0, 0.0, 0.0, 0.0, 0.0, 0.0, 0.0, 0.0, 1.0, 0.0], [0.0, 0.0, 0.0, 0.0, 0.0, 0.0, 0.0, 1.0, 0.30220264196395874, 0.0], [0.0, 1.0, 0.0009689922444522381, 0.0, 0.0, 0.0, 0.0, 0.0, 0.0, 0.0], [0.0, 0.0, 0.0, 0.0, 0.0, 1.0, 0.0009900990407913923, 0.0, 0.0, 0.0], [0.0, 0.0, 0.0, 0.0, 0.0, 0.013238289393484592, 1.0, 0.0, 0.0, 0.0], [0.0011210762895643711, 0.0, 0.0, 0.0, 0.0, 0.0, 0.0, 0.0, 0.005605380982160568, 1.0], [1.0, 0.0, 0.0, 0.0, 0.0, 0.0, 0.0, 0.0, 0.0, 0.0], [0.0, 0.0, 0.0, 0.056420233100652695, 1.0, 0.0009727626456879079, 0.0, 0.0, 0.0, 0.0], [0.0, 0.0, 1.0, 0.0, 0.0, 0.0, 0.0, 0.0, 0.0, 0.0], [0.0, 0.0, 0.0, 1.0, 0.0, 0.0, 0.0, 0.0, 0.0, 0.0]]",8.661918729543686,erm,resnet18_mnist,False,0.9952999949455261,1.0,2,completed,140.60886915028095,0.0,outputs_final/resnet18_mnist/erm/N0/seed2
1.0,0.024622222408652306,0,0.0,cuda,"[[0.0, 0.0, 0.0, 0.0, 0.0, 0.0, 1.0, 0.0, 0.0, 0.0], [1.0, 0.6149779558181763, 0.0, 0.0, 0.0, 0.0, 0.0, 0.0, 0.0, 0.04229074716567993], [0.0, 0.0, 0.0, 1.0, 0.11531008034944534, 0.0, 0.0, 0.0, 0.0, 0.0], [0.0, 0.0, 0.0, 0.0, 0.0, 0.0, 0.2574257552623749, 1.0, 0.11683168262243271, 0.0], [0.0, 0.0, 0.0, 0.0, 0.0, 0.0, 0.0, 0.5977596640586853, 1.0, 0.15071283280849457], [0.0, 0.0, 0.0, 0.0022421525791287422, 0.0033632286358624697, 1.0, 0.0033632286358624697, 0.0, 0.0, 0.0], [0.015657620504498482, 1.0, 0.001043841359205544, 0.0, 0.0, 0.0, 0.0, 0.0, 0.0, 0.0], [0.1750972718000412, 0.010700388811528683, 0.0, 0.0, 0.0, 0.0, 0.0, 0.0, 0.01653696410357952, 1.0], [0.0, 0.0, 1.0, 0.0, 0.0, 0.0, 0.0, 0.0, 0.0, 0.0], [0.0, 0.0, 0.0, 0.004955401178449392, 1.0, 0.0009910803055390716, 0.0, 0.0, 0.0, 0.0]]",8.555348262190819,erm,resnet18_mnist,False,0.9753777980804443,1.0,3,completed,144.9017457664013,0.0,outputs_final/resnet18_mnist/erm/N0/seed3
1.0,0.0199444442987442,0,0.0,cuda,"[[1.0, 0.011224489659070969, 0.0, 0.0, 0.0, 0.0, 0.0, 0.0, 0.0, 0.0], [0.0, 0.0, 0.0, 0.23083700239658356, 1.0, 0.22555066645145416, 0.0, 0.0, 0.0, 0.0], [0.0009689922444522381, 0.0, 0.0, 0.0, 0.0, 0.0, 0.0, 0.0, 0.0, 1.0], [0.0, 0.0, 0.0, 0.0, 0.0, 0.0, 1.0, 0.42277228832244873, 0.0, 0.0], [0.0, 0.0, 0.0, 0.0, 0.0, 0.0, 0.48472505807876587, 1.0, 0.0, 0.0], [0.0, 0.0, 0.03699551522731781, 1.0, 0.020179372280836105, 0.0, 0.0, 0.0, 0.0, 0.0], [0.0, 0.014613778330385685, 1.0, 0.0, 0.0, 0.0, 0.0, 0.0, 0.0, 0.0], [0.0, 0.0, 0.0, 0.0, 0.0, 0.0, 0.0, 0.0, 1.0, 0.0], [0.010266940109431744, 1.0, 0.0143737168982625, 0.0, 0.0, 0.0, 0.0, 0.0, 0.0, 0.0], [0.0, 0.0, 0.0, 0.0, 0.2705649137496948, 1.0, 0.0, 0.0, 0.0, 0.0]]",8.907580509781837,erm,resnet18_mnist,False,0.980055570602417,1.0,4,completed,144.81641030311584,0.0,outputs_final/resnet18_mnist/erm/N0/seed4
0.9998000264167786,0.4846000075340271,100,0.031300000846385956,cuda,"[[0.40612244606018066, 0.9163265228271484, 0.4724489748477936, 0.9918367266654968, 1.0, 0.9989795684814453, 0.24285714328289032, 0.12448979914188385, 0.8051020503044128, 0.2540816366672516], [0.8035242557525635, 1.0, 0.992951512336731, 0.8370044231414795, 0.7964757680892944, 0.857268750667572, 0.8440528512001038, 0.9744493365287781, 0.6017621159553528, 0.18678414821624756], [0.6531007885932922, 0.48352712392807007, 0.5426356792449951, 0.7877907156944275, 0.39147287607192993, 0.28875967860221863, 0.5271317958831787, 0.998062014579773, 0.559108555316925, 0.27810078859329224], [0.07920791953802109, 0.4445544481277466, 0.08217822015285492, 0.8485148549079895, 0.9831683039665222, 1.0, 0.89207923412323, 0.6445544362068176, 0.4039604067802429, 0.0], [0.3411405384540558, 0.06415478885173798, 0.019348269328475, 1.0, 0.6486761569976807, 0.46741345524787903, 0.8543788194656372, 0.6659877896308899, 0.5061099529266357, 0.5896130204200745], [0.9226457476615906, 0.5997757911682129, 0.13228699564933777, 0.5100896954536438, 0.1098654717206955, 0.1468609869480133, 0.1670403629541397, 0.6098654866218567, 0.9147982001304626, 1.0], [1.0, 0.9895615577697754, 0.6837160587310791, 0.1179540678858757, 0.0073068891651928425, 0.05532358959317207, 0.14300626516342163, 0.5709812045097351, 0.7870563864707947, 0.8538622260093689], [0.5009727478027344, 0.6974708437919617, 0.32587549090385437, 0.3035019338130951, 0.15758754312992096, 0.21692606806755066, 0.7334630489349365, 0.9581711888313293, 1.0, 0.6391050815582275], [0.20944558084011078, 0.6160164475440979, 0.2186858355998993, 0.04004106670618057, 0.0010266940807923675, 0.03490759804844856, 1.0, 0.35831621289253235, 0.13244353234767914, 0.0], [0.6620416045188904, 0.9464816451072693, 1.0, 0.5877106189727783, 0.07036670297384262, 0.042616453021764755, 0.369672954082489, 0.7165510654449463, 0.10703667253255844, 0.05649157613515854]]",8.87604646384716,erm,resnet18_mnist,False,0.515333354473114,0.998,0,completed,140.24817995727062,0.0,outputs_final/resnet18_mnist/erm/N100/seed0
0.9997000098228455,0.23463332653045654,100,9.999999747378752e-05,cuda,"[[0.40918368101119995, 0.07755102217197418, 0.4316326677799225, 0.0, 0.30204081535339355, 1.0, 0.940816342830658, 0.0714285746216774, 0.01224489789456129, 0.5071428418159485], [0.05726872384548187, 0.2211453765630722, 0.0969163030385971, 0.0052863433957099915, 0.17533040046691895, 0.9876651763916016, 1.0, 0.41585904359817505, 0.05726872384548187, 0.1629955917596817], [0.9689922332763672, 0.9990310072898865, 0.22093023359775543, 0.0, 0.06104651093482971, 0.013565891422331333, 0.06879845261573792, 0.07073643058538437, 0.03585271164774895, 0.6443798542022705], [0.16435644030570984, 0.7247524857521057, 1.0, 0.5514851212501526, 0.022772276774048805, 0.3485148549079895, 0.6287128925323486, 0.1435643583536148, 0.007920792326331139, 0.15742574632167816], [1.0, 0.9898167252540588, 0.36761710047721863, 0.0, 0.0, 0.0773930773139, 0.29429733753204346, 0.0, 0.13747453689575195, 0.844195544719696], [0.035874441266059875, 0.01569506712257862, 0.0, 0.0044843051582574844, 0.016816142946481705, 0.0011210762895643711, 0.03811659291386604, 0.16591928899288177, 1.0, 0.9069506525993347], [0.7223381996154785, 0.0073068891651928425, 0.5062630772590637, 0.09394571930170059, 0.2306889295578003, 0.008350730873644352, 0.014613778330385685, 0.0, 0.05010438337922096, 0.9979122877120972], [0.41147860884666443, 0.533073902130127, 0.9260700345039368, 1.0, 0.1964980512857437, 0.006809338461607695, 0.07101166993379593, 0.21011672914028168, 0.01361867692321539, 0.7354085445404053], [0.025667350739240646, 0.00821355264633894, 0.0, 0.0010266940807923675, 0.0, 0.0, 0.23819302022457123, 1.0, 0.0, 0.3213552236557007], [0.0, 0.003964321222156286, 0.0, 0.0, 1.0, 0.9405351877212524, 0.298315167427063, 0.025768086314201355, 0.19028741121292114, 0.4876115024089813]]",8.876336231827736,erm,resnet18_mnist,False,0.7653444409370422,0.998,1,completed,137.79857335984707,0.0,outputs_final/resnet18_mnist/erm/N100/seed1
0.8934999704360962,0.4018111228942871,100,0.0017000000225380063,cuda,"[[0.0, 0.0, 0.0, 0.0, 0.20306122303009033, 0.023469388484954834, 0.10204081982374191, 0.981632649898529, 0.9908163547515869, 0.5520408153533936], [0.9110132455825806, 0.23700439929962158, 0.0, 0.1823788583278656, 0.25286343693733215, 0.2731277644634247, 0.6819383502006531, 1.0, 0.9920704960823059, 0.9524229168891907], [1.0, 0.9563953280448914, 0.10852713137865067, 0.01744186133146286, 0.33624032139778137, 0.5707364082336426, 0.913759708404541, 0.8023256063461304, 0.5813953280448914, 0.8701550364494324], [0.3316831588745117, 0.057425741106271744, 0.0, 0.0, 0.01683168299496174, 1.0, 0.9831683039665222, 0.8871287107467651, 0.14455445110797882, 0.32574257254600525], [0.7983706593513489, 0.22199591994285583, 0.0, 0.0, 0.08961303532123566, 0.8472505211830139, 0.9989816546440125, 0.9857434034347534, 0.6659877896308899, 0.5896130204200745], [0.012331838719546795, 0.0, 0.0, 0.0, 0.5414798259735107, 0.02802690491080284, 0.022421523928642273, 0.8598654866218567, 0.9910314083099365, 0.9820627570152283], [0.014613778330385685, 0.0, 0.0, 0.09081419557332993, 0.7651357054710388, 0.29018789529800415, 0.02400835044682026, 0.9488517642021179, 0.9645093679428101, 0.9968684911727905], [0.5797665119171143, 0.3180933892726898, 0.0, 0.10603112727403641, 0.9970816969871521, 0.7120622396469116, 0.5661478638648987, 0.6974708437919617, 0.661478579044342, 0.7188715934753418], [0.01642710529267788, 0.9866529703140259, 0.9517453908920288, 0.0, 0.12012320011854172, 0.02156057581305504, 0.25154003500938416, 0.5790554285049438, 0.23100616037845612, 0.13039013743400574], [0.21407334506511688, 0.26263627409935, 0.9890981316566467, 1.0, 0.6204162240028381, 0.5996035933494568, 0.06541129946708679, 0.35777997970581055, 0.5242814421653748, 0.45887017250061035]]",8.852013126015663,erm,resnet18_mnist,False,0.6346222162246704,0.998,2,completed,140.22434264421463,0.0,outputs_final/resnet18_mnist/erm/N100/seed2
0.9977999925613403,0.5331888794898987,100,0.10750000178813934,cuda,"[[0.23061224818229675, 0.5612244606018066, 0.3489795923233032, 0.16836734116077423, 0.04387754946947098, 0.9877551198005676, 0.9979591965675354, 0.6520408391952515, 0.5071428418159485, 0.12448979914188385], [0.9982379078865051, 0.9982379078865051, 0.5674008727073669, 0.8845815062522888, 0.8616740107536316, 0.7030836939811707, 0.707489013671875, 0.5330396294593811, 0.5903083682060242, 0.8378854393959045], [0.25, 0.6220930218696594, 0.7945736646652222, 0.9990310072898865, 0.944767415523529, 0.5329457521438599, 0.28197672963142395, 0.07073643058538437, 0.557170569896698, 0.12306201457977295], [0.6108911037445068, 0.6732673048973083, 0.26336634159088135, 0.5633663535118103, 0.45247524976730347, 0.14059406518936157, 0.9950494766235352, 0.999009907245636, 0.9762375950813293, 0.6594059467315674], [0.5152749419212341, 0.6191446185112, 0.5784114003181458, 0.6181262731552124, 0.39714866876602173, 0.753564178943634, 0.9786150455474854, 0.9979633688926697, 1.0, 0.7790223956108093], [0.40134528279304504, 0.7141255736351013, 0.4798206388950348, 0.5515695214271545, 0.8699551820755005, 0.9988788962364197, 0.4136771261692047, 0.012331838719546795, 0.08408071845769882, 0.2970851957798004], [0.8653444647789001, 0.9885177612304688, 0.9728600978851318, 0.9718163013458252, 0.9102296233177185, 0.6555323600769043, 0.1607515662908554, 0.056367430835962296, 0.11377870291471481, 0.8068893551826477], [0.9970816969871521, 0.9970816969871521, 0.957198441028595, 0.5068093538284302, 0.30447471141815186, 0.8638132214546204, 0.7568093538284302, 0.3317120671272278, 0.9581711888313293, 1.0], [0.10061601549386978, 0.6211498975753784, 0.9979466199874878, 0.8326488733291626, 0.17659138143062592, 0.01642710529267788, 0.12217659503221512, 0.0143737168982625, 0.4969199299812317, 0.17967145144939423], [0.025768086314201355, 0.2547076344490051, 0.3131813704967499, 0.993062436580658, 0.9980178475379944, 0.7215064167976379, 0.4796828627586365, 0.004955401178449392, 0.14172448217868805, 0.01684836484491825]]",8.97207297384739,erm,resnet18_mnist,False,0.4662444591522217,0.998,3,completed,143.97992804646492,0.004955401178449392,outputs_final/resnet18_mnist/erm/N100/seed3
0.9998999834060669,0.4797222316265106,100,0.07680000364780426,cuda,"[[1.0, 0.2122448980808258, 0.03979591652750969, 0.052040815353393555, 0.4295918345451355, 0.26836735010147095, 0.3285714387893677, 0.13061223924160004, 0.7122448682785034, 0.722449004650116], [0.9647576808929443, 0.6960352659225464, 0.6264317035675049, 0.9629955887794495, 1.0, 0.9682819247245789, 0.784140944480896, 0.8158590197563171, 0.9612334966659546, 0.9127753376960754], [0.8304263353347778, 0.1172480583190918, 0.3633720874786377, 0.20736433565616608, 0.46414729952812195, 0.5377907156944275, 0.021317830309271812, 0.07267441600561142, 0.7025193572044373, 1.0], [0.7920792102813721, 0.15544554591178894, 0.5049505233764648, 0.07029703259468079, 0.7386138439178467, 0.8623762130737305, 1.0, 0.9821782112121582, 0.4930693209171295, 0.3673267364501953], [0.8299388885498047, 0.5366598963737488, 0.3065173029899597, 0.6038696765899658, 0.5631364583969116, 0.22912423312664032, 0.9979633688926697, 1.0, 0.9725050926208496, 0.753564178943634], [0.32511210441589355, 0.0011210762895643711, 0.7354260087013245, 1.0, 0.9786995649337769, 0.041479822248220444, 0.014573991298675537, 0.12219730764627457, 0.2903587520122528, 0.3531390130519867], [0.48851773142814636, 0.5699373483657837, 1.0, 0.7515657544136047, 0.4864300489425659, 0.6524008512496948, 0.44467639923095703, 0.0, 0.8329854011535645, 0.5417536497116089], [0.7266536951065063, 0.5826848149299622, 0.7266536951065063, 0.32003891468048096, 0.40758755803108215, 0.2441634237766266, 0.5155642032623291, 0.7811284065246582, 0.9990272521972656, 0.4834630489349365], [0.9055441617965698, 1.0, 0.7823408842086792, 0.0010266940807923675, 0.10061601549386978, 0.024640657007694244, 0.05954825505614281, 0.14373716711997986, 0.23203285038471222, 0.01642710529267788], [0.8503468632698059, 0.035678889602422714, 0.2804757058620453, 0.37859266996383667, 0.9514370560646057, 1.0, 0.198216050863266, 0.0, 0.0009910803055390716, 0.5034687519073486]]",7.806690499186516,erm,resnet18_mnist,False,0.5202555656433105,0.998,4,completed,128.73957926034927,0.0,outputs_final/resnet18_mnist/erm/N100/seed4
0.9988999962806702,0.9227666854858398,1000,0.7328000068664551,cuda,"[[0.8479591608047485, 0.9479591846466064, 0.9734693765640259, 0.9979591965675354, 0.9989795684814453, 0.9979591965675354, 0.9357143044471741, 0.9642857313156128, 0.9622448682785034, 0.8489795923233032], [0.9920704960823059, 1.0, 0.9964757561683655, 0.9841409921646118, 0.9885462522506714, 0.983259916305542, 0.9013215899467468, 0.9471365809440613, 0.9136564135551453, 0.9348017573356628], [0.8914728760719299, 0.9021317958831787, 0.9767441749572754, 0.9583333134651184, 0.9399224519729614, 0.8720930218696594, 0.9379844665527344, 1.0, 0.9864341020584106, 0.942829430103302], [0.8475247621536255, 0.9198019504547119, 0.9376237392425537, 0.9910891056060791, 0.999009907245636, 1.0, 0.9900990128517151, 0.8069307208061218, 0.8425742387771606, 0.7772276997566223], [0.8391038775444031, 0.8584521412849426, 0.9317718744277954, 0.9979633688926697, 0.9959266781806946, 0.9867616891860962, 0.8635438084602356, 0.8808553814888, 0.9164969325065613, 0.800407350063324], [0.9966367483139038, 0.9865471124649048, 0.9708520174026489, 0.9865471124649048, 0.9439461827278137, 0.8408071994781494, 0.8071748614311218, 0.9551569223403931, 0.9988788962364197, 0.9988788962364197], [0.9979122877120972, 0.9937369227409363, 0.9519832730293274, 0.9258872866630554, 0.931106448173523, 0.9373695254325867, 0.7964509129524231, 0.9123173356056213, 0.9331941604614258, 0.9718163013458252], [0.9776264429092407, 0.9309338331222534, 0.8394941687583923, 0.9377431869506836, 0.9357976913452148, 0.9027237296104431, 0.8978599309921265, 0.924124538898468, 0.9961089491844177, 0.9961089491844177], [0.8798767924308777, 0.9199178814888, 0.8757700324058533, 0.9322382211685181, 0.8008213639259338, 0.9178645014762878, 1.0, 0.9712525606155396, 0.8624230027198792, 0.7669404745101929], [0.9435084462165833, 0.9871159791946411, 0.9990088939666748, 0.8989098072052002, 0.8186323046684265, 0.9098116755485535, 0.8989098072052002, 0.966303288936615, 0.8929633498191833, 0.8761149644851685]]",8.721903800964355,erm,resnet18_mnist,True,0.07658889144659042,0.98,0,completed,138.09422412514687,0.7669404745101929,outputs_final/resnet18_mnist/erm/N1000/seed0
0.996999979019165,0.9039333462715149,1000,0.6873000264167786,cuda,"[[0.8948979377746582, 0.9244897961616516, 0.9602040648460388, 0.9561224579811096, 0.9704081416130066, 0.9846938848495483, 0.981632649898529, 0.9795918464660645, 0.936734676361084, 0.7908163070678711], [0.9797356724739075, 0.9726872444152832, 0.9594713449478149, 0.9533039927482605, 0.9709250926971436, 0.9964757561683655, 1.0, 0.9814978241920471, 0.9524229168891907, 0.9541850090026855], [0.9941860437393188, 1.0, 0.9563953280448914, 0.6986433863639832, 0.838178277015686, 0.895348846912384, 0.8575581312179565, 0.809108555316925, 0.8313953280448914, 0.9253876209259033], [0.9514851570129395, 0.9752475023269653, 1.0, 0.9821782112121582, 0.9118812084197998, 0.908910870552063, 0.9356435537338257, 0.9207921028137207, 0.8544554710388184, 0.9425742626190186], [0.994908332824707, 0.994908332824707, 0.9887983798980713, 0.9460285305976868, 0.8971486687660217, 0.9307535886764526, 0.8553971648216248, 0.9389002323150635, 0.9338085651397705, 0.958248496055603], [0.8609865307807922, 0.8979820609092712, 0.7914798259735107, 0.9058296084403992, 0.9372197389602661, 0.9405829310417175, 0.9461883306503296, 0.9742152690887451, 0.9988788962364197, 0.9495515823364258], [0.9947807788848877, 0.9812108278274536, 0.9937369227409363, 0.9968684911727905, 0.9958246350288391, 0.9937369227409363, 0.9874739050865173, 0.980167031288147, 0.9874739050865173, 1.0], [0.8093385100364685, 0.801556408405304, 0.9747081995010376, 0.9980545043945312, 0.9902724027633667, 0.9523346424102783, 0.8920233249664307, 0.9182879328727722, 0.9678988456726074, 0.9601167440414429], [0.8285421133041382, 0.907597541809082, 0.8870636820793152, 0.9445585012435913, 0.7063655257225037, 0.7607802748680115, 0.9178645014762878, 0.9958932399749756, 0.9702258706092834, 0.9106776118278503], [0.07928641885519028, 0.35777997970581055, 0.8632309436798096, 0.9127849340438843, 0.9970267415046692, 0.9910802841186523, 0.8632309436798096, 0.79682856798172, 0.8731417059898376, 0.6362735629081726]]",8.71926625072956,erm,resnet18_mnist,True,0.0940999984741211,0.98,1,completed,132.66960668563843,0.07928641885519028,outputs_final/resnet18_mnist/erm/N1000/seed1
0.9948999881744385,0.8808555603027344,1000,0.5873000025749207,cuda,"[[0.9877551198005676, 0.9755101799964905, 0.8428571224212646, 0.361224502325058, 0.9071428775787354, 0.9734693765640259, 0.9775510430335999, 1.0, 1.0, 1.0], [0.9991189241409302, 0.9894273281097412, 0.8748898506164551, 0.9118942618370056, 0.9823788404464722, 0.992951512336731, 1.0, 1.0, 0.9947136640548706, 0.9964757561683655], [0.9951550364494324, 1.0, 0.8875969052314758, 0.5222868323326111, 0.6676356792449951, 0.7412790656089783, 0.8498061895370483, 0.6124030947685242, 0.34689921140670776, 0.7645348906517029], [0.9574257135391235, 0.9564356207847595, 0.7594059109687805, 0.7019801735877991, 0.9663366079330444, 1.0, 0.9930692911148071, 0.8366336822509766, 0.6366336345672607, 0.8514851331710815], [0.9969450235366821, 0.9837067127227783, 0.837067186832428, 0.7454175353050232, 0.9368635416030884, 0.9959266781806946, 1.0, 0.994908332824707, 0.9521384835243225, 0.9704684615135193], [0.9966367483139038, 0.976457417011261, 0.7645739912986755, 0.28475335240364075, 0.8295964002609253, 0.8800448179244995, 0.9125560522079468, 0.7544842958450317, 0.6423766613006592, 0.9596412777900696], [0.9843423962593079, 0.9551148414611816, 0.8893527984619141, 0.9133611917495728, 0.9634655714035034, 0.924843430519104, 0.8778705596923828, 0.8549060821533203, 0.6482254862785339, 0.8538622260093689], [0.966926097869873, 0.9396887421607971, 0.8725680708885193, 0.9153696298599243, 1.0, 0.9883268475532532, 0.9406614899635315, 0.929961085319519, 0.8696498274803162, 0.9367704391479492], [0.9425051212310791, 0.9794661402702332, 1.0, 0.8850102424621582, 0.8932238221168518, 0.9527720808982849, 0.9322382211685181, 0.8891170620918274, 0.8131417036056519, 0.8942505121231079], [0.9563924670219421, 0.9762140512466431, 0.9871159791946411, 1.0, 0.9554013609886169, 0.871159553527832, 0.8483647108078003, 0.9375619292259216, 0.9514370560646057, 0.9464816451072693]]",8.984580725431442,erm,resnet18_mnist,False,0.11837777495384216,0.98,2,completed,147.98344473540783,0.28475335240364075,outputs_final/resnet18_mnist/erm/N1000/seed2
0.9991999864578247,0.9399999976158142,1000,0.7804999947547913,cuda,"[[0.9826530814170837, 0.9265305995941162, 0.905102014541626, 0.8918367624282837, 0.9673469662666321, 0.9948979616165161, 1.0, 0.9948979616165161, 0.9571428298950195, 0.9785714149475098], [0.9991189241409302, 0.9938325881958008, 0.9198237657546997, 0.9524229168891907, 0.9823788404464722, 0.9920704960823059, 0.9911894202232361, 0.9823788404464722, 0.9577092528343201, 0.992951512336731], [0.9244186282157898, 0.9602712988853455, 0.9854651093482971, 1.0, 1.0, 0.9922480583190918, 0.9476743936538696, 0.9069767594337463, 0.963178277015686, 0.9176356792449951], [0.8980197906494141, 0.9386138319969177, 0.8861386179924011, 0.8772277235984802, 0.9158415794372559, 0.9108911156654358, 0.996039628982544, 1.0, 0.998019814491272, 0.9445544481277466], [0.932790219783783, 0.9297352433204651, 0.9317718744277954, 0.9317718744277954, 0.8869653940200806, 0.9562118053436279, 0.9918533563613892, 1.0, 1.0, 0.9887983798980713], [0.9697309136390686, 0.9495515823364258, 0.7320627570152283, 0.8744394779205322, 0.9876681566238403, 1.0, 0.9843049049377441, 0.8721973299980164, 0.9125560522079468, 0.9607623219490051], [0.9895615577697754, 0.9979122877120972, 0.9874739050865173, 0.9676409363746643, 0.9613778591156006, 0.8382046222686768, 0.8903966546058655, 0.9008350968360901, 0.8789144158363342, 0.9749478101730347], [0.9883268475532532, 0.9834630489349365, 0.9494163393974304, 0.8638132214546204, 0.8482490181922913, 0.948443591594696, 0.966926097869873, 0.9445525407791138, 0.9912451505661011, 0.9990272521972656], [0.9004106521606445, 0.9804928302764893, 1.0, 0.9917864203453064, 0.9312114715576172, 0.8983572721481323, 0.8963038921356201, 0.8901437520980835, 0.9353182911872864, 0.9168378114700317], [0.9613478779792786, 0.9544103145599365, 0.806739330291748, 0.9712586998939514, 0.9960356950759888, 0.9781962633132935, 0.9405351877212524, 0.8751238584518433, 0.8007928729057312, 0.908820629119873]]",9.42053297162056,erm,resnet18_mnist,True,0.05972222238779068,0.98,3,completed,157.84032444655895,0.7320627570152283,outputs_final/resnet18_mnist/erm/N1000/seed3
0.9990000128746033,0.8790444731712341,1000,0.5309000015258789,cuda,"[[1.0, 0.8999999761581421, 0.9142857193946838, 0.8938775658607483, 0.9377551078796387, 0.9142857193946838, 0.981632649898529, 0.9632652997970581, 0.9918367266654968, 0.9989795684814453], [0.9471365809440613, 0.6669603586196899, 0.8634361028671265, 0.9982379078865051, 1.0, 0.9964757561683655, 0.7691630125045776, 0.45462554693222046, 0.9400880932807922, 0.9383260011672974], [0.9670542478561401, 0.3265503942966461, 0.7102712988853455, 0.9244186282157898, 0.9370155334472656, 0.9244186282157898, 0.8575581312179565, 0.7965116500854492, 0.9641472697257996, 1.0], [0.9198019504547119, 0.8118811845779419, 0.9396039843559265, 0.8881188035011292, 0.9029703140258789, 0.9702970385551453, 0.999009907245636, 0.9900990128517151, 0.8623762130737305, 0.6019802093505859], [0.8360489010810852, 0.9256619215011597, 0.9714867472648621, 0.9470468163490295, 0.8655804395675659, 0.8024439811706543, 0.9989816546440125, 1.0, 0.9928717017173767, 0.7586557865142822], [0.894618809223175, 0.6334080696105957, 0.9327354431152344, 0.9943946003913879, 0.9887892603874207, 0.915919303894043, 0.9114349484443665, 0.9125560522079468, 0.9529147744178772, 0.9136771559715271], [0.9342380166053772, 0.9123173356056213, 0.9968684911727905, 0.9958246350288391, 0.9864300489425659, 0.9885177612304688, 0.9739039540290833, 0.9331941604614258, 0.9728600978851318, 0.9467641115188599], [0.7159532904624939, 0.8618677258491516, 0.9542801380157471, 0.9319066405296326, 0.8793774247169495, 0.7733463048934937, 0.9406614899635315, 0.9406614899635315, 0.9990272521972656, 0.6108949184417725], [0.9845995903015137, 1.0, 0.9969199299812317, 0.8767967224121094, 0.755646824836731, 0.7084189057350159, 0.9229979515075684, 0.8819301724433899, 0.9117043018341064, 0.7700205445289612], [0.9335976243019104, 0.7859266400337219, 0.9385530352592468, 0.9831516146659851, 0.9970267415046692, 1.0, 0.9266600608825684, 0.25569871068000793, 0.8919722437858582, 0.9504460096359253]]",8.133808091282845,erm,resnet18_mnist,False,0.12052222341299057,0.98,4,completed,131.31611271202564,0.25569871068000793,outputs_final/resnet18_mnist/erm/N1000/seed4
0.9991999864578247,0.6267444491386414,250,0.09690000116825104,cuda,"[[0.7112244963645935, 0.655102014541626, 0.2479591816663742, 0.9969387650489807, 0.9969387650489807, 0.9959183931350708, 0.9102040529251099, 0.16020408272743225, 0.8326530456542969, 0.7234693765640259], [0.9894273281097412, 1.0, 0.9964757561683655, 0.9127753376960754, 0.5409691333770752, 0.607929527759552, 0.6889867782592773, 0.9718061685562134, 0.866960346698761, 0.9400880932807922], [0.7141472697257996, 0.6259689927101135, 0.645348846912384, 0.6124030947685242, 0.1666666716337204, 0.06201550364494324, 0.4777131676673889, 1.0, 0.9399224519729614, 0.8343023061752319], [0.8168317079544067, 0.8089109063148499, 0.8089109063148499, 0.9900990128517151, 1.0, 1.0, 0.9633663296699524, 0.07821781933307648, 0.4574257433414459, 0.5415841341018677], [0.7698574066162109, 0.5244399309158325, 0.6720977425575256, 1.0, 0.7179226279258728, 0.1252545863389969, 0.5641548037528992, 0.34012219309806824, 0.48472505807876587, 0.7861506938934326], [0.9383407831192017, 0.6221973299980164, 0.45852017402648926, 0.7230941653251648, 0.25896862149238586, 0.17937219142913818, 0.5627802610397339, 0.30829596519470215, 0.9719731211662292, 0.9988788962364197], [0.9989561438560486, 0.9926931262016296, 0.8716075420379639, 0.7275574207305908, 0.6576200127601624, 0.6586638689041138, 0.6586638689041138, 0.09707724303007126, 0.81210857629776, 0.9457202553749084], [0.9270427823066711, 0.5214007496833801, 0.2694552540779114, 0.6955252885818481, 0.21303501725196838, 0.09241244941949844, 0.5972762703895569, 0.7383268475532532, 0.9980545043945312, 0.9912451505661011], [0.7607802748680115, 0.7227926254272461, 0.5728952884674072, 0.966119110584259, 0.6919918060302734, 0.7525667548179626, 1.0, 0.07392197102308273, 0.25051334500312805, 0.5759753584861755], [0.9197224974632263, 0.9980178475379944, 0.9990088939666748, 0.8999009132385254, 0.22398413717746735, 0.03666996955871582, 0.027750248089432716, 0.3369672894477844, 0.07333993911743164, 0.501486599445343]]",7.758189216256142,erm,resnet18_mnist,False,0.3730444312095642,0.995,0,completed,131.97691136598587,0.027750248089432716,outputs_final/resnet18_mnist/erm/N250/seed0
0.9993000030517578,0.6963444352149963,250,0.15109999477863312,cuda,"[[0.8479591608047485, 0.7551020383834839, 0.905102014541626, 0.9214285612106323, 1.0, 1.0, 1.0, 0.40510204434394836, 0.8020408153533936, 0.7653061151504517], [0.9779735803604126, 0.9850220084190369, 0.976211428642273, 0.9594713449478149, 0.9550660848617554, 0.7797356843948364, 1.0, 0.9198237657546997, 0.9797356724739075, 0.9823788404464722], [0.9874030947685242, 1.0, 0.44573643803596497, 0.4437984526157379, 0.4631783068180084, 0.00872093066573143, 0.5416666865348816, 0.6124030947685242, 0.8633720874786377, 0.932170569896698], [0.8544554710388184, 0.9346534609794617, 1.0, 0.9702970385551453, 0.2138613909482956, 0.12772276997566223, 0.6702970266342163, 0.6297029852867126, 0.591089129447937, 0.9128713011741638], [1.0, 0.981670081615448, 0.6639510989189148, 0.5631364583969116, 0.32179227471351624, 0.3248472511768341, 0.8818737268447876, 0.7067209482192993, 0.9175152778625488, 0.9806517362594604], [0.7511211037635803, 0.7713004350662231, 0.3329596519470215, 0.8531390428543091, 0.39461883902549744, 0.23206278681755066, 0.8374439477920532, 0.8363228440284729, 1.0, 0.9540358781814575], [0.8037578463554382, 0.6701461672782898, 0.8726513385772705, 0.9144049882888794, 0.46450939774513245, 0.02505219168961048, 0.6252609491348267, 0.43110647797584534, 0.7839248180389404, 0.9989561438560486], [0.8297665119171143, 0.8501945734024048, 0.9854085445404053, 0.9980545043945312, 0.057392995804548264, 0.0009727626456879079, 0.7110894918441772, 0.7947470545768738, 0.938715934753418, 0.9678988456726074], [0.8388090133666992, 0.4866529703140259, 0.31314167380332947, 0.6673511266708374, 0.30390143394470215, 0.058521561324596405, 0.8542094230651855, 1.0, 0.8757700324058533, 0.8480492830276489], [0.3131813704967499, 0.7621407508850098, 0.40634292364120483, 0.5639246702194214, 0.9960356950759888, 0.9742318987846375, 0.8880079388618469, 0.39345887303352356, 0.7720515131950378, 0.8721506595611572]]",8.574912711977959,erm,resnet18_mnist,False,0.3034110963344574,0.995,1,completed,133.8008907288313,0.0009727626456879079,outputs_final/resnet18_mnist/erm/N250/seed1
0.9998999834060669,0.666866660118103,250,0.1216999962925911,cuda,"[[0.5826530456542969, 0.47448980808258057, 0.704081654548645, 0.12244898080825806, 0.7081632614135742, 0.8153061270713806, 0.9112244844436646, 0.9979591965675354, 1.0, 0.9897959232330322], [0.7797356843948364, 0.592070460319519, 0.8722466826438904, 0.8193832635879517, 0.9656387567520142, 0.8863435983657837, 0.9603524208068848, 1.0, 1.0, 0.9938325881958008], [0.9903100728988647, 1.0, 0.4437984526157379, 0.07364340871572495, 0.1550387591123581, 0.3798449635505676, 0.7965116500854492, 0.6937984228134155, 0.6695736646652222, 0.8837209343910217], [0.7653465270996094, 0.7227723002433777, 0.49405941367149353, 0.18910890817642212, 0.44059404730796814, 1.0, 0.9693069458007812, 0.7534653544425964, 0.8138613700866699, 0.6495049595832825], [0.6547861695289612, 0.5610997676849365, 0.20264765620231628, 0.01731160841882229, 0.7912423610687256, 0.9887983798980713, 1.0, 0.9938900470733643, 0.9419552087783813, 0.9246435761451721], [0.9540358781814575, 0.8811659216880798, 0.6165919303894043, 0.1928251087665558, 0.8307175040245056, 0.5795964002609253, 0.7141255736351013, 0.9529147744178772, 0.9854260087013245, 1.0], [1.0, 0.9812108278274536, 0.3643006384372711, 0.6784968972206116, 0.9843423962593079, 0.8903966546058655, 0.5041753649711609, 0.8371607661247253, 0.7766179442405701, 0.9060542583465576], [0.7373540997505188, 0.36089494824409485, 0.37937742471694946, 0.1721789836883545, 0.9990272521972656, 0.75, 0.03404669091105461, 0.330739289522171, 0.716926097869873, 0.8025291562080383], [0.4322381913661957, 0.47946611046791077, 1.0, 0.14784394204616547, 0.3336755633354187, 0.3788501024246216, 0.6129363179206848, 0.6457905769348145, 0.6765913963317871, 0.592402458190918], [0.830525279045105, 0.7145688533782959, 0.8116947412490845, 1.0, 0.9435084462165833, 0.8364717364311218, 0.22497522830963135, 0.5123885273933411, 0.8463825583457947, 0.8473736643791199]]",8.944266051054,erm,resnet18_mnist,False,0.3330444395542145,0.995,2,completed,131.20213350653648,0.01731160841882229,outputs_final/resnet18_mnist/erm/N250/seed2
1.0,0.7493444681167603,250,0.25929999351501465,cuda,"[[0.9214285612106323, 0.6765305995941162, 0.4622448980808258, 0.34387755393981934, 0.47551020979881287, 0.9857142567634583, 1.0, 0.9887754917144775, 0.859183669090271, 0.8999999761581421], [1.0, 0.9894273281097412, 0.7453744411468506, 0.8634361028671265, 0.8819383382797241, 0.9471365809440613, 0.976211428642273, 0.966519832611084, 0.883700430393219, 0.9709250926971436], [0.6279069781303406, 0.7509689927101135, 0.8643410801887512, 1.0, 0.9912790656089783, 0.893410861492157, 0.7936046719551086, 0.47965115308761597, 0.876937985420227, 0.6492248177528381], [0.8504950404167175, 0.9039604067802429, 0.6188119053840637, 0.4722772240638733, 0.6564356684684753, 0.33564355969429016, 0.9792079329490662, 1.0, 0.9831683039665222, 0.8247524499893188], [0.7841140627861023, 0.8177189230918884, 0.7698574066162109, 0.7739307284355164, 0.4022403359413147, 0.7158859372138977, 0.904276967048645, 0.9979633688926697, 1.0, 0.9633401036262512], [0.926008939743042, 0.8396860957145691, 0.3643497824668884, 0.3867712914943695, 0.7544842958450317, 1.0, 0.9831838607788086, 0.4674887955188751, 0.7421524524688721, 0.8609865307807922], [0.9906054139137268, 1.0, 0.9154488444328308, 0.780793309211731, 0.8757829070091248, 0.5062630772590637, 0.5511482357978821, 0.7964509129524231, 0.6148225665092468, 0.9603340029716492], [0.966926097869873, 0.8842412233352661, 0.8268482685089111, 0.6293774247169495, 0.5029183030128479, 0.8317120671272278, 0.9066147804260254, 0.5894941687583923, 0.9678988456726074, 1.0], [0.7145790457725525, 0.929158091545105, 1.0, 0.5492812991142273, 0.23613962531089783, 0.20020534098148346, 0.4989733099937439, 0.5133470296859741, 0.7915810942649841, 0.7340862154960632], [0.9236868023872375, 0.9246779084205627, 0.4172447919845581, 0.9385530352592468, 1.0, 0.9246779084205627, 0.7264618277549744, 0.532210111618042, 0.15956392884254456, 0.5044598579406738]]",8.75590930879116,erm,resnet18_mnist,False,0.25065556168556213,0.995,3,completed,128.67541635036469,0.15956392884254456,outputs_final/resnet18_mnist/erm/N250/seed3
0.9944999814033508,0.726722240447998,250,0.272599995136261,cuda,"[[1.0, 0.4591836631298065, 0.05306122452020645, 0.3285714387893677, 0.5622448921203613, 0.7887755036354065, 0.6571428775787354, 0.8122448921203613, 0.9295918345451355, 0.9255102276802063], [0.950660765171051, 0.707489013671875, 0.5242290496826172, 0.8202643394470215, 0.9647576808929443, 0.9955947399139404, 0.8960352540016174, 0.9259911775588989, 0.9806167483329773, 0.9559471607208252], [0.9728682041168213, 0.44864341616630554, 0.751937985420227, 0.6715116500854492, 0.751937985420227, 0.8614341020584106, 0.3527131676673889, 0.6482558250427246, 0.8914728760719299, 1.0], [0.8990098834037781, 0.7742574214935303, 0.89702969789505, 0.47623762488365173, 0.7217822074890137, 0.9782178401947021, 1.0, 1.0, 0.8712871074676514, 0.48613861203193665], [0.7515274882316589, 0.5458248257637024, 0.6476578116416931, 0.5529531836509705, 0.637474536895752, 0.43482688069343567, 0.9551934599876404, 0.9969450235366821, 0.9613034725189209, 0.6843177080154419], [0.9103139042854309, 0.5414798259735107, 0.931614339351654, 1.0, 0.9977578520774841, 0.9798206090927124, 0.7118834257125854, 0.7567264437675476, 0.9103139042854309, 0.8587443828582764], [0.8810020685195923, 0.9488517642021179, 1.0, 0.8924843668937683, 0.7494781017303467, 0.8997912406921387, 0.968684732913971, 0.9269310832023621, 0.942588746547699, 0.8423799872398376], [0.7791828513145447, 0.7198443412780762, 0.8365758657455444, 0.5457198619842529, 0.6848248839378357, 0.7577821016311646, 0.6439688801765442, 0.8054474592208862, 1.0, 0.7976653575897217], [0.8901437520980835, 0.9989733099937439, 0.8223819136619568, 0.19404517114162445, 0.29671457409858704, 0.5698152184486389, 0.3377823531627655, 0.5862423181533813, 0.6365503072738647, 0.2166324406862259], [0.9157581925392151, 0.4697720408439636, 0.6511397361755371, 0.333994060754776, 0.7175421118736267, 0.9890981316566467, 0.8592665791511536, 0.3359762132167816, 0.49256688356399536, 0.8999009132385254]]",8.76425415277481,erm,resnet18_mnist,False,0.27346667647361755,0.995,4,completed,154.81254014372826,0.05306122452020645,outputs_final/resnet18_mnist/erm/N250/seed4
0.9972000122070312,0.9397666454315186,2500,0.8127999901771545,cuda,"[[0.9775510430335999, 0.9938775300979614, 0.9959183931350708, 0.9989795684814453, 0.9989795684814453, 0.9959183931350708, 0.9806122183799744, 0.9806122183799744, 0.9653061032295227, 0.9520407915115356], [0.9982379078865051, 1.0, 1.0, 0.9903083443641663, 0.9814978241920471, 0.976211428642273, 0.9674009084701538, 0.9718061685562134, 0.9621145129203796, 0.966519832611084], [0.979651153087616, 0.9651162624359131, 0.9835271239280701, 0.9951550364494324, 0.9757751822471619, 0.9505813717842102, 0.9970930218696594, 0.9990310072898865, 0.9864341020584106, 0.9786821603775024], [0.908910870552063, 0.9475247263908386, 0.9554455280303955, 0.9782178401947021, 0.999009907245636, 1.0, 0.9891089200973511, 0.9237623810768127, 0.8702970147132874, 0.8356435894966125], [0.9266802668571472, 0.6608961224555969, 0.7240325808525085, 0.9887983798980713, 0.9928717017173767, 0.9786150455474854, 0.9358451962471008, 0.904276967048645, 0.932790219783783, 0.9592667818069458], [0.9966367483139038, 0.9899103045463562, 0.9820627570152283, 0.9977578520774841, 0.9887892603874207, 0.9730941653251648, 0.9585201740264893, 0.9943946003913879, 0.9988788962364197, 0.9988788962364197], [0.9947807788848877, 0.9812108278274536, 0.9718163013458252, 0.9759916663169861, 0.968684732913971, 0.9498956203460693, 0.9039666056632996, 0.9603340029716492, 0.9645093679428101, 0.982254683971405], [0.9844357967376709, 0.9319066405296326, 0.9348248839378357, 0.9776264429092407, 0.9785992503166199, 0.9678988456726074, 0.9542801380157471, 0.9834630489349365, 0.9980545043945312, 0.9970816969871521], [0.8798767924308777, 0.824435293674469, 0.7956879138946533, 0.8850102424621582, 0.8911704421043396, 0.9671458005905151, 0.9989733099937439, 0.9117043018341064, 0.7002053260803223, 0.7012320160865784], [0.9554013609886169, 0.9871159791946411, 0.9940535426139832, 0.966303288936615, 0.8780971169471741, 0.8543112277984619, 0.8939543962478638, 0.8790882229804993, 0.6541129946708679, 0.7849355936050415]]",8.310994371771812,erm,resnet18_mnist,True,0.058633334934711456,0.95,0,completed,95.02038542926311,0.6541129946708679,outputs_final/resnet18_mnist/erm/N2500/seed0
0.9983000159263611,0.9641110897064209,2500,0.883400022983551,cuda,"[[0.9714285731315613, 0.981632649898529, 0.9887754917144775, 0.9969387650489807, 0.9989795684814453, 0.9989795684814453, 0.9989795684814453, 0.9857142567634583, 0.9551020264625549, 0.9551020264625549], [0.9629955887794495, 0.9814978241920471, 0.9920704960823059, 0.9938325881958008, 0.9938325881958008, 0.9991189241409302, 1.0, 0.9515418410301208, 0.9612334966659546, 0.9488986730575562], [0.998062014579773, 1.0, 0.9912790656089783, 0.9825581312179565, 0.9844961166381836, 0.9777131676673889, 0.9583333134651184, 0.932170569896698, 0.9641472697257996, 0.9961240291595459], [0.9792079329490662, 0.9910891056060791, 0.999009907245636, 0.997029721736908, 0.9940593838691711, 0.9821782112121582, 0.9801980257034302, 0.9336633682250977, 0.8712871074676514, 0.9396039843559265], [1.0, 0.9938900470733643, 0.9613034725189209, 0.9185336232185364, 0.9073320031166077, 0.9439918398857117, 0.9653767943382263, 0.9429734945297241, 0.9246435761451721, 0.976578414440155], [0.9439461827278137, 0.9585201740264893, 0.9843049049377441, 0.9899103045463562, 0.9887892603874207, 0.9910314083099365, 0.9854260087013245, 0.9607623219490051, 0.9977578520774841, 0.9910314083099365], [0.980167031288147, 0.968684732913971, 0.9770354628562927, 0.9634655714035034, 0.9488517642021179, 0.944676399230957, 0.9603340029716492, 0.9739039540290833, 0.9676409363746643, 0.9989561438560486], [0.9348248839378357, 0.9396887421607971, 0.9834630489349365, 0.9912451505661011, 0.9630350470542908, 0.9134241342544556, 0.8706225752830505, 0.8891050815582275, 0.938715934753418, 0.9640077948570251], [0.9219712615013123, 0.9599589109420776, 0.9702258706092834, 0.9630390405654907, 0.9548254609107971, 0.9702258706092834, 0.9917864203453064, 1.0, 0.9743326306343079, 0.8921971321105957], [0.9345887303352356, 0.9653121829032898, 0.9861248731613159, 0.9920713305473328, 0.9970267415046692, 0.9960356950759888, 0.9781962633132935, 0.959365725517273, 0.9385530352592468, 0.9415262341499329]]",8.956371068954468,erm,resnet18_mnist,True,0.034388888627290726,0.95,1,completed,136.78165513277054,0.8706225752830505,outputs_final/resnet18_mnist/erm/N2500/seed1
0.9987999796867371,0.9543555378913879,2500,0.8410999774932861,cuda,"[[0.9622448682785034, 0.9755101799964905, 0.9775510430335999, 0.9663265347480774, 0.9857142567634583, 0.9704081416130066, 0.9846938848495483, 1.0, 1.0, 0.9959183931350708], [0.992951512336731, 0.9876651763916016, 0.9656387567520142, 0.9779735803604126, 0.9894273281097412, 0.9876651763916016, 0.9947136640548706, 1.0, 1.0, 0.9955947399139404], [0.981589138507843, 0.998062014579773, 0.9825581312179565, 0.9350775480270386, 0.9195736646652222, 0.8914728760719299, 0.9583333134651184, 0.9573643207550049, 0.9273256063461304, 0.9234496355056763], [0.9485148787498474, 0.986138641834259, 0.987128734588623, 0.9801980257034302, 0.997029721736908, 1.0, 0.996039628982544, 0.9821782112121582, 0.9653465151786804, 0.9188118577003479], [0.9826883673667908, 0.9928717017173767, 0.9704684615135193, 0.9562118053436279, 0.994908332824707, 1.0, 1.0, 0.9989816546440125, 0.9877800345420837, 0.9826883673667908], [0.9966367483139038, 0.9730941653251648, 0.9091928005218506, 0.7656950950622559, 0.9136771559715271, 0.939461886882782, 0.9652466177940369, 0.9798206090927124, 0.9932735562324524, 0.9988788962364197], [0.9947807788848877, 0.9968684911727905, 0.9739039540290833, 0.962421715259552, 0.9791231751441956, 0.968684732913971, 0.9634655714035034, 0.9707724452018738, 0.9551148414611816, 0.9697285890579224], [0.9659532904624939, 0.9445525407791138, 0.9280155897140503, 0.9873540997505188, 0.9970816969871521, 0.9785992503166199, 0.8579766750335693, 0.862840473651886, 0.9309338331222534, 0.9533073902130127], [0.8624230027198792, 0.966119110584259, 0.9989733099937439, 0.9763860106468201, 0.9301847815513611, 0.7043120861053467, 0.8675564527511597, 0.9342916011810303, 0.9486653208732605, 0.8901437520980835], [0.9415262341499329, 0.973240852355957, 0.9811694622039795, 1.0, 0.9861248731613159, 0.9127849340438843, 0.8146679997444153, 0.901883065700531, 0.9405351877212524, 0.9137760400772095]]",8.927775517106056,erm,resnet18_mnist,True,0.04478888958692551,0.95,2,completed,147.24122110009193,0.7043120861053467,outputs_final/resnet18_mnist/erm/N2500/seed2
0.9994000196456909,0.9700999855995178,2500,0.9049999713897705,cuda,"[[0.9795918464660645, 0.972449004650116, 0.9755101799964905, 0.9836734533309937, 0.9867346882820129, 0.9969387650489807, 1.0, 0.9989795684814453, 0.9908163547515869, 0.9826530814170837], [1.0, 0.9991189241409302, 0.9797356724739075, 0.9735682606697083, 0.9841409921646118, 0.9903083443641663, 0.9885462522506714, 0.9841409921646118, 0.9859030842781067, 0.9938325881958008], [0.8614341020584106, 0.9224806427955627, 0.9767441749572754, 1.0, 0.9990310072898865, 0.9854651093482971, 0.876937985420227, 0.8187984228134155, 0.9195736646652222, 0.8624030947685242], [0.9702970385551453, 0.9712871313095093, 0.9633663296699524, 0.9603960514068604, 0.9603960514068604, 0.9702970385551453, 0.998019814491272, 1.0, 1.0, 0.9811881184577942], [0.9735234379768372, 0.9796333909034729, 0.9704684615135193, 0.9348269104957581, 0.9052953124046326, 0.9572301506996155, 0.9877800345420837, 0.9969450235366821, 1.0, 0.9959266781806946], [0.9843049049377441, 0.9697309136390686, 0.9708520174026489, 0.9887892603874207, 0.9966367483139038, 0.9966367483139038, 0.9910314083099365, 0.9618834257125854, 0.9641255736351013, 0.9843049049377441], [0.9916492700576782, 0.9989561438560486, 0.9926931262016296, 0.9885177612304688, 0.980167031288147, 0.9707724452018738, 0.9749478101730347, 0.968684732913971, 0.9540709853172302, 0.982254683971405], [0.9961089491844177, 0.9931906461715698, 0.981517493724823, 0.9610894918441772, 0.9659532904624939, 0.9854085445404053, 0.9834630489349365, 0.9766536951065063, 0.9951362013816833, 0.9990272521972656], [0.9835729002952576, 0.9958932399749756, 1.0, 0.9969199299812317, 0.9733059406280518, 0.9691991806030273, 0.977412760257721, 0.9733059406280518, 0.9671458005905151, 0.966119110584259], [0.9534192085266113, 0.9444994926452637, 0.9375619292259216, 0.9960356950759888, 0.9990088939666748, 0.9900891780853271, 0.9603567719459534, 0.9494549036026001, 0.9464816451072693, 0.9375619292259216]]",8.83382099866867,erm,resnet18_mnist,True,0.029411111027002335,0.95,3,completed,120.74543510377407,0.8187984228134155,outputs_final/resnet18_mnist/erm/N2500/seed3
0.9977999925613403,0.9372777938842773,2500,0.762499988079071,cuda,"[[1.0, 0.9632652997970581, 0.918367326259613, 0.9673469662666321, 0.9755101799964905, 0.9479591846466064, 0.9673469662666321, 0.9714285731315613, 0.9836734533309937, 0.9969387650489807], [0.983259916305542, 0.9700440764427185, 0.9947136640548706, 0.9973568320274353, 0.9991189241409302, 0.9744493365287781, 0.9594713449478149, 0.9876651763916016, 0.9938325881958008, 0.9885462522506714], [0.9883720874786377, 0.9418604373931885, 0.9573643207550049, 0.9689922332763672, 0.9534883499145508, 0.7587209343910217, 0.7945736646652222, 0.9573643207550049, 0.9554263353347778, 0.9990310072898865], [0.9663366079330444, 0.9772277474403381, 0.9237623810768127, 0.6811881065368652, 0.9267326593399048, 1.0, 1.0, 0.987128734588623, 0.8821782469749451, 0.909900963306427], [0.9928717017173767, 0.9847250580787659, 0.9857434034347534, 0.9877800345420837, 0.9083502888679504, 0.5458248257637024, 0.9562118053436279, 1.0, 0.9989816546440125, 0.9938900470733643], [0.9192824959754944, 0.9136771559715271, 0.9742152690887451, 0.9988788962364197, 0.9955157041549683, 0.9517937302589417, 0.9125560522079468, 0.9585201740264893, 0.9618834257125854, 0.9641255736351013], [0.9321503043174744, 0.9780793190002441, 0.9968684911727905, 0.9874739050865173, 0.9676409363746643, 0.907098114490509, 0.9133611917495728, 0.9144049882888794, 0.9217119216918945, 0.9363256692886353], [0.9824903011322021, 0.9873540997505188, 0.994163453578949, 0.9912451505661011, 0.9824903011322021, 0.9036964774131775, 0.9494163393974304, 0.9892995953559875, 0.9990272521972656, 0.9873540997505188], [0.9938398599624634, 1.0, 0.9928131699562073, 0.9425051212310791, 0.8983572721481323, 0.5133470296859741, 0.5256673693656921, 0.8973305821418762, 0.9404517412185669, 0.9640657305717468], [0.9395440816879272, 0.9385530352592468, 0.9583746194839478, 0.9583746194839478, 0.9881070256233215, 0.9851337671279907, 0.9435084462165833, 0.8731417059898376, 0.8870168328285217, 0.935579776763916]]",8.675365969538689,erm,resnet18_mnist,True,0.062077779322862625,0.95,4,completed,128.50604385137558,0.5133470296859741,outputs_final/resnet18_mnist/erm/N2500/seed4
0.9994999766349792,0.21408888697624207,50,0.0008999999845400453,cuda,"[[0.0, 0.0, 0.0, 0.11122448742389679, 1.0, 0.9969387650489807, 0.0, 0.0, 0.0, 0.0], [0.43788546323776245, 0.9973568320274353, 0.9374449253082275, 0.9277533292770386, 0.8361233472824097, 0.8202643394470215, 0.5929515361785889, 0.021145373582839966, 0.1356828212738037, 0.22555066645145416], [0.049418605864048004, 0.07267441600561142, 0.0717054232954979, 0.23062016069889069, 0.0009689922444522381, 0.0009689922444522381, 0.15213178098201752, 1.0, 0.0455426350235939, 0.16472868621349335], [0.0, 0.0, 0.0, 0.8900989890098572, 1.0, 1.0, 0.3930692970752716, 0.0, 0.0, 0.0], [0.03360488638281822, 0.6608961224555969, 0.5967413187026978, 1.0, 0.7311608791351318, 0.5885946750640869, 0.9399185180664062, 0.4042769968509674, 0.0010183299891650677, 0.0773930773139], [0.7892376780509949, 0.8452914953231812, 0.2735426127910614, 0.07623318582773209, 0.0, 0.0, 0.0, 0.11098654568195343, 0.06726457178592682, 1.0], [0.9989561438560486, 0.982254683971405, 0.0, 0.0, 0.0, 0.0, 0.0, 0.0, 0.0, 0.08350730687379837], [0.0038910505827516317, 0.05350194498896599, 0.0, 0.0, 0.0, 0.0, 0.0, 0.100194551050663, 1.0, 0.35505837202072144], [0.0, 0.0, 0.0030800821259617805, 0.5503079891204834, 0.0010266940807923675, 0.00718685844913125, 0.9989733099937439, 0.3901437222957611, 0.0, 0.0], [0.0, 0.08523290604352951, 1.0, 0.19920714199543, 0.0, 0.0, 0.0009910803055390716, 0.8007928729057312, 0.0, 0.0]]",8.884753346443176,erm,resnet18_mnist,False,0.7858444452285767,0.999,0,completed,146.53438407182693,0.0,outputs_final/resnet18_mnist/erm/N50/seed0
0.9998000264167786,0.17928889393806458,50,0.0,cuda,"[[0.0, 0.033673468977212906, 0.07551020383834839, 0.0, 0.04387754946947098, 1.0, 0.8704081773757935, 0.0, 0.0, 0.0], [0.0, 0.0, 0.4422907531261444, 0.5162995457649231, 0.45726871490478516, 0.9365638494491577, 1.0, 0.9145374298095703, 0.23436123132705688, 0.0], [0.8885658979415894, 0.9990310072898865, 0.3372093141078949, 0.06201550364494324, 0.0009689922444522381, 0.0, 0.0, 0.0, 0.0416666679084301, 0.43701550364494324], [0.0, 0.2861386239528656, 1.0, 0.3306930661201477, 0.0, 0.0, 0.0, 0.0, 0.0, 0.0], [1.0, 0.9959266781806946, 0.43279021978378296, 0.5498981475830078, 0.0, 0.0, 0.0, 0.17413441836833954, 0.12627291679382324, 0.5916497111320496], [0.013452914543449879, 0.0, 0.0, 0.15582959353923798, 0.0044843051582574844, 0.0011210762895643711, 0.0033632286358624697, 0.03811659291386604, 1.0, 0.841928243637085], [0.40814197063446045, 0.013569937087595463, 0.045929018408060074, 0.8173277378082275, 0.15344467759132385, 0.004175365436822176, 0.18267223238945007, 0.009394572116434574, 0.03340292349457741, 0.9989561438560486], [0.0, 0.6099221706390381, 0.862840473651886, 1.0, 0.04961089417338371, 0.04571984335780144, 0.01264591421931982, 0.6760700345039368, 0.0719844326376915, 0.0], [0.0, 0.13757699728012085, 0.04620123282074928, 0.010266940109431744, 0.0, 0.0, 0.002053388161584735, 1.0, 0.0, 0.0], [0.0, 0.012884043157100677, 0.007928642444312572, 0.03171456977725029, 1.0, 0.6600594520568848, 0.04658077284693718, 0.0, 0.0, 0.0]]",8.701073721051216,erm,resnet18_mnist,False,0.8206999897956848,0.999,1,completed,157.79514323174953,0.0,outputs_final/resnet18_mnist/erm/N50/seed1
0.9998999834060669,0.2242777794599533,50,0.0,cuda,"[[0.17142857611179352, 0.13673469424247742, 0.0, 0.0, 0.0010204081190750003, 0.5306122303009033, 0.011224489659070969, 0.7061224579811096, 1.0, 0.981632649898529], [0.29427313804626465, 0.07400880753993988, 0.0, 0.0, 0.0, 0.6634361147880554, 0.2563876509666443, 1.0, 0.949779748916626, 0.0828193798661232], [0.913759708404541, 1.0, 0.44186046719551086, 0.007751937955617905, 0.0019379844889044762, 0.00484496122226119, 0.016472868621349335, 0.031976744532585144, 0.013565891422331333, 0.07267441600561142], [0.4376237690448761, 0.0, 0.05247524753212929, 0.0, 0.12079207599163055, 1.0, 0.6811881065368652, 0.2742574214935303, 0.35247525572776794, 0.0], [0.38492870330810547, 0.30142566561698914, 0.0, 0.0, 0.0, 0.9378818869590759, 1.0, 0.4928717017173767, 0.0020366599783301353, 0.0], [0.8565022349357605, 0.0022421525791287422, 0.01905829645693302, 0.09192825108766556, 0.19843049347400665, 0.0, 0.0, 0.0011210762895643711, 0.926008939743042, 1.0], [0.9989561438560486, 0.7985386252403259, 0.06680584698915482, 0.08872651308774948, 0.7974947690963745, 0.4384133517742157, 0.0, 0.7275574207305908, 0.15031315386295319, 0.5073068737983704], [0.792801558971405, 0.006809338461607695, 0.16731517016887665, 0.13618676364421844, 1.0, 0.462062269449234, 0.010700388811528683, 0.15466925501823425, 0.46108949184417725, 0.014591439627110958], [0.0, 0.20431211590766907, 1.0, 0.0544147826731205, 0.0, 0.0, 0.0, 0.0, 0.0, 0.0], [0.5510406494140625, 0.09217046946287155, 0.5361744165420532, 1.0, 0.03964320942759514, 0.07829534262418747, 0.0, 0.09514370560646057, 0.2685827612876892, 0.0009910803055390716]]",8.841499030590057,erm,resnet18_mnist,False,0.7757111191749573,0.999,2,completed,140.36196060478687,0.0,outputs_final/resnet18_mnist/erm/N50/seed2
0.9991999864578247,0.22450000047683716,50,0.008100000210106373,cuda,"[[0.22755101323127747, 0.0, 0.0, 0.0, 0.0, 0.43877550959587097, 1.0, 0.640816330909729, 0.016326529905200005, 0.006122448947280645], [1.0, 0.9092510938644409, 0.20881056785583496, 0.3339207172393799, 0.6220264434814453, 0.32422906160354614, 0.3973568379878998, 0.8748898506164551, 0.09779735654592514, 0.949779748916626], [0.0009689922444522381, 0.0, 0.19379845261573792, 1.0, 0.9883720874786377, 0.0, 0.0, 0.0, 0.0, 0.0], [0.4168316721916199, 0.14653465151786804, 0.0, 0.0, 0.0019801980815827847, 0.0, 0.6554455161094666, 1.0, 0.9910891056060791, 0.5752475261688232], [0.24949084222316742, 0.2678207755088806, 0.03869653865695, 0.0, 0.0, 0.0, 0.0, 0.9796333909034729, 1.0, 0.5947046875953674], [0.5033632516860962, 0.3004484176635742, 0.0, 0.0, 0.0022421525791287422, 1.0, 0.5257847309112549, 0.0, 0.0, 0.06950672715902328], [0.9645093679428101, 1.0, 0.03966597095131874, 0.0, 0.36116909980773926, 0.0, 0.0, 0.0, 0.0, 0.8590814471244812], [0.9289883375167847, 0.5301556587219238, 0.24805447459220886, 0.015564202331006527, 0.362840473651886, 0.0019455252913758159, 0.0038910505827516317, 0.0, 0.3132295608520508, 0.9990272521972656], [0.4363449811935425, 0.7689938545227051, 1.0, 0.0010266940807923675, 0.005133470054715872, 0.0, 0.0, 0.0, 0.0, 0.029774127528071404], [0.22398413717746735, 0.12586718797683716, 0.0, 0.003964321222156286, 0.993062436580658, 0.0, 0.0, 0.0, 0.0, 0.0]]",9.18697614967823,erm,resnet18_mnist,False,0.7753666639328003,0.999,3,completed,138.5842313915491,0.0,outputs_final/resnet18_mnist/erm/N50/seed3
0.9998000264167786,0.25279998779296875,50,0.0,cuda,"[[1.0, 0.13367347419261932, 0.0020408162381500006, 0.02142857201397419, 0.04591836780309677, 0.01836734637618065, 0.47755101323127747, 0.06734693795442581, 0.013265306130051613, 0.0], [0.01850220188498497, 0.0, 0.20264317095279694, 0.9885462522506714, 1.0, 0.9991189241409302, 0.791189432144165, 0.8414096832275391, 0.337444931268692, 0.2185022085905075], [0.5174418687820435, 0.0, 0.12596899271011353, 0.0038759689778089523, 0.0, 0.0029069767333567142, 0.01937984488904476, 0.018410852178931236, 0.3062015473842621, 1.0], [0.6851485371589661, 0.0178217813372612, 0.7485148310661316, 0.002970297122374177, 0.0009900990407913923, 0.395049512386322, 1.0, 0.9772277474403381, 0.302970290184021, 0.0], [0.18533605337142944, 0.10590631514787674, 0.5590631365776062, 0.5437881946563721, 0.18228106200695038, 0.02749490924179554, 0.9867616891860962, 1.0, 0.5936863422393799, 0.0], [0.13116592168807983, 0.0, 0.6278026700019836, 1.0, 0.8116592168807983, 0.016816142946481705, 0.0, 0.0, 0.07959641516208649, 0.0], [0.17118997871875763, 0.6743215322494507, 0.9989561438560486, 0.21294362843036652, 0.17223381996154785, 0.38413360714912415, 0.06784968823194504, 0.0, 0.3340292274951935, 0.0], [0.6245136260986328, 0.14883267879486084, 0.6449416279792786, 0.21303501725196838, 0.04280155524611473, 0.09533073753118515, 0.3900778293609619, 0.6828793883323669, 1.0, 0.0], [0.47946611046791077, 1.0, 0.42915812134742737, 0.0, 0.0010266940807923675, 0.0, 0.0, 0.0, 0.0, 0.0], [0.6045589447021484, 0.0, 0.001982160611078143, 0.02675916813313961, 0.8325074315071106, 0.9990088939666748, 0.5302279591560364, 0.0, 0.18632309138774872, 0.2507432997226715]]",9.011240839958191,erm,resnet18_mnist,False,0.7471222281455994,0.999,4,completed,141.29969353973866,0.0,outputs_final/resnet18_mnist/erm/N50/seed4
0.9921000003814697,0.8228333592414856,500,0.3479999899864197,cuda,"[[0.8459183573722839, 0.9265305995941162, 0.9346938729286194, 0.9806122183799744, 0.9918367266654968, 0.9806122183799744, 0.20000000298023224, 0.7887755036354065, 0.8948979377746582, 0.8438775539398193], [0.9964757561683655, 0.9991189241409302, 0.9982379078865051, 0.9903083443641663, 0.9859030842781067, 0.9753304123878479, 0.9277533292770386, 0.850220263004303, 0.4863436222076416, 0.8704845905303955], [0.9437984228134155, 0.8255813717842102, 0.9457364082336426, 0.9457364082336426, 0.6191860437393188, 0.25581395626068115, 0.42538759112358093, 1.0, 0.9844961166381836, 0.9806201457977295], [0.9534653425216675, 0.9683168530464172, 0.9366336464881897, 0.9821782112121582, 0.999009907245636, 0.9950494766235352, 0.6148514747619629, 0.8633663654327393, 0.8881188035011292, 0.8999999761581421], [0.8401222229003906, 0.6873726844787598, 0.5529531836509705, 0.9439918398857117, 0.9613034725189209, 0.7403258681297302, 0.39714866876602173, 0.5407332181930542, 0.7596741318702698, 0.8767820596694946], [0.9843049049377441, 0.8934977650642395, 0.75, 0.926008939743042, 0.8912556171417236, 0.681614339351654, 0.1636771261692047, 0.9461883306503296, 0.9955157041549683, 0.9988788962364197], [0.9958246350288391, 0.9874739050865173, 0.9394571781158447, 0.9029227495193481, 0.8538622260093689, 0.7713987231254578, 0.4331941604614258, 0.7108559608459473, 0.893528163433075, 0.9613778591156006], [0.9562256932258606, 0.9270427823066711, 0.7324903011322021, 0.8171206116676331, 0.7947470545768738, 0.5204280018806458, 0.5963035225868225, 0.9134241342544556, 0.9961089491844177, 0.9922178983688354], [0.929158091545105, 0.7494866251945496, 0.3193018436431885, 0.8891170620918274, 0.8562628626823425, 0.9055441617965698, 0.9989733099937439, 0.524640679359436, 0.7864476442337036, 0.9260780215263367], [0.9801784157752991, 0.9910802841186523, 1.0, 0.9980178475379944, 0.9137760400772095, 0.7869177460670471, 0.8087214827537537, 0.959365725517273, 0.8761149644851685, 0.9177403450012207]]",7.904130652546883,erm,resnet18_mnist,False,0.1738888919353485,0.99,0,completed,140.65429949760437,0.1636771261692047,outputs_final/resnet18_mnist/erm/N500/seed0
0.9988999962806702,0.8441110849380493,500,0.4408000111579895,cuda,"[[0.9306122660636902, 0.9622448682785034, 0.9908163547515869, 0.9663265347480774, 0.9867346882820129, 0.9979591965675354, 0.9948979616165161, 0.6663265228271484, 0.9061224460601807, 0.9489796161651611], [0.7118942737579346, 0.9083700180053711, 0.9867841601371765, 0.9453744292259216, 0.9286343455314636, 0.9867841601371765, 0.9973568320274353, 0.8590308427810669, 0.9101321697235107, 0.9524229168891907], [0.9825581312179565, 0.9990310072898865, 0.9534883499145508, 0.6094961166381836, 0.9001938104629517, 0.9031007885932922, 0.8866279125213623, 0.7722868323326111, 0.9050387740135193, 0.9379844665527344], [0.7950494885444641, 0.9405940771102905, 1.0, 0.9475247263908386, 0.8118811845779419, 0.9029703140258789, 0.9306930899620056, 0.8881188035011292, 0.8613861203193665, 0.9049504995346069], [1.0, 0.9989816546440125, 0.9745417237281799, 0.9134419560432434, 0.8391038775444031, 0.8890020251274109, 0.9419552087783813, 0.6415478587150574, 0.7932790517807007, 0.9755600690841675], [0.621076226234436, 0.8565022349357605, 0.7769058346748352, 0.8923766613006592, 0.7948430776596069, 0.8441703915596008, 0.9529147744178772, 0.9865471124649048, 0.9988788962364197, 0.8520179390907288], [0.4342379868030548, 0.644050121307373, 0.9592902064323425, 0.9718163013458252, 0.9519832730293274, 0.9029227495193481, 0.9405010342597961, 0.6377870440483093, 0.8966597318649292, 1.0], [0.6361867785453796, 0.6712062358856201, 0.9863813519477844, 0.9990272521972656, 0.8482490181922913, 0.7305447459220886, 0.8677042722702026, 0.6546692848205566, 0.911478579044342, 0.8881322741508484], [0.629363477230072, 0.453798770904541, 0.5174537897109985, 0.7289527654647827, 0.7392197251319885, 0.9147843718528748, 0.9702258706092834, 0.9979466199874878, 0.8203285336494446, 0.7505133748054504], [0.19524280726909637, 0.8295341730117798, 0.894945502281189, 0.8979187607765198, 0.9990088939666748, 0.9940535426139832, 0.9544103145599365, 0.5450941324234009, 0.8543112277984619, 0.7314172387123108]]",8.950205102562904,erm,resnet18_mnist,False,0.15566666424274445,0.99,1,completed,134.59500923752785,0.19524280726909637,outputs_final/resnet18_mnist/erm/N500/seed1
0.9998999834060669,0.9048666954040527,500,0.6541000008583069,cuda,"[[0.9153061509132385, 0.9153061509132385, 0.9132652878761292, 0.9173469543457031, 0.9591836929321289, 0.9765306115150452, 0.972449004650116, 1.0, 1.0, 0.9928571581840515], [0.9321585893630981, 0.9118942618370056, 0.9224669337272644, 0.9841409921646118, 0.9885462522506714, 0.9770925045013428, 0.9101321697235107, 1.0, 1.0, 0.992951512336731], [0.9844961166381836, 1.0, 0.9505813717842102, 0.8653100728988647, 0.7354651093482971, 0.8624030947685242, 0.9641472697257996, 0.8536821603775024, 0.8575581312179565, 0.9350775480270386], [0.9554455280303955, 0.9168316721916199, 0.8772277235984802, 0.8306930661201477, 0.9653465151786804, 1.0, 0.9930692911148071, 0.9623762369155884, 0.9396039843559265, 0.8841584324836731], [0.9399185180664062, 0.9592667818069458, 0.7148675918579102, 0.518329918384552, 0.8828920722007751, 0.9969450235366821, 1.0, 0.9918533563613892, 0.9572301506996155, 0.9124236106872559], [0.9820627570152283, 0.926008939743042, 0.7544842958450317, 0.665919303894043, 0.8878923654556274, 0.8071748614311218, 0.9215246438980103, 0.9865471124649048, 0.9943946003913879, 0.9988788962364197], [1.0, 0.9770354628562927, 0.7891440391540527, 0.887265145778656, 0.9592902064323425, 0.9592902064323425, 0.9394571781158447, 0.9603340029716492, 0.9227557182312012, 0.9436325430870056], [0.9289883375167847, 0.8103112578392029, 0.8667315244674683, 0.9630350470542908, 1.0, 0.9708171486854553, 0.820038914680481, 0.911478579044342, 0.9455252885818481, 0.957198441028595], [0.8449692130088806, 0.8737166523933411, 1.0, 0.8942505121231079, 0.8275154232978821, 0.7987679839134216, 0.8470225930213928, 0.9117043018341064, 0.9106776118278503, 0.8357289433479309], [0.9246779084205627, 0.8979187607765198, 0.9038652181625366, 1.0, 0.908820629119873, 0.8582755327224731, 0.6382557153701782, 0.8899900913238525, 0.8880079388618469, 0.8751238584518433]]",8.843565568327904,erm,resnet18_mnist,True,0.09503333270549774,0.99,2,completed,149.2622573375702,0.518329918384552,outputs_final/resnet18_mnist/erm/N500/seed2
0.9988999962806702,0.8907666802406311,500,0.6304000020027161,cuda,"[[0.9306122660636902, 0.8795918226242065, 0.8663265109062195, 0.8704081773757935, 0.5908163189888, 0.9418367147445679, 0.9989795684814453, 0.9857142567634583, 0.9336734414100647, 0.9704081416130066], [1.0, 0.9911894202232361, 0.9145374298095703, 0.9753304123878479, 0.983259916305542, 0.992951512336731, 0.9955947399139404, 0.9859030842781067, 0.9823788404464722, 0.9938325881958008], [0.661821722984314, 0.838178277015686, 0.9748061895370483, 0.9990310072898865, 0.9912790656089783, 0.9263566136360168, 0.8711240291595459, 0.7674418687820435, 0.8207364082336426, 0.6899224519729614], [0.7415841817855835, 0.8475247621536255, 0.9425742626190186, 0.9356435537338257, 0.908910870552063, 0.7168316841125488, 0.9722772240638733, 1.0, 0.9940593838691711, 0.9188118577003479], [0.9602851271629333, 0.9338085651397705, 0.9175152778625488, 0.8940936923027039, 0.8431771993637085, 0.9470468163490295, 0.9806517362594604, 0.9969450235366821, 1.0, 0.9959266781806946], [0.9271300435066223, 0.894618809223175, 0.9103139042854309, 0.945067286491394, 0.8991031646728516, 0.9977578520774841, 0.9820627570152283, 0.8800448179244995, 0.902466356754303, 0.9181614518165588], [0.9885177612304688, 0.9979122877120972, 0.9874739050865173, 0.9645093679428101, 0.9373695254325867, 0.8225469589233398, 0.8987473845481873, 0.9081419706344604, 0.8590814471244812, 0.9467641115188599], [0.975680947303772, 0.9727626442909241, 0.938715934753418, 0.8346303701400757, 0.8151751160621643, 0.9708171486854553, 0.9717898964881897, 0.905642032623291, 0.9902724027633667, 0.9990272521972656], [0.8162217736244202, 0.929158091545105, 0.9989733099937439, 0.9209445714950562, 0.6478439569473267, 0.7114989757537842, 0.8921971321105957, 0.8767967224121094, 0.8511293530464172, 0.8675564527511597], [0.8592665791511536, 0.7879087924957275, 0.7076312899589539, 0.9841427206993103, 0.9970267415046692, 0.9563924670219421, 0.8156590461730957, 0.6313181519508362, 0.4142715632915497, 0.7185332179069519]]",8.760982319712639,erm,resnet18_mnist,False,0.10834444314241409,0.99,3,completed,143.7324481010437,0.4142715632915497,outputs_final/resnet18_mnist/erm/N500/seed3
0.9990000128746033,0.8898666501045227,500,0.59579998254776,cuda,"[[1.0, 0.9846938848495483, 0.949999988079071, 0.968367338180542, 0.9877551198005676, 0.9418367147445679, 0.9744898080825806, 0.968367338180542, 0.9632652997970581, 0.9908163547515869], [0.9048458337783813, 0.8634361028671265, 0.9533039927482605, 0.9991189241409302, 1.0, 0.9982379078865051, 0.9383260011672974, 0.9621145129203796, 0.9374449253082275, 0.924229085445404], [0.9437984228134155, 0.5784883499145508, 0.8759689927101135, 0.9486433863639832, 0.8924418687820435, 0.9195736646652222, 0.6763566136360168, 0.8585271239280701, 0.8943798542022705, 1.0], [0.9376237392425537, 0.8425742387771606, 0.9594059586524963, 0.8782178163528442, 0.8881188035011292, 0.9544554352760315, 1.0, 0.999009907245636, 0.9514851570129395, 0.8613861203193665], [0.8645620942115784, 0.8217922449111938, 0.9226069450378418, 0.9470468163490295, 0.8798370957374573, 0.6191446185112, 0.9898167252540588, 0.9969450235366821, 0.9531568288803101, 0.8503054976463318], [0.7387892603874207, 0.5067264437675476, 0.9686098694801331, 1.0, 0.9988788962364197, 0.8396860957145691, 0.7679372429847717, 0.8834080696105957, 0.9204035997390747, 0.8273542523384094], [0.736952006816864, 0.8058454990386963, 0.9937369227409363, 0.9582463502883911, 0.9373695254325867, 0.9488517642021179, 0.9603340029716492, 0.9551148414611816, 0.9478079080581665, 0.8225469589233398], [0.9134241342544556, 0.8803501725196838, 0.9649805426597595, 0.929961085319519, 0.8638132214546204, 0.6955252885818481, 0.8035019636154175, 0.9562256932258606, 1.0, 0.9182879328727722], [0.978439450263977, 0.9989733099937439, 0.9979466199874878, 0.8603696227073669, 0.8983572721481323, 0.7176591157913208, 0.8193018436431885, 0.9394250512123108, 0.9322382211685181, 0.8593429327011108], [0.8761149644851685, 0.7938553094863892, 0.9306243658065796, 0.901883065700531, 0.9772051572799683, 1.0, 0.9316154718399048, 0.4995044469833374, 0.792864203453064, 0.9177403450012207]]",8.92384572327137,erm,resnet18_mnist,False,0.10970000177621841,0.99,4,completed,116.2050800472498,0.4995044469833374,outputs_final/resnet18_mnist/erm/N500/seed4
0.9973000288009644,0.9728222489356995,5000,0.9090999960899353,cuda,"[[0.9897959232330322, 0.9918367266654968, 0.9989795684814453, 1.0, 1.0, 0.9989795684814453, 0.9969387650489807, 0.9969387650489807, 0.9887754917144775, 0.9887754917144775], [0.9947136640548706, 0.9982379078865051, 0.9955947399139404, 0.9850220084190369, 0.9779735803604126, 0.9726872444152832, 0.9559471607208252, 0.9779735803604126, 0.9770925045013428, 0.9894273281097412], [0.9554263353347778, 0.9844961166381836, 0.9941860437393188, 0.9864341020584106, 0.9767441749572754, 0.9806201457977295, 0.9941860437393188, 0.998062014579773, 0.9563953280448914, 0.9224806427955627], [0.9702970385551453, 0.9831683039665222, 0.986138641834259, 0.996039628982544, 0.998019814491272, 0.999009907245636, 0.997029721736908, 0.9851484894752502, 0.9574257135391235, 0.9475247263908386], [0.9796333909034729, 0.9663951396942139, 0.9745417237281799, 0.994908332824707, 0.994908332824707, 0.9725050926208496, 0.8655804395675659, 0.9602851271629333, 0.9796333909034729, 0.9867616891860962], [0.9943946003913879, 0.9831838607788086, 0.9775784611701965, 0.9809417128562927, 0.9820627570152283, 0.9786995649337769, 0.9730941653251648, 0.9921524524688721, 0.9955157041549683, 0.9966367483139038], [0.9958246350288391, 0.9937369227409363, 0.9885177612304688, 0.9832985401153564, 0.9759916663169861, 0.968684732913971, 0.9572024941444397, 0.9885177612304688, 0.9885177612304688, 0.9916492700576782], [0.9970816969871521, 0.9902724027633667, 0.9805447459220886, 0.9795719981193542, 0.9863813519477844, 0.9766536951065063, 0.9542801380157471, 0.9892995953559875, 0.9980545043945312, 1.0], [0.9691991806030273, 0.9825462102890015, 0.9897330403327942, 0.9866529703140259, 0.9804928302764893, 0.9948665499687195, 0.9989733099937439, 0.9866529703140259, 0.9486653208732605, 0.9496920108795166], [0.9712586998939514, 0.9881070256233215, 0.993062436580658, 0.9821605682373047, 0.9405351877212524, 0.8562933802604675, 0.6788899898529053, 0.9127849340438843, 0.9365708827972412, 0.9316154718399048]]",8.889384329319,erm,resnet18_mnist,True,0.025022221729159355,0.9,0,completed,145.0907847136259,0.6788899898529053,outputs_final/resnet18_mnist/erm/N5000/seed0
0.9941999912261963,0.9601222276687622,5000,0.8928999900817871,cuda,"[[0.9795918464660645, 0.9806122183799744, 0.9897959232330322, 0.9938775300979614, 0.9979591965675354, 0.9979591965675354, 0.9969387650489807, 0.9938775300979614, 0.9897959232330322, 0.9918367266654968], [0.9947136640548706, 0.9920704960823059, 0.9938325881958008, 0.9955947399139404, 0.9982379078865051, 1.0, 1.0, 1.0, 0.9964757561683655, 0.9955947399139404], [0.9941860437393188, 0.9970930218696594, 0.9941860437393188, 0.9728682041168213, 0.9777131676673889, 0.9777131676673889, 0.9670542478561401, 0.9748061895370483, 0.9951550364494324, 0.9941860437393188], [0.9534653425216675, 0.9663366079330444, 0.9891089200973511, 0.9831683039665222, 0.9574257135391235, 0.9495049715042114, 0.9465346336364746, 0.9297029972076416, 0.906930685043335, 0.9475247263908386], [1.0, 1.0, 0.9979633688926697, 0.9775967597961426, 0.9633401036262512, 0.9745417237281799, 0.981670081615448, 0.9877800345420837, 0.9867616891860962, 0.9979633688926697], [0.9304932951927185, 0.9136771559715271, 0.9607623219490051, 0.9798206090927124, 0.976457417011261, 0.9573991298675537, 0.9417040348052979, 0.9686098694801331, 0.9932735562324524, 0.9798206090927124], [0.9634655714035034, 0.9498956203460693, 0.9739039540290833, 0.9853861927986145, 0.9864300489425659, 0.9843423962593079, 0.9634655714035034, 0.9665970802307129, 0.9874739050865173, 0.9895615577697754], [0.9231517314910889, 0.9348248839378357, 0.9892995953559875, 0.994163453578949, 0.9922178983688354, 0.975680947303772, 0.9406614899635315, 0.9270427823066711, 0.9591439962387085, 0.9533073902130127], [0.9127309918403625, 0.9086242318153381, 0.9096509218215942, 0.9096509218215942, 0.9425051212310791, 0.9712525606155396, 0.9825462102890015, 0.9917864203453064, 0.975359320640564, 0.9363449811935425], [0.6590684056282043, 0.7631317973136902, 0.9187313914299011, 0.9742318987846375, 0.9881070256233215, 0.9881070256233215, 0.9405351877212524, 0.8780971169471741, 0.8899900913238525, 0.8136768937110901]]",9.137530148029327,erm,resnet18_mnist,True,0.0357000008225441,0.9,1,completed,150.92981560528278,0.6590684056282043,outputs_final/resnet18_mnist/erm/N5000/seed1
0.9980999827384949,0.9781555533409119,5000,0.9362000226974487,cuda,"[[0.9918367266654968, 0.9918367266654968, 0.9928571581840515, 0.9948979616165161, 0.9908163547515869, 0.9887754917144775, 0.9836734533309937, 0.9989795684814453, 0.9989795684814453, 0.9979591965675354], [0.9885462522506714, 0.9885462522506714, 0.9674009084701538, 0.9894273281097412, 0.9885462522506714, 0.9841409921646118, 0.992951512336731, 1.0, 0.9973568320274353, 0.9947136640548706], [0.9970930218696594, 1.0, 0.9844961166381836, 0.9602712988853455, 0.9360465407371521, 0.9593023061752319, 0.9777131676673889, 0.9670542478561401, 0.9476743936538696, 0.9689922332763672], [0.9663366079330444, 0.9633663296699524, 0.9366336464881897, 0.9346534609794617, 0.9920791983604431, 0.999009907245636, 0.998019814491272, 0.9900990128517151, 0.9712871313095093, 0.9514851570129395], [0.9918533563613892, 0.9908350110054016, 0.9694501161575317, 0.9714867472648621, 0.9887983798980713, 0.9989816546440125, 1.0, 0.9989816546440125, 0.994908332824707, 0.994908332824707], [0.9955157041549683, 0.9932735562324524, 0.9854260087013245, 0.9843049049377441, 0.9843049049377441, 0.9596412777900696, 0.9742152690887451, 0.9809417128562927, 0.9943946003913879, 0.9977578520774841], [0.9926931262016296, 0.9895615577697754, 0.962421715259552, 0.9665970802307129, 0.9739039540290833, 0.9812108278274536, 0.9739039540290833, 0.962421715259552, 0.9488517642021179, 0.968684732913971], [0.9854085445404053, 0.9776264429092407, 0.9844357967376709, 0.9951362013816833, 0.9990272521972656, 0.9951362013816833, 0.9883268475532532, 0.9892995953559875, 0.9912451505661011, 0.9902724027633667], [0.9712525606155396, 0.9897330403327942, 0.9969199299812317, 0.9845995903015137, 0.953798770904541, 0.9558521509170532, 0.977412760257721, 0.9794661402702332, 0.9794661402702332, 0.9640657305717468], [0.9603567719459534, 0.9752230048179626, 0.9950445890426636, 0.9960356950759888, 0.9781962633132935, 0.9464816451072693, 0.9276511669158936, 0.9653121829032898, 0.969276487827301, 0.9544103145599365]]",8.792770072817802,erm,resnet18_mnist,True,0.02024444378912449,0.9,2,completed,150.06278800964355,0.9276511669158936,outputs_final/resnet18_mnist/erm/N5000/seed2
0.9979000091552734,0.9747666716575623,5000,0.9275000095367432,cuda,"[[0.9867346882820129, 0.9806122183799744, 0.9785714149475098, 0.968367338180542, 0.972449004650116, 0.9908163547515869, 0.9959183931350708, 0.9928571581840515, 0.9887754917144775, 0.9887754917144775], [0.9991189241409302, 0.9955947399139404, 0.976211428642273, 0.9779735803604126, 0.9850220084190369, 0.9841409921646118, 0.9903083443641663, 0.9867841601371765, 0.9885462522506714, 0.9964757561683655], [0.9699612259864807, 0.9709302186965942, 0.9883720874786377, 0.9990310072898865, 0.998062014579773, 0.9932170510292053, 0.9748061895370483, 0.9689922332763672, 0.9844961166381836, 0.9806201457977295], [0.9831683039665222, 0.9782178401947021, 0.9811881184577942, 0.9732673168182373, 0.9514851570129395, 0.9386138319969177, 0.9910891056060791, 1.0, 0.998019814491272, 0.9940593838691711], [0.9490835070610046, 0.9338085651397705, 0.9297352433204651, 0.8584521412849426, 0.7892057299613953, 0.8645620942115784, 0.9714867472648621, 0.994908332824707, 0.9979633688926697, 0.9867616891860962], [0.9932735562324524, 0.9899103045463562, 0.9876681566238403, 0.9887892603874207, 0.9966367483139038, 0.9977578520774841, 0.9921524524688721, 0.9786995649337769, 0.9786995649337769, 0.9854260087013245], [0.9947807788848877, 0.9958246350288391, 0.9958246350288391, 0.9874739050865173, 0.9645093679428101, 0.9269310832023621, 0.9676409363746643, 0.982254683971405, 0.9843423962593079, 0.9906054139137268], [0.9931906461715698, 0.9854085445404053, 0.9688715934753418, 0.9319066405296326, 0.9192606806755066, 0.9552529454231262, 0.9785992503166199, 0.9844357967376709, 0.9922178983688354, 0.9961089491844177], [0.9897330403327942, 0.9948665499687195, 1.0, 0.9969199299812317, 0.9835729002952576, 0.9640657305717468, 0.9815195202827454, 0.9856262803077698, 0.9887063503265381, 0.9887063503265381], [0.9821605682373047, 0.9831516146659851, 0.9900891780853271, 0.9980178475379944, 0.9970267415046692, 0.9831516146659851, 0.9752230048179626, 0.9643211364746094, 0.9722497463226318, 0.9801784157752991]]",8.816700160503387,erm,resnet18_mnist,True,0.02356666699051857,0.9,3,completed,139.2248906493187,0.7892057299613953,outputs_final/resnet18_mnist/erm/N5000/seed3
0.9958999752998352,0.9736444354057312,5000,0.9228000044822693,cuda,"[[0.9918367266654968, 0.9938775300979614, 0.9469387531280518, 0.9326530694961548, 0.9591836929321289, 0.9581632614135742, 0.972449004650116, 0.9714285731315613, 0.9785714149475098, 0.9744898080825806], [0.9629955887794495, 0.9488986730575562, 0.9180616736412048, 0.9674009084701538, 0.9885462522506714, 0.9885462522506714, 0.983259916305542, 0.9823788404464722, 0.9841409921646118, 0.9577092528343201], [0.9990310072898865, 0.9932170510292053, 0.9864341020584106, 0.9864341020584106, 0.9903100728988647, 0.9912790656089783, 0.9941860437393188, 0.9825581312179565, 0.9922480583190918, 1.0], [0.9772277474403381, 0.986138641834259, 0.9633663296699524, 0.9168316721916199, 0.9574257135391235, 0.9910891056060791, 0.999009907245636, 0.9950494766235352, 0.9772277474403381, 0.9653465151786804], [0.9847250580787659, 0.9887983798980713, 0.9857434034347534, 0.9826883673667908, 0.9531568288803101, 0.9205702543258667, 0.9877800345420837, 0.9979633688926697, 0.9938900470733643, 0.9786150455474854], [0.9910314083099365, 0.9921524524688721, 0.9988788962364197, 0.9988788962364197, 0.9988788962364197, 0.9887892603874207, 0.9865471124649048, 0.9899103045463562, 0.9876681566238403, 0.9899103045463562], [0.9853861927986145, 0.9916492700576782, 0.9968684911727905, 0.9937369227409363, 0.9853861927986145, 0.9864300489425659, 0.980167031288147, 0.9759916663169861, 0.980167031288147, 0.9791231751441956], [0.9698443412780762, 0.9873540997505188, 0.9873540997505188, 0.9844357967376709, 0.9737353920936584, 0.9659532904624939, 0.9912451505661011, 0.9970816969871521, 0.9980545043945312, 0.9737353920936584], [0.975359320640564, 0.9928131699562073, 0.9815195202827454, 0.9312114715576172, 0.907597541809082, 0.8983572721481323, 0.9558521509170532, 0.9496920108795166, 0.9476386308670044, 0.9096509218215942], [0.9762140512466431, 0.9772051572799683, 0.9672943353652954, 0.9702675938606262, 0.9910802841186523, 0.9960356950759888, 0.9881070256233215, 0.9554013609886169, 0.9702675938606262, 0.9752230048179626]]",8.696051269769669,erm,resnet18_mnist,True,0.02329999953508377,0.9,4,completed,137.98785303533077,0.8983572721481323,outputs_final/resnet18_mnist/erm/N5000/seed4
1.0,0.03711111098527908,0,0.0,cuda,"[[0.0, 0.0, 0.0, 0.0010204081190750003, 1.0, 0.9571428298950195, 0.0, 0.0, 0.0, 0.0], [0.09251101315021515, 1.0, 0.008810572326183319, 0.0, 0.0, 0.0, 0.0, 0.0, 0.0, 0.0], [0.0, 0.0, 0.0, 0.0, 0.0, 0.0, 0.06201550364494324, 1.0, 0.0833333358168602, 0.0], [0.0, 0.0, 0.0, 0.0, 0.9782178401947021, 1.0, 0.0009900990407913923, 0.0, 0.0, 0.0], [0.0, 0.0, 0.0, 1.0, 0.1252545863389969, 0.0, 0.0, 0.0, 0.0, 0.0], [0.2959641218185425, 0.0, 0.0, 0.0, 0.0, 0.0, 0.0, 0.0, 0.10538116842508316, 1.0], [1.0, 0.5887265205383301, 0.0, 0.0, 0.0, 0.0, 0.0, 0.0, 0.0, 0.001043841359205544], [0.0, 0.0, 0.0, 0.0, 0.0, 0.0, 0.0, 0.0077821011655032635, 1.0, 0.0], [0.0, 0.0, 0.0, 0.0, 0.0, 0.0010266940807923675, 1.0, 0.0, 0.0, 0.0], [0.0, 0.09117938578128815, 1.0, 0.0, 0.0, 0.0, 0.0, 0.0, 0.0, 0.0]]",7.909431204199791,groupdro,resnet18_mnist,False,0.9628888964653015,1.0,0,completed,142.53321880102158,0.0,outputs_final/resnet18_mnist/groupdro/N0/seed0
1.0,0.0071222223341465,0,0.0,cuda,"[[0.0, 0.0, 0.0, 0.0, 0.0, 1.0, 0.0, 0.0, 0.0, 0.0], [0.0, 0.0, 0.0, 0.0, 0.0, 0.5471365451812744, 1.0, 0.015859030187129974, 0.0, 0.0], [0.0, 1.0, 0.0, 0.0, 0.0, 0.0, 0.0, 0.0, 0.0, 0.0], [0.0, 0.0, 1.0, 0.0, 0.0, 0.0, 0.0, 0.0, 0.0, 0.0], [1.0, 0.0, 0.0, 0.0, 0.0, 0.0, 0.0, 0.0, 0.0, 0.0], [0.0, 0.0, 0.0, 0.0, 0.0, 0.0, 0.0, 0.0, 1.0, 0.0], [0.0, 0.0, 0.0, 0.0, 0.0, 0.0, 0.0, 0.0, 0.0, 1.0], [0.0, 0.0, 0.0, 1.0, 0.0, 0.0, 0.0, 0.0, 0.0, 0.0], [0.0, 0.0, 0.0, 0.0, 0.0, 0.0, 0.0, 1.0, 0.0, 0.0], [0.0, 0.0, 0.0, 0.0, 1.0, 0.001982160611078143, 0.0, 0.0, 0.0, 0.0]]",8.857464119791985,groupdro,resnet18_mnist,False,0.9928777813911438,1.0,1,completed,154.52133609354496,0.0,outputs_final/resnet18_mnist/groupdro/N0/seed1
1.0,0.022366667166352272,0,0.0,cuda,"[[0.0, 0.0, 0.0, 0.0, 0.0, 0.0, 0.0, 0.0020408162381500006, 1.0, 0.34489795565605164], [0.012334802187979221, 0.0, 0.0, 0.0, 0.0, 0.0, 0.0, 1.0, 0.337444931268692, 0.059030838310718536], [0.0038759689778089523, 1.0, 0.011627906933426857, 0.0, 0.0, 0.0, 0.0, 0.0, 0.0, 0.0], [0.0, 0.0, 0.0, 0.0, 0.0, 1.0, 0.02673267386853695, 0.0, 0.0, 0.0], [0.0, 0.0, 0.0, 0.0, 0.0, 0.10488798469305038, 1.0, 0.0, 0.0, 0.0], [0.17600896954536438, 0.0, 0.0, 0.0011210762895643711, 0.0, 0.0, 0.0, 0.04260089620947838, 0.902466356754303, 1.0], [1.0, 0.0, 0.0, 0.0, 0.0, 0.0, 0.0, 0.0, 0.0, 0.0], [0.0, 0.0, 0.0, 0.06031128391623497, 1.0, 0.0, 0.0, 0.0, 0.0, 0.0], [0.0, 0.0, 1.0, 0.0, 0.0, 0.0, 0.0, 0.0, 0.0, 0.0], [0.0, 0.0, 0.0, 1.0, 0.0, 0.0, 0.0, 0.0, 0.0, 0.0]]",8.923000410199165,groupdro,resnet18_mnist,False,0.9776333570480347,1.0,2,completed,145.56580013036728,0.0,outputs_final/resnet18_mnist/groupdro/N0/seed2
1.0,0.056299999356269836,0,0.0,cuda,"[[0.0, 0.0, 0.0, 0.0, 0.0, 0.0, 1.0, 0.0, 0.0, 0.0], [1.0, 0.8933920860290527, 0.0026431716978549957, 0.0, 0.0, 0.0026431716978549957, 0.0, 0.0, 0.0, 0.541850209236145], [0.0, 0.0, 0.10465116053819656, 1.0, 0.03100775182247162, 0.0, 0.0, 0.0, 0.0, 0.0], [0.0, 0.0, 0.0, 0.0, 0.0, 0.0, 0.010891089215874672, 1.0, 0.5099009871482849, 0.0], [0.0, 0.0, 0.0, 0.0, 0.0, 0.0, 0.0, 0.7942973375320435, 1.0, 0.3299388885498047], [0.0, 0.0, 0.0, 0.0011210762895643711, 0.010089686140418053, 1.0, 0.0011210762895643711, 0.0, 0.0, 0.0], [0.3580375909805298, 1.0, 0.2693110704421997, 0.0, 0.0, 0.0, 0.0, 0.0, 0.0, 0.00626304792240262], [0.46400779485702515, 0.0875486359000206, 0.0, 0.0, 0.0, 0.0, 0.0, 0.0, 0.29863813519477844, 1.0], [0.0, 0.03285421058535576, 1.0, 0.0, 0.0, 0.0, 0.0, 0.0, 0.0, 0.0], [0.0, 0.0, 0.0, 0.1337958425283432, 1.0, 0.002973240800201893, 0.0, 0.0, 0.0, 0.0]]",8.721719413995743,groupdro,resnet18_mnist,False,0.9437000155448914,1.0,3,completed,164.5967058390379,0.0,outputs_final/resnet18_mnist/groupdro/N0/seed3
1.0,0.024622222408652306,0,0.0,cuda,"[[1.0, 0.0, 0.0, 0.0, 0.0, 0.0, 0.0, 0.0, 0.0, 0.0], [0.0, 0.0, 0.0, 0.11013215780258179, 1.0, 0.43524229526519775, 0.0, 0.0, 0.0, 0.0], [0.0009689922444522381, 0.0, 0.0, 0.0, 0.0, 0.0, 0.0, 0.0, 0.0, 1.0], [0.0, 0.0, 0.0, 0.0, 0.0, 0.006930693052709103, 1.0, 0.20099009573459625, 0.0, 0.0], [0.0, 0.0, 0.0, 0.0, 0.0, 0.0, 0.5020366311073303, 1.0, 0.0, 0.0], [0.0, 0.0, 0.005605380982160568, 1.0, 0.4428251087665558, 0.0, 0.0, 0.0, 0.0, 0.0], [0.0, 0.0, 1.0, 0.0, 0.0, 0.0, 0.0, 0.0, 0.0, 0.0], [0.0, 0.0, 0.0, 0.0, 0.0, 0.0, 0.0, 0.015564202331006527, 1.0, 0.0009727626456879079], [0.0, 1.0, 0.0, 0.0, 0.0, 0.0, 0.0, 0.0, 0.0, 0.0], [0.0, 0.0, 0.0, 0.0, 0.47076311707496643, 1.0, 0.0009910803055390716, 0.0, 0.0, 0.0]]",8.738678365945816,groupdro,resnet18_mnist,False,0.9753777980804443,1.0,4,completed,150.05763348937035,0.0,outputs_final/resnet18_mnist/groupdro/N0/seed4
0.9994000196456909,0.7666555643081665,100,0.40689998865127563,cuda,"[[0.7612245082855225, 0.8510203957557678, 0.9336734414100647, 0.9989795684814453, 0.9989795684814453, 0.9969387650489807, 0.9255102276802063, 0.7561224699020386, 0.890816330909729, 0.8438775539398193], [0.9938325881958008, 1.0, 0.9982379078865051, 0.949779748916626, 0.8766520023345947, 0.8757709264755249, 0.783259928226471, 0.8722466826438904, 0.857268750667572, 0.9383260011672974], [0.8207364082336426, 0.6143410801887512, 0.5717054009437561, 0.7829457521438599, 0.6986433863639832, 0.6744186282157898, 0.9689922332763672, 1.0, 0.9544573426246643, 0.8468992114067078], [0.5881187915802002, 0.6000000238418579, 0.6831682920455933, 0.9603960514068604, 0.998019814491272, 1.0, 0.9663366079330444, 0.6762376427650452, 0.48712870478630066, 0.48712870478630066], [0.7892057299613953, 0.5804480910301208, 0.8482688665390015, 1.0, 0.9969450235366821, 0.9786150455474854, 0.8340122103691101, 0.823828935623169, 0.8268839120864868, 0.8778004050254822], [0.9910314083099365, 0.9327354431152344, 0.7533632516860962, 0.8396860957145691, 0.7320627570152283, 0.6143497824668884, 0.7343049049377441, 0.9865471124649048, 0.9988788962364197, 0.9988788962364197], [0.9968684911727905, 0.9947807788848877, 0.944676399230957, 0.705636739730835, 0.7286012768745422, 0.7526096105575562, 0.6649269461631775, 0.8893527984619141, 0.9112734794616699, 0.9832985401153564], [0.9854085445404053, 0.7363813519477844, 0.4221789836883545, 0.48249027132987976, 0.42704281210899353, 0.49221789836883545, 0.7334630489349365, 0.9649805426597595, 1.0, 0.9990272521972656], [0.47843942046165466, 0.2792607843875885, 0.30082136392593384, 0.6190965175628662, 0.6365503072738647, 0.9147843718528748, 1.0, 0.8921971321105957, 0.41170430183410645, 0.395277202129364], [0.966303288936615, 0.9960356950759888, 0.9990088939666748, 0.7264618277549744, 0.19226957857608795, 0.2854311168193817, 0.3865213096141815, 0.739345908164978, 0.4836471676826477, 0.803766131401062]]",7.806245982646942,groupdro,resnet18_mnist,False,0.23319999873638153,0.998,0,completed,131.09753414988518,0.19226957857608795,outputs_final/resnet18_mnist/groupdro/N100/seed0
0.9994000196456909,0.6441666483879089,100,0.1931000053882599,cuda,"[[0.8183673620223999, 0.5234693884849548, 0.6989796161651611, 0.800000011920929, 0.9938775300979614, 1.0, 0.9969387650489807, 0.40918368101119995, 0.468367338180542, 0.6530612111091614], [0.9797356724739075, 0.9709250926971436, 0.9427312612533569, 0.9251101613044739, 0.9841409921646118, 0.9964757561683655, 1.0, 0.8651982545852661, 0.8660792708396912, 0.9480175971984863], [0.9922480583190918, 1.0, 0.7965116500854492, 0.3488371968269348, 0.3982558250427246, 0.5, 0.6191860437393188, 0.28585270047187805, 0.33139535784721375, 0.8672480583190918], [0.8613861203193665, 0.9722772240638733, 1.0, 0.9792079329490662, 0.4752475321292877, 0.34158414602279663, 0.7564356327056885, 0.5386138558387756, 0.19900989532470703, 0.3683168292045593], [1.0, 0.9847250580787659, 0.7739307284355164, 0.4480651617050171, 0.46028512716293335, 0.5936863422393799, 0.6751527786254883, 0.39002037048339844, 0.7627291083335876, 0.9653767943382263], [0.8318385481834412, 0.46188339591026306, 0.21076233685016632, 0.4607623219490051, 0.34865471720695496, 0.32847532629966736, 0.6939461827278137, 0.8822869658470154, 1.0, 0.9786995649337769], [0.8914405107498169, 0.5594989657402039, 0.5845511555671692, 0.7348642945289612, 0.7077244520187378, 0.5709812045097351, 0.7286012768745422, 0.1513569951057434, 0.6638830900192261, 0.9968684911727905], [0.7762646079063416, 0.6643968820571899, 0.8949416279792786, 0.9990272521972656, 0.8647859692573547, 0.4377431869506836, 0.570038914680481, 0.5097275972366333, 0.7548637986183167, 0.9163424372673035], [0.4958932101726532, 0.46098563075065613, 0.3305954933166504, 0.4969199299812317, 0.11704312264919281, 0.22895276546478271, 0.9640657305717468, 1.0, 0.907597541809082, 0.5287474393844604], [0.11892963200807571, 0.2884043753147125, 0.2784935534000397, 0.8969276547431946, 0.9980178475379944, 0.993062436580658, 0.9435084462165833, 0.23686818778514862, 0.24578790366649628, 0.30525273084640503]]",8.894729495048523,groupdro,resnet18_mnist,False,0.3555999994277954,0.998,1,completed,161.46703332662582,0.11704312264919281,outputs_final/resnet18_mnist/groupdro/N100/seed1
0.9997000098228455,0.7171333432197571,100,0.24940000474452972,cuda,"[[0.9285714030265808, 0.6438775658607483, 0.41122448444366455, 0.27142858505249023, 0.6744897961616516, 0.831632673740387, 0.981632649898529, 1.0, 1.0, 0.9979591965675354], [0.9629955887794495, 0.7524229288101196, 0.6466960310935974, 0.5198237895965576, 0.532158613204956, 0.674889862537384, 0.9647576808929443, 1.0, 1.0, 0.9955947399139404], [0.9932170510292053, 1.0, 0.9457364082336426, 0.6724806427955627, 0.4689922332763672, 0.32073643803596497, 0.4544573724269867, 0.4544573724269867, 0.6744186282157898, 0.9021317958831787], [0.6633663177490234, 0.6089109182357788, 0.5504950284957886, 0.3405940532684326, 0.9237623810768127, 1.0, 0.9930692911148071, 0.9336633682250977, 0.8267326951026917, 0.5801980495452881], [0.8981670141220093, 0.657841145992279, 0.28105905652046204, 0.24236252903938293, 0.7423624992370605, 0.9989816546440125, 1.0, 0.9887983798980713, 0.9643584489822388, 0.9480651617050171], [0.9887892603874207, 0.8262332081794739, 0.4360986649990082, 0.32847532629966736, 0.8139013648033142, 0.591928243637085, 0.9013453125953674, 0.9798206090927124, 0.9966367483139038, 0.9988788962364197], [0.9989561438560486, 0.9874739050865173, 0.7150313258171082, 0.8601252436637878, 0.8924843668937683, 0.5762004256248474, 0.6638830900192261, 0.8402922749519348, 0.8736951947212219, 0.9467641115188599], [0.8998054265975952, 0.6663424372673035, 0.7402724027633667, 0.9075875282287598, 0.9990272521972656, 0.9270427823066711, 0.698443591594696, 0.7538910508155823, 0.8929961323738098, 0.9182879328727722], [0.5195071697235107, 0.872689962387085, 1.0, 0.8788501024246216, 0.47433266043663025, 0.10369610041379929, 0.4486652910709381, 0.42813143134117126, 0.4435318410396576, 0.29158109426498413], [0.8582755327224731, 0.7522299289703369, 0.9306243658065796, 1.0, 0.8582755327224731, 0.24777007102966309, 0.10901883244514465, 0.4162537157535553, 0.6897918581962585, 0.735381543636322]]",9.25415013730526,groupdro,resnet18_mnist,False,0.2827777862548828,0.998,2,completed,162.2097993940115,0.10369610041379929,outputs_final/resnet18_mnist/groupdro/N100/seed2
0.9995999932289124,0.7115888595581055,100,0.30869999527931213,cuda,"[[0.5612244606018066, 0.5234693884849548, 0.5530612468719482, 0.3285714387893677, 0.4642857015132904, 0.9908163547515869, 1.0, 0.9979591965675354, 0.8959183692932129, 0.5938775539398193], [1.0, 0.9920704960823059, 0.9013215899467468, 0.8933920860290527, 0.8590308427810669, 0.9224669337272644, 0.8977973461151123, 0.8555065989494324, 0.9215859174728394, 0.9964757561683655], [0.5523256063461304, 0.8226743936538696, 0.9709302186965942, 1.0, 0.9970930218696594, 0.9263566136360168, 0.7538759708404541, 0.4437984526157379, 0.6259689927101135, 0.43023255467414856], [0.42475247383117676, 0.60792076587677, 0.7089108824729919, 0.513861358165741, 0.6128712892532349, 0.6198019981384277, 0.9891089200973511, 1.0, 0.9900990128517151, 0.711881160736084], [0.9226069450378418, 0.8716904520988464, 0.7158859372138977, 0.3523421585559845, 0.3004073202610016, 0.7830957174301147, 0.9725050926208496, 0.9989816546440125, 1.0, 0.9938900470733643], [0.8307175040245056, 0.8452914953231812, 0.6995515823364258, 0.773542582988739, 0.9585201740264893, 0.9988788962364197, 0.9876681566238403, 0.5392376780509949, 0.5190582871437073, 0.804932713508606], [0.9906054139137268, 0.9989561438560486, 0.9676409363746643, 0.6972860097885132, 0.719206690788269, 0.6022964715957642, 0.49373695254325867, 0.6075156331062317, 0.6482254862785339, 0.9258872866630554], [0.9795719981193542, 0.9105058312416077, 0.8531128168106079, 0.5389105081558228, 0.4630350172519684, 0.731517493724823, 0.6673151850700378, 0.6303501725196838, 0.9892995953559875, 0.9990272521972656], [0.6591376066207886, 0.9476386308670044, 1.0, 0.9096509218215942, 0.5852156281471252, 0.3439424932003021, 0.4394250512123108, 0.31724846363067627, 0.3398357331752777, 0.4958932101726532], [0.29236868023872375, 0.6660059690475464, 0.799801766872406, 0.9871159791946411, 0.9990088939666748, 0.9425173401832581, 0.7403369545936584, 0.12884043157100677, 0.04162537306547165, 0.05946481600403786]]",8.9123145788908,groupdro,resnet18_mnist,False,0.28814443945884705,0.998,3,completed,153.42404194176197,0.04162537306547165,outputs_final/resnet18_mnist/groupdro/N100/seed3
1.0,0.6982555389404297,100,0.25429999828338623,cuda,"[[1.0, 0.9336734414100647, 0.43673470616340637, 0.5255101919174194, 0.6510204076766968, 0.6224489808082581, 0.5867347121238708, 0.30510205030441284, 0.7714285850524902, 0.9663265347480774], [0.9409691691398621, 0.8555065989494324, 0.9612334966659546, 1.0, 1.0, 0.9955947399139404, 0.9022026658058167, 0.8070484399795532, 0.9022026658058167, 0.9418502449989319], [0.961240291595459, 0.4554263651371002, 0.6676356792449951, 0.6540697813034058, 0.48255813121795654, 0.48643410205841064, 0.20736433565616608, 0.42248061299324036, 0.875, 1.0], [0.695049524307251, 0.6643564105033875, 0.7148514986038208, 0.6237623691558838, 0.7653465270996094, 0.9524752497673035, 1.0, 0.997029721736908, 0.8128712773323059, 0.4297029674053192], [0.8034623265266418, 0.7158859372138977, 0.7922607064247131, 0.7922607064247131, 0.4633401334285736, 0.39918532967567444, 0.9908350110054016, 1.0, 0.9674134254455566, 0.795315682888031], [0.5168161392211914, 0.4473094046115875, 0.9730941653251648, 1.0, 0.9955157041549683, 0.847533643245697, 0.42825111746788025, 0.5930493474006653, 0.9204035997390747, 0.6973094344139099], [0.5803757905960083, 0.9206680655479431, 1.0, 0.9540709853172302, 0.8016701340675354, 0.8444676399230957, 0.8058454990386963, 0.5636743307113647, 0.8361169099807739, 0.6419624090194702], [0.8394941687583923, 0.8365758657455444, 0.9192606806755066, 0.8463035225868225, 0.5165369510650635, 0.3589494228363037, 0.6031128168106079, 0.8861867785453796, 1.0, 0.905642032623291], [0.9609856009483337, 1.0, 0.9507187008857727, 0.4466119110584259, 0.18480493128299713, 0.12525667250156403, 0.15708418190479279, 0.36550307273864746, 0.650924026966095, 0.3911704421043396], [0.8166501522064209, 0.4658077359199524, 0.6650148630142212, 0.9197224974632263, 0.9811694622039795, 1.0, 0.732408344745636, 0.018830524757504463, 0.24083250761032104, 0.735381543636322]]",8.353482156991959,groupdro,resnet18_mnist,False,0.3017444312572479,0.998,4,completed,157.52012072503567,0.018830524757504463,outputs_final/resnet18_mnist/groupdro/N100/seed4
0.9984999895095825,0.9667111039161682,1000,0.8955000042915344,cuda,"[[0.9846938848495483, 0.9867346882820129, 0.9938775300979614, 0.9989795684814453, 0.9979591965675354, 0.9969387650489807, 0.9806122183799744, 0.972449004650116, 0.981632649898529, 0.9836734533309937], [0.9982379078865051, 1.0, 1.0, 0.9947136640548706, 0.983259916305542, 0.9850220084190369, 0.9700440764427185, 0.9841409921646118, 0.983259916305542, 0.9903083443641663], [0.9825581312179565, 0.981589138507843, 0.9767441749572754, 0.9660852551460266, 0.9622092843055725, 0.9767441749572754, 0.9932170510292053, 0.9990310072898865, 0.9844961166381836, 0.9709302186965942], [0.9613861441612244, 0.9742574095726013, 0.9831683039665222, 0.997029721736908, 0.999009907245636, 1.0, 0.9930692911148071, 0.9772277474403381, 0.9396039843559265, 0.9257425665855408], [0.9704684615135193, 0.9164969325065613, 0.9704684615135193, 0.9989816546440125, 1.0, 0.9969450235366821, 0.9663951396942139, 0.9735234379768372, 0.9775967597961426, 0.9806517362594604], [0.9955157041549683, 0.9585201740264893, 0.939461886882782, 0.9708520174026489, 0.9686098694801331, 0.9585201740264893, 0.9338564872741699, 0.9854260087013245, 0.9977578520774841, 0.9977578520774841], [0.9958246350288391, 0.9958246350288391, 0.9864300489425659, 0.9592902064323425, 0.9415448904037476, 0.9582463502883911, 0.9603340029716492, 0.9843423962593079, 0.980167031288147, 0.9843423962593079], [0.9892995953559875, 0.9173151850700378, 0.8822957277297974, 0.9416342377662659, 0.9523346424102783, 0.9455252885818481, 0.9280155897140503, 0.9834630489349365, 0.9990272521972656, 1.0], [0.9394250512123108, 0.9404517412185669, 0.9199178814888, 0.9199178814888, 0.9137576818466187, 0.9835729002952576, 1.0, 0.9907597303390503, 0.9199178814888, 0.8911704421043396], [0.9881070256233215, 0.9960356950759888, 0.9960356950759888, 0.9781962633132935, 0.8800792694091797, 0.9435084462165833, 0.9326065182685852, 0.9494549036026001, 0.8989098072052002, 0.9306243658065796]]",9.362385526299477,groupdro,resnet18_mnist,True,0.03233333304524422,0.98,0,completed,156.65274068713188,0.8800792694091797,outputs_final/resnet18_mnist/groupdro/N1000/seed0
0.9980999827384949,0.9672999978065491,1000,0.906000018119812,cuda,"[[0.9765306115150452, 0.9806122183799744, 0.9877551198005676, 0.9959183931350708, 0.9989795684814453, 0.9989795684814453, 0.9969387650489807, 0.9857142567634583, 0.9714285731315613, 0.9785714149475098], [0.9797356724739075, 0.9788545966148376, 0.9718061685562134, 0.9859030842781067, 0.9964757561683655, 1.0, 1.0, 0.9938325881958008, 0.9903083443641663, 0.992951512336731], [0.998062014579773, 1.0, 0.9893410801887512, 0.9486433863639832, 0.944767415523529, 0.9534883499145508, 0.9379844665527344, 0.9273256063461304, 0.9689922332763672, 0.9961240291595459], [0.9673267602920532, 0.998019814491272, 1.0, 0.999009907245636, 0.987128734588623, 0.9623762369155884, 0.9613861441612244, 0.9633663296699524, 0.9455445408821106, 0.9455445408821106], [0.9979633688926697, 0.9989816546440125, 0.9592667818069458, 0.9032586812973022, 0.8961303234100342, 0.9317718744277954, 0.9490835070610046, 0.9480651617050171, 0.9684317708015442, 0.9959266781806946], [0.9742152690887451, 0.963004469871521, 0.9506726264953613, 0.9573991298675537, 0.9585201740264893, 0.9573991298675537, 0.9730941653251648, 0.9921524524688721, 0.9966367483139038, 0.9955157041549683], [0.9906054139137268, 0.9832985401153564, 0.9718163013458252, 0.9728600978851318, 0.9707724452018738, 0.9718163013458252, 0.968684732913971, 0.9634655714035034, 0.9728600978851318, 0.9947807788848877], [0.9357976913452148, 0.966926097869873, 0.994163453578949, 0.9961089491844177, 0.9912451505661011, 0.9785992503166199, 0.9678988456726074, 0.9747081995010376, 0.9824903011322021, 0.9649805426597595], [0.9455851912498474, 0.9548254609107971, 0.9117043018341064, 0.9271047115325928, 0.9209445714950562, 0.9599589109420776, 0.9938398599624634, 0.9989733099937439, 0.987679660320282, 0.9620122909545898], [0.8860257863998413, 0.9544103145599365, 0.9633300304412842, 0.9910802841186523, 0.9970267415046692, 0.9950445890426636, 0.966303288936615, 0.9217046499252319, 0.9157581925392151, 0.9246779084205627]]",8.546789541840553,groupdro,resnet18_mnist,True,0.031344443559646606,0.98,1,completed,151.22830325365067,0.8860257863998413,outputs_final/resnet18_mnist/groupdro/N1000/seed1
0.9987999796867371,0.9697889089584351,1000,0.902899980545044,cuda,"[[0.9775510430335999, 0.972449004650116, 0.9642857313156128, 0.9734693765640259, 0.9877551198005676, 0.9928571581840515, 0.9918367266654968, 1.0, 1.0, 0.9969387650489807], [0.9920704960823059, 0.9823788404464722, 0.9568281769752502, 0.9726872444152832, 0.9841409921646118, 0.9920704960823059, 0.9982379078865051, 1.0, 1.0, 0.9973568320274353], [0.9990310072898865, 1.0, 0.9941860437393188, 0.9738371968269348, 0.9282945990562439, 0.9602712988853455, 0.9825581312179565, 0.9689922332763672, 0.963178277015686, 0.9912790656089783], [0.9613861441612244, 0.9722772240638733, 0.9762375950813293, 0.9792079329490662, 0.997029721736908, 1.0, 1.0, 0.997029721736908, 0.9821782112121582, 0.9554455280303955], [0.9847250580787659, 0.9745417237281799, 0.891038715839386, 0.8543788194656372, 0.951120138168335, 0.9979633688926697, 0.9989816546440125, 0.994908332824707, 0.9867616891860962, 0.9847250580787659], [0.9955157041549683, 0.9719731211662292, 0.9304932951927185, 0.9349775910377502, 0.9618834257125854, 0.9473094344139099, 0.9652466177940369, 0.9809417128562927, 0.9977578520774841, 0.9977578520774841], [0.9958246350288391, 0.9958246350288391, 0.9665970802307129, 0.9759916663169861, 0.9812108278274536, 0.980167031288147, 0.9728600978851318, 0.9665970802307129, 0.9582463502883911, 0.9780793190002441], [0.9630350470542908, 0.9435797929763794, 0.9591439962387085, 0.9902724027633667, 0.9961089491844177, 0.9931906461715698, 0.9659532904624939, 0.9698443412780762, 0.9805447459220886, 0.9776264429092407], [0.9496920108795166, 0.9928131699562073, 1.0, 0.9845995903015137, 0.9455851912498474, 0.9507187008857727, 0.9630390405654907, 0.9342916011810303, 0.9260780215263367, 0.9219712615013123], [0.9504460096359253, 0.9762140512466431, 0.9920713305473328, 0.9990088939666748, 0.9890981316566467, 0.9425173401832581, 0.8790882229804993, 0.9326065182685852, 0.9435084462165833, 0.9395440816879272]]",8.610470056533813,groupdro,resnet18_mnist,True,0.029422221705317497,0.98,2,completed,168.21548038721085,0.8543788194656372,outputs_final/resnet18_mnist/groupdro/N1000/seed2
0.9987000226974487,0.9682888984680176,1000,0.9057000279426575,cuda,"[[0.9867346882820129, 0.9704081416130066, 0.9663265347480774, 0.981632649898529, 0.9887754917144775, 0.9979591965675354, 0.9979591965675354, 0.9938775300979614, 0.9846938848495483, 0.9867346882820129], [1.0, 0.9982379078865051, 0.9621145129203796, 0.9691630005836487, 0.9876651763916016, 0.992951512336731, 0.992951512336731, 0.9814978241920471, 0.9814978241920471, 0.9991189241409302], [0.9486433863639832, 0.9835271239280701, 0.9970930218696594, 1.0, 1.0, 0.998062014579773, 0.9709302186965942, 0.9525193572044373, 0.9534883499145508, 0.9457364082336426], [0.9455445408821106, 0.9514851570129395, 0.9594059586524963, 0.9603960514068604, 0.9514851570129395, 0.9613861441612244, 0.9950494766235352, 1.0, 0.997029721736908, 0.9762375950813293], [0.981670081615448, 0.9663951396942139, 0.9450101852416992, 0.9215885996818542, 0.9083502888679504, 0.9501018524169922, 0.9918533563613892, 1.0, 1.0, 0.9969450235366821], [0.9697309136390686, 0.9719731211662292, 0.963004469871521, 0.9719731211662292, 0.9955157041549683, 0.9977578520774841, 0.9910314083099365, 0.9551569223403931, 0.9282511472702026, 0.9596412777900696], [0.9916492700576782, 0.9958246350288391, 0.9895615577697754, 0.9812108278274536, 0.9645093679428101, 0.9478079080581665, 0.9498956203460693, 0.9415448904037476, 0.942588746547699, 0.9791231751441956], [0.9951362013816833, 0.9844357967376709, 0.9562256932258606, 0.9289883375167847, 0.9328793883323669, 0.9610894918441772, 0.9688715934753418, 0.981517493724823, 0.9970816969871521, 0.9980545043945312], [0.9630390405654907, 0.9938398599624634, 1.0, 0.9917864203453064, 0.9599589109420776, 0.9363449811935425, 0.9507187008857727, 0.9476386308670044, 0.9558521509170532, 0.9630390405654907], [0.9484637975692749, 0.9633300304412842, 0.9712586998939514, 0.9960356950759888, 0.9970267415046692, 0.9900891780853271, 0.9613478779792786, 0.9058473706245422, 0.8790882229804993, 0.9147670865058899]]",8.659557327628136,groupdro,resnet18_mnist,True,0.030722221359610558,0.98,3,completed,156.88334023952484,0.8790882229804993,outputs_final/resnet18_mnist/groupdro/N1000/seed3
0.9986000061035156,0.9731777906417847,1000,0.9132999777793884,cuda,"[[0.9989795684814453, 0.9959183931350708, 0.9918367266654968, 0.9918367266654968, 0.9959183931350708, 0.9928571581840515, 0.9897959232330322, 0.9877551198005676, 0.9959183931350708, 0.9969387650489807], [0.9797356724739075, 0.9735682606697083, 0.9894273281097412, 1.0, 1.0, 1.0, 0.9903083443641663, 0.9867841601371765, 0.9876651763916016, 0.9806167483329773], [0.9990310072898865, 0.9651162624359131, 0.961240291595459, 0.9777131676673889, 0.9806201457977295, 0.9670542478561401, 0.9215116500854492, 0.9253876209259033, 0.9844961166381836, 1.0], [0.9851484894752502, 0.9762375950813293, 0.9643564224243164, 0.9524752497673035, 0.9831683039665222, 0.997029721736908, 1.0, 1.0, 0.9920791983604431, 0.9782178401947021], [0.9775967597961426, 0.9745417237281799, 0.9714867472648621, 0.9633401036262512, 0.9429734945297241, 0.9531568288803101, 0.9959266781806946, 1.0, 1.0, 0.9837067127227783], [0.9798206090927124, 0.9820627570152283, 0.9955157041549683, 0.9988788962364197, 0.9988788962364197, 0.9775784611701965, 0.9473094344139099, 0.9607623219490051, 0.9730941653251648, 0.9697309136390686], [0.9728600978851318, 0.9906054139137268, 0.9926931262016296, 0.9853861927986145, 0.968684732913971, 0.9707724452018738, 0.9665970802307129, 0.9613778591156006, 0.9697285890579224, 0.9509394764900208], [0.9824903011322021, 0.9834630489349365, 0.981517493724823, 0.9698443412780762, 0.9445525407791138, 0.9153696298599243, 0.9610894918441772, 0.9931906461715698, 0.9970816969871521, 0.9795719981193542], [0.9958932399749756, 1.0, 0.9989733099937439, 0.9856262803077698, 0.9609856009483337, 0.9568788409233093, 0.9517453908920288, 0.9671458005905151, 0.977412760257721, 0.9455851912498474], [0.966303288936615, 0.9345887303352356, 0.9554013609886169, 0.9781962633132935, 0.9950445890426636, 0.9980178475379944, 0.9821605682373047, 0.8414271473884583, 0.8889989852905273, 0.9633300304412842]]",8.67511385679245,groupdro,resnet18_mnist,True,0.026133334264159203,0.98,4,completed,132.60208310186863,0.8414271473884583,outputs_final/resnet18_mnist/groupdro/N1000/seed4
0.9991999864578247,0.8819444179534912,250,0.6384000182151794,cuda,"[[0.8571428656578064, 0.768367350101471, 0.8255102038383484, 1.0, 0.9989795684814453, 0.9979591965675354, 0.9387755393981934, 0.9010204076766968, 0.9510204195976257, 0.9204081892967224], [0.992951512336731, 1.0, 1.0, 0.9656387567520142, 0.9356828331947327, 0.9374449253082275, 0.9118942618370056, 0.9577092528343201, 0.9550660848617554, 0.9726872444152832], [0.9244186282157898, 0.9089147448539734, 0.9098837375640869, 0.8982558250427246, 0.7945736646652222, 0.873062014579773, 0.9854651093482971, 0.9990310072898865, 0.9738371968269348, 0.9021317958831787], [0.8267326951026917, 0.895049512386322, 0.9316831827163696, 0.996039628982544, 0.999009907245636, 1.0, 0.9910891056060791, 0.8465346693992615, 0.8089109063148499, 0.7207920551300049], [0.8961303234100342, 0.776985764503479, 0.9348269104957581, 1.0, 1.0, 0.9918533563613892, 0.9022403359413147, 0.9002036452293396, 0.9236252307891846, 0.9266802668571472], [0.9910314083099365, 0.8991031646728516, 0.7511211037635803, 0.8621076345443726, 0.8363228440284729, 0.8307175040245056, 0.841928243637085, 0.9719731211662292, 0.9977578520774841, 0.9988788962364197], [0.9968684911727905, 0.9947807788848877, 0.9697285890579224, 0.924843430519104, 0.8329854011535645, 0.8883090019226074, 0.8966597318649292, 0.9394571781158447, 0.9530271291732788, 0.9791231751441956], [0.9805447459220886, 0.7772373557090759, 0.7003890872001648, 0.8608949184417725, 0.8171206116676331, 0.838521420955658, 0.8949416279792786, 0.9649805426597595, 1.0, 1.0], [0.8316221833229065, 0.7987679839134216, 0.8172484636306763, 0.8983572721481323, 0.8501026630401611, 0.9763860106468201, 1.0, 0.966119110584259, 0.7032853960990906, 0.6519507169723511], [0.9583746194839478, 0.9940535426139832, 0.9980178475379944, 0.8731417059898376, 0.3518334925174713, 0.4667988121509552, 0.6015857458114624, 0.7740337252616882, 0.603567898273468, 0.7710604667663574]]",9.016334354877472,groupdro,resnet18_mnist,False,0.1177000030875206,0.995,0,completed,139.33318699896336,0.3518334925174713,outputs_final/resnet18_mnist/groupdro/N250/seed0
0.9994000196456909,0.8663333058357239,250,0.5767999887466431,cuda,"[[0.890816330909729, 0.8204081654548645, 0.8693877458572388, 0.9693877696990967, 0.9979591965675354, 0.9989795684814453, 0.9969387650489807, 0.7785714268684387, 0.8979591727256775, 0.8602041006088257], [0.9400880932807922, 0.9674009084701538, 0.976211428642273, 0.9612334966659546, 0.9911894202232361, 0.9982379078865051, 1.0, 0.9189427495002747, 0.9691630005836487, 0.9629955887794495], [0.9970930218696594, 1.0, 0.9350775480270386, 0.6656976938247681, 0.7829457521438599, 0.7742248177528381, 0.7490310072898865, 0.6511628031730652, 0.8536821603775024, 0.9825581312179565], [0.8633663654327393, 0.9762375950813293, 1.0, 0.9881188273429871, 0.8762376308441162, 0.8188118934631348, 0.8831683397293091, 0.8881188035011292, 0.8574257493019104, 0.8782178163528442], [1.0, 0.9938900470733643, 0.9022403359413147, 0.6690427660942078, 0.7138493061065674, 0.8350305557250977, 0.9083502888679504, 0.7576375007629395, 0.9256619215011597, 0.9918533563613892], [0.902466356754303, 0.8721973299980164, 0.7488788962364197, 0.841928243637085, 0.773542582988739, 0.8430493474006653, 0.9035874605178833, 0.9473094344139099, 0.9988788962364197, 0.9921524524688721], [0.9592902064323425, 0.8914405107498169, 0.9091858267784119, 0.9269310832023621, 0.905010461807251, 0.8768267035484314, 0.9258872866630554, 0.7964509129524231, 0.9509394764900208, 0.9968684911727905], [0.7140077948570251, 0.7898832559585571, 0.975680947303772, 0.9990272521972656, 0.9766536951065063, 0.9036964774131775, 0.8754863739013672, 0.792801558971405, 0.9678988456726074, 0.9357976913452148], [0.6776180863380432, 0.6714578866958618, 0.5420944690704346, 0.6314168572425842, 0.5451745390892029, 0.7289527654647827, 0.9804928302764893, 1.0, 0.9455851912498474, 0.826488733291626], [0.5143706798553467, 0.8562933802604675, 0.9058473706245422, 0.9821605682373047, 1.0, 0.9940535426139832, 0.9633300304412842, 0.7373637557029724, 0.8225966095924377, 0.7383548021316528]]",8.808713525533676,groupdro,resnet18_mnist,False,0.13351111114025116,0.995,1,completed,150.126319617033,0.5143706798553467,outputs_final/resnet18_mnist/groupdro/N250/seed1
0.9994000196456909,0.9014000296592712,250,0.6826000213623047,cuda,"[[0.9561224579811096, 0.9142857193946838, 0.8959183692932129, 0.8785714507102966, 0.9306122660636902, 0.972449004650116, 0.9918367266654968, 1.0, 1.0, 0.9979591965675354], [0.9709250926971436, 0.924229085445404, 0.9066079258918762, 0.9427312612533569, 0.9515418410301208, 0.9303964972496033, 0.9885462522506714, 1.0, 1.0, 0.9991189241409302], [1.0, 1.0, 0.9709302186965942, 0.8672480583190918, 0.75, 0.836240291595459, 0.9195736646652222, 0.8885658979415894, 0.9079457521438599, 0.9893410801887512], [0.895049512386322, 0.8722772002220154, 0.8584158420562744, 0.8306930661201477, 0.9841583967208862, 1.0, 1.0, 0.9722772240638733, 0.9326732754707336, 0.9158415794372559], [0.9602851271629333, 0.891038715839386, 0.7331975698471069, 0.6771894097328186, 0.9205702543258667, 0.9989816546440125, 1.0, 0.9979633688926697, 0.9847250580787659, 0.9796333909034729], [0.9910314083099365, 0.9697309136390686, 0.8923766613006592, 0.6804932951927185, 0.8318385481834412, 0.8452914953231812, 0.9585201740264893, 0.9921524524688721, 0.9977578520774841, 0.9977578520774841], [0.9979122877120972, 0.9979122877120972, 0.8789144158363342, 0.8768267035484314, 0.9676409363746643, 0.9561586380004883, 0.9217119216918945, 0.8580375909805298, 0.8434237837791443, 0.9749478101730347], [0.8988326787948608, 0.8832684755325317, 0.9445525407791138, 0.9785992503166199, 0.9980545043945312, 0.9737353920936584, 0.8861867785453796, 0.8959143757820129, 0.9221789836883545, 0.9260700345039368], [0.8193018436431885, 0.9486653208732605, 1.0, 0.9404517412185669, 0.7813141942024231, 0.5913757681846619, 0.673511266708374, 0.732032835483551, 0.790554404258728, 0.8521560430526733], [0.8959365487098694, 0.8860257863998413, 0.966303288936615, 1.0, 0.9841427206993103, 0.732408344745636, 0.5104063153266907, 0.7234886288642883, 0.8909811973571777, 0.901883065700531]]",8.911556482315063,groupdro,resnet18_mnist,True,0.09830000251531601,0.995,2,completed,128.15762150287628,0.5104063153266907,outputs_final/resnet18_mnist/groupdro/N250/seed2
0.9993000030517578,0.9139888882637024,250,0.7059999704360962,cuda,"[[0.9744898080825806, 0.9265305995941162, 0.8520408272743225, 0.8826530575752258, 0.9877551198005676, 0.9969387650489807, 1.0, 0.9938775300979614, 0.9734693765640259, 0.9836734533309937], [1.0, 0.9903083443641663, 0.883700430393219, 0.8810572624206543, 0.9577092528343201, 0.9841409921646118, 0.9867841601371765, 0.9444934129714966, 0.9356828331947327, 0.9973568320274353], [0.7170542478561401, 0.9602712988853455, 0.9922480583190918, 1.0, 0.9990310072898865, 0.9844961166381836, 0.893410861492157, 0.7596899271011353, 0.9069767594337463, 0.7761628031730652], [0.909900963306427, 0.9544554352760315, 0.9524752497673035, 0.9564356207847595, 0.9534653425216675, 0.9287128448486328, 0.9821782112121582, 1.0, 0.998019814491272, 0.9683168530464172], [0.92769855260849, 0.9114053249359131, 0.9012219905853271, 0.8686354160308838, 0.837067186832428, 0.8818737268447876, 0.9826883673667908, 0.9989816546440125, 1.0, 0.9959266781806946], [0.9517937302589417, 0.9473094344139099, 0.8060538172721863, 0.915919303894043, 0.9899103045463562, 0.9977578520774841, 0.9932735562324524, 0.8609865307807922, 0.7926008701324463, 0.9327354431152344], [0.9874739050865173, 0.9979122877120972, 0.9906054139137268, 0.9655532240867615, 0.9206680655479431, 0.8068893551826477, 0.81210857629776, 0.7505218982696533, 0.7150313258171082, 0.9655532240867615], [0.9883268475532532, 0.9854085445404053, 0.9163424372673035, 0.7801556587219238, 0.7247081995010376, 0.8822957277297974, 0.9503890872001648, 0.9503890872001648, 0.994163453578949, 0.9990272521972656], [0.8983572721481323, 0.9917864203453064, 1.0, 0.9969199299812317, 0.870636522769928, 0.7433264851570129, 0.8357289433479309, 0.8747433423995972, 0.8809034824371338, 0.8634496927261353], [0.9296333193778992, 0.9554013609886169, 0.9207136034965515, 0.9871159791946411, 0.9980178475379944, 0.9801784157752991, 0.9405351877212524, 0.7690783143043518, 0.6293359994888306, 0.8295341730117798]]",9.068947225809097,groupdro,resnet18_mnist,True,0.08561111241579056,0.995,3,completed,146.52868258953094,0.6293359994888306,outputs_final/resnet18_mnist/groupdro/N250/seed3
0.9994000196456909,0.8852333426475525,250,0.6140000224113464,cuda,"[[1.0, 0.9765306115150452, 0.8857142925262451, 0.9428571462631226, 0.9591836929321289, 0.9326530694961548, 0.9438775777816772, 0.8653061389923096, 0.9663265347480774, 0.9857142567634583], [0.9418502449989319, 0.917180597782135, 0.9885462522506714, 0.9991189241409302, 1.0, 0.9991189241409302, 0.9726872444152832, 0.9682819247245789, 0.9779735803604126, 0.9365638494491577], [0.9854651093482971, 0.7819767594337463, 0.8672480583190918, 0.9098837375640869, 0.8391472697257996, 0.680232584476471, 0.5058139562606812, 0.711240291595459, 0.9437984228134155, 1.0], [0.9366336464881897, 0.8584158420562744, 0.893069326877594, 0.8801980018615723, 0.9495049715042114, 0.9881188273429871, 0.999009907245636, 0.999009907245636, 0.9465346336364746, 0.7821782231330872], [0.8747454285621643, 0.8014256358146667, 0.909368634223938, 0.860488772392273, 0.709775984287262, 0.7545824646949768, 0.9867616891860962, 1.0, 0.994908332824707, 0.8757637739181519], [0.8867713212966919, 0.7746636867523193, 0.9876681566238403, 0.9988788962364197, 0.9988788962364197, 0.9439461827278137, 0.7825112342834473, 0.8508968353271484, 0.9573991298675537, 0.915919303894043], [0.9091858267784119, 0.9812108278274536, 0.9968684911727905, 0.9749478101730347, 0.8862212896347046, 0.9091858267784119, 0.9237995743751526, 0.8601252436637878, 0.9175365567207336, 0.8382046222686768], [0.9630350470542908, 0.9328793883323669, 0.9474708437919617, 0.9212062358856201, 0.8083657622337341, 0.701361894607544, 0.8064202070236206, 0.966926097869873, 1.0, 0.957198441028595], [0.987679660320282, 1.0, 0.9969199299812317, 0.9117043018341064, 0.7207392454147339, 0.7012320160865784, 0.7238193154335022, 0.826488733291626, 0.8747433423995972, 0.744353175163269], [0.9008919596672058, 0.694747269153595, 0.8701685070991516, 0.9573835730552673, 0.9910802841186523, 0.9990088939666748, 0.966303288936615, 0.496531218290329, 0.6769078373908997, 0.8830525279045105]]",8.695732593536377,groupdro,resnet18_mnist,False,0.11447777599096298,0.995,4,completed,163.86614713072777,0.496531218290329,outputs_final/resnet18_mnist/groupdro/N250/seed4
0.9979000091552734,0.9841222167015076,2500,0.9603000283241272,cuda,"[[0.9887754917144775, 0.9887754917144775, 0.9928571581840515, 0.9948979616165161, 0.9969387650489807, 0.9938775300979614, 0.9887754917144775, 0.9857142567634583, 0.9877551198005676, 0.9887754917144775], [0.9991189241409302, 0.9991189241409302, 0.9982379078865051, 0.9973568320274353, 0.9911894202232361, 0.9885462522506714, 0.9903083443641663, 0.9911894202232361, 0.9911894202232361, 0.9938325881958008], [0.979651153087616, 0.9864341020584106, 0.9864341020584106, 0.9883720874786377, 0.9883720874786377, 0.9932170510292053, 0.998062014579773, 1.0, 0.9893410801887512, 0.9777131676673889], [0.9712871313095093, 0.9772277474403381, 0.9881188273429871, 0.9930692911148071, 0.999009907245636, 1.0, 0.9920791983604431, 0.9891089200973511, 0.9782178401947021, 0.9712871313095093], [0.9775967597961426, 0.9725050926208496, 0.9826883673667908, 0.9989816546440125, 1.0, 0.9959266781806946, 0.9847250580787659, 0.9806517362594604, 0.9796333909034729, 0.981670081615448], [0.9943946003913879, 0.9865471124649048, 0.9786995649337769, 0.9854260087013245, 0.9820627570152283, 0.9719731211662292, 0.963004469871521, 0.9899103045463562, 0.9932735562324524, 0.9943946003913879], [0.9947807788848877, 0.9958246350288391, 0.9926931262016296, 0.9874739050865173, 0.9780793190002441, 0.9780793190002441, 0.982254683971405, 0.9874739050865173, 0.9885177612304688, 0.9926931262016296], [0.9863813519477844, 0.9620622396469116, 0.9649805426597595, 0.9785992503166199, 0.9834630489349365, 0.9785992503166199, 0.9747081995010376, 0.9902724027633667, 0.9980545043945312, 0.9970816969871521], [0.9712525606155396, 0.9702258706092834, 0.9743326306343079, 0.977412760257721, 0.9815195202827454, 0.9958932399749756, 1.0, 0.9989733099937439, 0.9845995903015137, 0.9722792506217957], [0.9890981316566467, 0.9960356950759888, 0.9960356950759888, 0.9851337671279907, 0.9563924670219421, 0.9534192085266113, 0.9554013609886169, 0.9643211364746094, 0.966303288936615, 0.9702675938606262]]",8.434900432825089,groupdro,resnet18_mnist,True,0.0141777778044343,0.95,0,completed,168.71307319402695,0.9534192085266113,outputs_final/resnet18_mnist/groupdro/N2500/seed0
0.9976000189781189,0.9828555583953857,2500,0.9562000036239624,cuda,"[[0.9846938848495483, 0.9846938848495483, 0.9938775300979614, 0.9948979616165161, 0.9979591965675354, 0.9979591965675354, 0.9979591965675354, 0.9897959232330322, 0.9846938848495483, 0.9857142567634583], [0.9894273281097412, 0.9867841601371765, 0.9876651763916016, 0.9920704960823059, 0.9973568320274353, 0.9991189241409302, 1.0, 0.9982379078865051, 0.9955947399139404, 0.9947136640548706], [1.0, 1.0, 0.9932170510292053, 0.9757751822471619, 0.9680232405662537, 0.9709302186965942, 0.9728682041168213, 0.9718992114067078, 0.9864341020584106, 0.9951550364494324], [0.986138641834259, 0.998019814491272, 1.0, 0.999009907245636, 0.9930692911148071, 0.986138641834259, 0.986138641834259, 0.9782178401947021, 0.9673267602920532, 0.9732673168182373], [0.9979633688926697, 0.9969450235366821, 0.9887983798980713, 0.9633401036262512, 0.951120138168335, 0.9551934599876404, 0.9623218178749084, 0.9684317708015442, 0.9847250580787659, 0.9959266781806946], [0.9921524524688721, 0.9854260087013245, 0.9697309136390686, 0.9708520174026489, 0.9730941653251648, 0.9843049049377441, 0.9921524524688721, 0.9966367483139038, 0.9966367483139038, 0.9966367483139038], [0.9926931262016296, 0.9843423962593079, 0.9812108278274536, 0.9791231751441956, 0.9791231751441956, 0.980167031288147, 0.9759916663169861, 0.9728600978851318, 0.9853861927986145, 0.9947807788848877], [0.9805447459220886, 0.9834630489349365, 0.9951362013816833, 0.9961089491844177, 0.9951362013816833, 0.9951362013816833, 0.9863813519477844, 0.9785992503166199, 0.9844357967376709, 0.9873540997505188], [0.9691991806030273, 0.9702258706092834, 0.9640657305717468, 0.9691991806030273, 0.9722792506217957, 0.977412760257721, 0.9938398599624634, 0.9969199299812317, 0.9948665499687195, 0.9825462102890015], [0.962338924407959, 0.973240852355957, 0.9861248731613159, 0.9920713305473328, 0.9950445890426636, 0.9950445890426636, 0.9871159791946411, 0.962338924407959, 0.9385530352592468, 0.9514370560646057]]",8.479682013392448,groupdro,resnet18_mnist,True,0.015166666358709335,0.95,1,completed,171.61674021184444,0.9385530352592468,outputs_final/resnet18_mnist/groupdro/N2500/seed1
0.9983000159263611,0.9827444553375244,2500,0.9521999955177307,cuda,"[[0.9887754917144775, 0.9887754917144775, 0.9846938848495483, 0.9836734533309937, 0.9948979616165161, 0.9969387650489807, 0.9979591965675354, 0.9989795684814453, 0.9989795684814453, 0.9979591965675354], [0.9964757561683655, 0.9841409921646118, 0.9788545966148376, 0.9806167483329773, 0.9841409921646118, 0.9920704960823059, 0.9991189241409302, 1.0, 1.0, 0.9991189241409302], [0.9990310072898865, 1.0, 0.9951550364494324, 0.9825581312179565, 0.9786821603775024, 0.9825581312179565, 0.9893410801887512, 0.9883720874786377, 0.979651153087616, 0.9961240291595459], [0.9712871313095093, 0.9732673168182373, 0.9742574095726013, 0.986138641834259, 0.999009907245636, 1.0, 1.0, 0.9920791983604431, 0.9693069458007812, 0.9643564224243164], [0.9877800345420837, 0.9786150455474854, 0.958248496055603, 0.9501018524169922, 0.9663951396942139, 0.9969450235366821, 1.0, 0.9989816546440125, 0.9877800345420837, 0.9877800345420837], [0.9966367483139038, 0.9887892603874207, 0.9775784611701965, 0.976457417011261, 0.9753363132476807, 0.9607623219490051, 0.9742152690887451, 0.9932735562324524, 0.9966367483139038, 0.9966367483139038], [0.9947807788848877, 0.9947807788848877, 0.9853861927986145, 0.9812108278274536, 0.9843423962593079, 0.9843423962593079, 0.982254683971405, 0.9843423962593079, 0.9739039540290833, 0.9812108278274536], [0.981517493724823, 0.9708171486854553, 0.9766536951065063, 0.9922178983688354, 0.9951362013816833, 0.9931906461715698, 0.9844357967376709, 0.9824903011322021, 0.9873540997505188, 0.9902724027633667], [0.9825462102890015, 0.9928131699562073, 0.9979466199874878, 0.9938398599624634, 0.9835729002952576, 0.9548254609107971, 0.9609856009483337, 0.9681724905967712, 0.977412760257721, 0.9733059406280518], [0.9613478779792786, 0.9821605682373047, 0.9950445890426636, 0.9990088939666748, 0.9920713305473328, 0.9633300304412842, 0.9326065182685852, 0.9583746194839478, 0.9712586998939514, 0.9613478779792786]]",8.777309596538544,groupdro,resnet18_mnist,True,0.015877777710556984,0.95,2,completed,167.4485981464386,0.9326065182685852,outputs_final/resnet18_mnist/groupdro/N2500/seed2
0.9980999827384949,0.9845888614654541,2500,0.9595999717712402,cuda,"[[0.9887754917144775, 0.9887754917144775, 0.9846938848495483, 0.9857142567634583, 0.9877551198005676, 0.9969387650489807, 0.9979591965675354, 0.9969387650489807, 0.9969387650489807, 0.9897959232330322], [1.0, 0.9991189241409302, 0.9920704960823059, 0.9920704960823059, 0.992951512336731, 0.9938325881958008, 0.9947136640548706, 0.9885462522506714, 0.992951512336731, 0.9982379078865051], [0.981589138507843, 0.9961240291595459, 0.998062014579773, 1.0, 1.0, 1.0, 0.9912790656089783, 0.9738371968269348, 0.9660852551460266, 0.9670542478561401], [0.9772277474403381, 0.9762375950813293, 0.9801980257034302, 0.9772277474403381, 0.9722772240638733, 0.9772277474403381, 0.996039628982544, 0.999009907245636, 0.998019814491272, 0.9891089200973511], [0.9898167252540588, 0.9877800345420837, 0.9694501161575317, 0.9551934599876404, 0.9572301506996155, 0.981670081615448, 0.9969450235366821, 0.9989816546440125, 0.9989816546440125, 0.9989816546440125], [0.9865471124649048, 0.9876681566238403, 0.9921524524688721, 0.9932735562324524, 0.9966367483139038, 0.9966367483139038, 0.9921524524688721, 0.9786995649337769, 0.9742152690887451, 0.9831838607788086], [0.9916492700576782, 0.9926931262016296, 0.9926931262016296, 0.9895615577697754, 0.9812108278274536, 0.9718163013458252, 0.9718163013458252, 0.9759916663169861, 0.9791231751441956, 0.9885177612304688], [0.9970816969871521, 0.9912451505661011, 0.975680947303772, 0.966926097869873, 0.966926097869873, 0.9766536951065063, 0.9883268475532532, 0.9902724027633667, 0.9961089491844177, 0.9980545043945312], [0.9907597303390503, 0.9979466199874878, 1.0, 0.9979466199874878, 0.9887063503265381, 0.9763860106468201, 0.9804928302764893, 0.9835729002952576, 0.987679660320282, 0.987679660320282], [0.9583746194839478, 0.9702675938606262, 0.9781962633132935, 0.993062436580658, 0.9970267415046692, 0.9950445890426636, 0.9791873097419739, 0.9544103145599365, 0.9474727511405945, 0.9484637975692749]]",8.592098996043205,groupdro,resnet18_mnist,True,0.013944444246590137,0.95,3,completed,167.3695401996374,0.9474727511405945,outputs_final/resnet18_mnist/groupdro/N2500/seed3
0.9980999827384949,0.9842444658279419,2500,0.9577999711036682,cuda,"[[1.0, 0.9969387650489807, 0.9948979616165161, 0.9928571581840515, 0.9928571581840515, 0.9969387650489807, 0.9969387650489807, 0.9918367266654968, 0.9979591965675354, 0.9969387650489807], [0.9823788404464722, 0.9682819247245789, 0.9920704960823059, 1.0, 1.0, 0.9991189241409302, 0.9955947399139404, 0.9911894202232361, 0.992951512336731, 0.9903083443641663], [0.9961240291595459, 0.9883720874786377, 0.9912790656089783, 0.9932170510292053, 0.9912790656089783, 0.9844961166381836, 0.9786821603775024, 0.979651153087616, 0.9912790656089783, 0.9990310072898865], [0.9762375950813293, 0.9801980257034302, 0.9732673168182373, 0.9613861441612244, 0.9841583967208862, 0.996039628982544, 0.997029721736908, 0.998019814491272, 0.9920791983604431, 0.9782178401947021], [0.976578414440155, 0.9796333909034729, 0.9806517362594604, 0.976578414440155, 0.9674134254455566, 0.9674134254455566, 0.9969450235366821, 0.9989816546440125, 0.9979633688926697, 0.9837067127227783], [0.9854260087013245, 0.9854260087013245, 0.9943946003913879, 0.9977578520774841, 0.9966367483139038, 0.9876681566238403, 0.9708520174026489, 0.9742152690887451, 0.9843049049377441, 0.9876681566238403], [0.9843423962593079, 0.9916492700576782, 0.9947807788848877, 0.9926931262016296, 0.9874739050865173, 0.9864300489425659, 0.9832985401153564, 0.9759916663169861, 0.9812108278274536, 0.9791231751441956], [0.9854085445404053, 0.9766536951065063, 0.9844357967376709, 0.9873540997505188, 0.9834630489349365, 0.9737353920936584, 0.9824903011322021, 0.9931906461715698, 0.9990272521972656, 0.9931906461715698], [0.9958932399749756, 0.9989733099937439, 0.9969199299812317, 0.9866529703140259, 0.9743326306343079, 0.9681724905967712, 0.9825462102890015, 0.9815195202827454, 0.978439450263977, 0.9815195202827454], [0.9742318987846375, 0.9573835730552673, 0.9672943353652954, 0.9801784157752991, 0.9920713305473328, 0.9950445890426636, 0.9871159791946411, 0.9335976243019104, 0.9484637975692749, 0.9712586998939514]]",8.905651718378067,groupdro,resnet18_mnist,True,0.014366666786372662,0.95,4,completed,160.02978879213333,0.9335976243019104,outputs_final/resnet18_mnist/groupdro/N2500/seed4
0.9998000264167786,0.3963888883590698,50,0.03009999915957451,cuda,"[[0.3846938908100128, 0.4653061330318451, 0.30306121706962585, 0.9581632614135742, 0.9989795684814453, 0.9928571581840515, 0.1755101978778839, 0.0346938781440258, 0.1438775509595871, 0.3255102038383484], [0.9726872444152832, 1.0, 0.9991189241409302, 0.43436121940612793, 0.5885462760925293, 0.8440528512001038, 0.35242289304733276, 0.5612334609031677, 0.6590308547019958, 0.8801761865615845], [0.4515503942966461, 0.075581394135952, 0.09399224817752838, 0.44186046719551086, 0.08042635768651962, 0.05426356568932533, 0.7587209343910217, 1.0, 0.8624030947685242, 0.7625969052314758], [0.3584158420562744, 0.2574257552623749, 0.1425742506980896, 0.8277227878570557, 0.997029721736908, 1.0, 0.7970296740531921, 0.0009900990407913923, 0.24851484596729279, 0.1693069338798523], [0.43279021978378296, 0.07230142503976822, 0.5224032402038574, 1.0, 0.9287168979644775, 0.4837067127227783, 0.2637474536895752, 0.2617107927799225, 0.16089613735675812, 0.48778003454208374], [0.9596412777900696, 0.26121076941490173, 0.03363228589296341, 0.4573991000652313, 0.2365470826625824, 0.06502242386341095, 0.011210761964321136, 0.21188341081142426, 0.9831838607788086, 1.0], [0.9989561438560486, 0.9843423962593079, 0.5835072994232178, 0.05741127207875252, 0.21816283464431763, 0.2922755777835846, 0.10334029048681259, 0.0, 0.20876826345920563, 0.8413361310958862], [0.9134241342544556, 0.5729572176933289, 0.2247081696987152, 0.2996108829975128, 0.24805447459220886, 0.11381322890520096, 0.3151750862598419, 0.7947470545768738, 1.0, 0.9844357967376709], [0.0, 0.0277207400649786, 0.04312115162611008, 0.03798767924308777, 0.006160164251923561, 0.5071868300437927, 1.0, 0.24845996499061584, 0.0, 0.0], [0.7294350862503052, 0.9861248731613159, 1.0, 0.4192269444465637, 0.035678889602422714, 0.006937562022358179, 0.0009910803055390716, 0.07928641885519028, 0.0, 0.002973240800201893]]",8.04268354177475,groupdro,resnet18_mnist,False,0.6036111116409302,0.999,0,completed,161.26260451972485,0.0,outputs_final/resnet18_mnist/groupdro/N50/seed0
0.9796000123023987,0.3890444338321686,50,0.07980000227689743,cuda,"[[0.5887755155563354, 0.4673469364643097, 0.5377551317214966, 0.6693877577781677, 0.6948979496955872, 1.0, 0.9989795684814453, 0.7336734533309937, 0.23571428656578064, 0.4000000059604645], [0.8511013388633728, 0.9268722534179688, 0.933039665222168, 0.5462555289268494, 0.6352422833442688, 0.9753304123878479, 1.0, 1.0, 0.8810572624206543, 0.7876651883125305], [0.9757751822471619, 1.0, 0.5067829489707947, 0.058139536529779434, 0.0, 0.0, 0.0, 0.02616279013454914, 0.14147286117076874, 0.7587209343910217], [0.07029703259468079, 0.8881188035011292, 1.0, 0.9277227520942688, 0.0, 0.0, 0.0, 0.058415841311216354, 0.024752475321292877, 0.13168317079544067], [1.0, 0.9358451962471008, 0.5661914348602295, 0.21486762166023254, 0.012219958938658237, 0.04480651766061783, 0.1883910447359085, 0.20264765620231628, 0.7454175353050232, 0.9775967597961426], [0.005605380982160568, 0.0022421525791287422, 0.0011210762895643711, 0.43161433935165405, 0.06390134245157242, 0.0022421525791287422, 0.0011210762895643711, 0.4899103045463562, 0.9988788962364197, 0.7376681566238403], [0.4488517642021179, 0.16597077250480652, 0.3068893551826477, 0.7995824813842773, 0.39874738454818726, 0.17640918493270874, 0.051148224622011185, 0.5448851585388184, 0.9008350968360901, 0.9968684911727905], [0.1313229501247406, 0.5155642032623291, 0.8550583720207214, 1.0, 0.3180933892726898, 0.14007781445980072, 0.5252918004989624, 0.7402724027633667, 0.5019454956054688, 0.22081711888313293], [0.006160164251923561, 0.1694045215845108, 0.12012320011854172, 0.03901437297463417, 0.0, 0.0, 0.010266940109431744, 0.7946611642837524, 0.0143737168982625, 0.0], [0.003964321222156286, 0.5540138483047485, 0.09712586551904678, 0.6412289142608643, 1.0, 0.9742318987846375, 0.532210111618042, 0.29236868023872375, 0.0336967296898365, 0.005946481600403786]]",9.05209767818451,groupdro,resnet18_mnist,False,0.60916668176651,0.999,1,completed,164.76889443397522,0.0,outputs_final/resnet18_mnist/groupdro/N50/seed1
0.9980000257492065,0.644777774810791,50,0.14249999821186066,cuda,"[[0.4285714328289032, 0.33265307545661926, 0.16020408272743225, 0.4285714328289032, 0.8438775539398193, 0.8693877458572388, 0.7724489569664001, 0.9948979616165161, 0.9989795684814453, 0.9673469662666321], [0.9647576808929443, 0.607929527759552, 0.3955947160720825, 0.7453744411468506, 0.9427312612533569, 0.9392070770263672, 0.976211428642273, 1.0, 1.0, 0.9938325881958008], [0.9990310072898865, 0.9961240291595459, 0.7374030947685242, 0.5629844665527344, 0.7141472697257996, 0.6521317958831787, 0.786821722984314, 0.5406976938247681, 0.588178277015686, 0.944767415523529], [0.7455445528030396, 0.24455446004867554, 0.009900989942252636, 0.0534653477370739, 0.7138614058494568, 0.9950494766235352, 0.9485148787498474, 0.49504950642585754, 0.302970290184021, 0.43366336822509766], [0.9317718744277954, 0.699592649936676, 0.14663951098918915, 0.2179226130247116, 0.8930753469467163, 0.9989816546440125, 1.0, 0.9877800345420837, 0.844195544719696, 0.9623218178749084], [0.823991060256958, 0.43161433935165405, 0.1065022423863411, 0.25112107396125793, 0.7051569223403931, 0.5493273735046387, 0.7926008701324463, 0.939461886882782, 0.9865471124649048, 1.0], [0.9968684911727905, 0.8507307171821594, 0.6054279804229736, 0.8037578463554382, 0.9373695254325867, 0.5939457416534424, 0.16597077250480652, 0.3361169099807739, 0.3162839114665985, 0.8966597318649292], [0.5321011543273926, 0.6945525407791138, 0.11770427972078323, 0.48249027132987976, 0.9951362013816833, 0.9698443412780762, 0.7480545043945312, 0.755836546421051, 0.7587548494338989, 0.6488326787948608], [0.3737166225910187, 0.9835729002952576, 1.0, 0.9815195202827454, 0.663244366645813, 0.20431211590766907, 0.20431211590766907, 0.3223819434642792, 0.2843942642211914, 0.13244353234767914], [0.5123885273933411, 0.9365708827972412, 0.959365725517273, 0.9980178475379944, 0.973240852355957, 0.623389482498169, 0.19326065480709076, 0.6788899898529053, 0.8087214827537537, 0.5668979287147522]]",8.724858835339546,groupdro,resnet18_mnist,False,0.3547222316265106,0.999,2,completed,138.46804150938988,0.009900989942252636,outputs_final/resnet18_mnist/groupdro/N50/seed2
0.9995999932289124,0.4615444540977478,50,0.0754999965429306,cuda,"[[0.055102039128541946, 0.009183673188090324, 0.004081632476300001, 0.0010204081190750003, 0.07755102217197418, 0.9908163547515869, 1.0, 0.9897959232330322, 0.4591836631298065, 0.01224489789456129], [1.0, 0.9638766646385193, 0.634361207485199, 0.6387665271759033, 0.7621145248413086, 0.9198237657546997, 0.9259911775588989, 0.9127753376960754, 0.883700430393219, 0.9911894202232361], [0.25872093439102173, 0.3798449635505676, 0.9273256063461304, 1.0, 0.998062014579773, 0.9195736646652222, 0.38372093439102173, 0.06492248177528381, 0.6056201457977295, 0.2732558250427246], [0.4198019802570343, 0.3910891115665436, 0.20693069696426392, 0.0, 0.0, 0.19405940175056458, 0.9287128448486328, 1.0, 0.9752475023269653, 0.3653465211391449], [0.7454175353050232, 0.2902240455150604, 0.11405295133590698, 0.04684317857027054, 0.09470468759536743, 0.4887983798980713, 0.6782077550888062, 0.9928717017173767, 1.0, 0.9613034725189209], [0.6872197389602661, 0.25896862149238586, 0.13228699564933777, 0.5022421479225159, 0.9417040348052979, 1.0, 0.9910314083099365, 0.07286995649337769, 0.1569506675004959, 0.4529148042201996], [0.9770354628562927, 0.9989561438560486, 0.8580375909805298, 0.17640918493270874, 0.18997912108898163, 0.22755740582942963, 0.1315240114927292, 0.25782880187034607, 0.1085594967007637, 0.6283924579620361], [0.7879377603530884, 0.49805447459220886, 0.387159526348114, 0.2665369510650635, 0.3122568130493164, 0.3929961025714874, 0.22081711888313293, 0.13326847553253174, 0.9766536951065063, 0.9990272521972656], [0.35420945286750793, 0.8449692130088806, 1.0, 0.6848049163818359, 0.3223819434642792, 0.2926078140735626, 0.24640657007694244, 0.010266940109431744, 0.07186858355998993, 0.07084188610315323], [0.40931615233421326, 0.25569871068000793, 0.2834489643573761, 0.8989098072052002, 0.9980178475379944, 0.9484637975692749, 0.48959365487098694, 0.09316154569387436, 0.042616453021764755, 0.003964321222156286]]",9.234961092472076,groupdro,resnet18_mnist,False,0.5384111404418945,0.999,3,completed,169.0598327666521,0.0,outputs_final/resnet18_mnist/groupdro/N50/seed3
0.9997000098228455,0.4006555676460266,50,0.006899999920278788,cuda,"[[1.0, 0.6214285492897034, 0.2857142984867096, 0.33469387888908386, 0.38163265585899353, 0.23265306651592255, 0.36734694242477417, 0.12142857164144516, 0.2602040767669678, 0.8673469424247742], [0.28810572624206543, 0.0026431716978549957, 0.4607929587364197, 0.9964757561683655, 1.0, 0.9938325881958008, 0.8281938433647156, 0.7286343574523926, 0.5259912014007568, 0.44052863121032715], [0.9379844665527344, 0.11240310221910477, 0.41860464215278625, 0.19573643803596497, 0.10949612408876419, 0.06395348906517029, 0.011627906933426857, 0.3071705400943756, 0.7984496355056763, 1.0], [0.47821781039237976, 0.4029702842235565, 0.711881160736084, 0.3118811845779419, 0.5623762607574463, 0.9465346336364746, 1.0, 0.9683168530464172, 0.11188118904829025, 0.0], [0.2230142503976822, 0.30346232652664185, 0.5437881946563721, 0.37576374411582947, 0.1364562064409256, 0.1252545863389969, 0.8930753469467163, 1.0, 0.7342159152030945, 0.10794297605752945], [0.18946188688278198, 0.041479822248220444, 0.9091928005218506, 1.0, 0.9955157041549683, 0.5134528875350952, 0.008968610316514969, 0.025784753262996674, 0.1065022423863411, 0.03811659291386604], [0.3444676399230957, 0.7693110704421997, 0.9968684911727905, 0.81210857629776, 0.725469708442688, 0.7379958033561707, 0.47390395402908325, 0.03340292349457741, 0.4519833028316498, 0.04801670089364052], [0.3132295608520508, 0.2616731524467468, 0.5097275972366333, 0.4212062358856201, 0.3560311198234558, 0.2529182732105255, 0.10505836457014084, 0.7208171486854553, 1.0, 0.4163424074649811], [0.8347022533416748, 1.0, 0.7063655257225037, 0.0010266940807923675, 0.00821355264633894, 0.0030800821259617805, 0.0010266940807923675, 0.0010266940807923675, 0.0030800821259617805, 0.030800821259617805], [0.7106045484542847, 0.010901883244514465, 0.35877105593681335, 0.5460852384567261, 0.9613478779792786, 1.0, 0.8790882229804993, 0.009910802356898785, 0.0009910803055390716, 0.4628344774246216]]",8.904477819800377,groupdro,resnet18_mnist,False,0.5991777777671814,0.999,4,completed,170.5280920267105,0.0,outputs_final/resnet18_mnist/groupdro/N50/seed4
0.9987000226974487,0.9436666369438171,500,0.822700023651123,cuda,"[[0.9561224579811096, 0.9316326379776001, 0.9622448682785034, 1.0, 0.9989795684814453, 0.9979591965675354, 0.9765306115150452, 0.9397959113121033, 0.9663265347480774, 0.9642857313156128], [0.9991189241409302, 1.0, 1.0, 0.9938325881958008, 0.983259916305542, 0.9770925045013428, 0.9356828331947327, 0.9480175971984863, 0.9797356724739075, 0.9876651763916016], [0.9534883499145508, 0.9486433863639832, 0.9350775480270386, 0.9205426573753357, 0.8662790656089783, 0.9234496355056763, 0.9844961166381836, 1.0, 0.9893410801887512, 0.9583333134651184], [0.9128713011741638, 0.9336633682250977, 0.9663366079330444, 0.997029721736908, 0.999009907245636, 1.0, 0.9900990128517151, 0.9267326593399048, 0.9148514866828918, 0.9019802212715149], [0.9490835070610046, 0.9002036452293396, 0.9663951396942139, 0.9979633688926697, 1.0, 0.9959266781806946, 0.9704684615135193, 0.9501018524169922, 0.9531568288803101, 0.9653767943382263], [0.9943946003913879, 0.9551569223403931, 0.9002242088317871, 0.9551569223403931, 0.9349775910377502, 0.9248878955841064, 0.9058296084403992, 0.9876681566238403, 0.9977578520774841, 0.9977578520774841], [0.9968684911727905, 0.9958246350288391, 0.9853861927986145, 0.9467641115188599, 0.8643006086349487, 0.8851774334907532, 0.9185803532600403, 0.9749478101730347, 0.980167031288147, 0.9885177612304688], [0.9902724027633667, 0.9328793883323669, 0.8832684755325317, 0.9134241342544556, 0.9075875282287598, 0.9182879328727722, 0.9445525407791138, 0.9863813519477844, 0.9980545043945312, 1.0], [0.8911704421043396, 0.8767967224121094, 0.9096509218215942, 0.929158091545105, 0.8737166523933411, 0.9815195202827454, 0.9989733099937439, 0.9804928302764893, 0.8542094230651855, 0.802874743938446], [0.9781962633132935, 0.9950445890426636, 0.9980178475379944, 0.9563924670219421, 0.7849355936050415, 0.8483647108078003, 0.8453914523124695, 0.8840436339378357, 0.8453914523124695, 0.9157581925392151]]",8.901554226875305,groupdro,resnet18_mnist,True,0.05577777698636055,0.99,0,completed,149.78660583496094,0.7849355936050415,outputs_final/resnet18_mnist/groupdro/N500/seed0
0.9988999962806702,0.9312777519226074,500,0.7811999917030334,cuda,"[[0.9357143044471741, 0.9377551078796387, 0.9704081416130066, 0.9846938848495483, 0.9979591965675354, 0.9989795684814453, 0.9989795684814453, 0.972449004650116, 0.9275510311126709, 0.8877550959587097], [0.9603524208068848, 0.9718061685562134, 0.9682819247245789, 0.966519832611084, 0.9876651763916016, 1.0, 1.0, 0.9603524208068848, 0.9427312612533569, 0.966519832611084], [0.9970930218696594, 1.0, 0.9728682041168213, 0.876937985420227, 0.9331395626068115, 0.9350775480270386, 0.9050387740135193, 0.8468992114067078, 0.9496123790740967, 0.9903100728988647], [0.9118812084197998, 0.9841583967208862, 1.0, 0.997029721736908, 0.9396039843559265, 0.896039605140686, 0.9386138319969177, 0.9386138319969177, 0.9267326593399048, 0.9158415794372559], [1.0, 0.9969450235366821, 0.9450101852416992, 0.8696537613868713, 0.8655804395675659, 0.9114053249359131, 0.9389002323150635, 0.8767820596694946, 0.9470468163490295, 0.9918533563613892], [0.9360986351966858, 0.9461883306503296, 0.9125560522079468, 0.9327354431152344, 0.8991031646728516, 0.8755605220794678, 0.9383407831192017, 0.9865471124649048, 0.9988788962364197, 0.9887892603874207], [0.982254683971405, 0.9613778591156006, 0.962421715259552, 0.9467641115188599, 0.9373695254325867, 0.9300626516342163, 0.9196242094039917, 0.8841336369514465, 0.9551148414611816, 0.9958246350288391], [0.8044747114181519, 0.9124513864517212, 0.9961089491844177, 0.9990272521972656, 0.981517493724823, 0.9338521361351013, 0.9075875282287598, 0.9027237296104431, 0.9678988456726074, 0.9319066405296326], [0.7802874445915222, 0.8316221833229065, 0.8254619836807251, 0.8665297627449036, 0.8018480539321899, 0.8839835524559021, 0.9845995903015137, 1.0, 0.9815195202827454, 0.8696098327636719], [0.7938553094863892, 0.9365708827972412, 0.9316154718399048, 0.9851337671279907, 0.9960356950759888, 0.993062436580658, 0.9653121829032898, 0.8493558168411255, 0.8731417059898376, 0.8444004058837891]]",9.02892416715622,groupdro,resnet18_mnist,True,0.0681111142039299,0.99,1,completed,169.88251073658466,0.7802874445915222,outputs_final/resnet18_mnist/groupdro/N500/seed1
0.9987999796867371,0.9507222175598145,500,0.8294000029563904,cuda,"[[0.972449004650116, 0.8989796042442322, 0.9602040648460388, 0.9632652997970581, 0.9693877696990967, 0.9877551198005676, 0.9918367266654968, 0.9989795684814453, 0.9989795684814453, 0.9989795684814453], [0.9876651763916016, 0.9709250926971436, 0.9594713449478149, 0.966519832611084, 0.9779735803604126, 0.9850220084190369, 0.9947136640548706, 0.9991189241409302, 0.9991189241409302, 0.9982379078865051], [1.0, 1.0, 0.9874030947685242, 0.934108555316925, 0.8624030947685242, 0.9069767594337463, 0.9399224519729614, 0.932170569896698, 0.930232584476471, 0.9786821603775024], [0.9366336464881897, 0.9306930899620056, 0.9465346336364746, 0.9752475023269653, 0.997029721736908, 1.0, 0.999009907245636, 0.9891089200973511, 0.9603960514068604, 0.9287128448486328], [0.9684317708015442, 0.9551934599876404, 0.8706721067428589, 0.7881873846054077, 0.9470468163490295, 1.0, 1.0, 0.9979633688926697, 0.981670081615448, 0.9735234379768372], [0.9943946003913879, 0.963004469871521, 0.9226457476615906, 0.865470826625824, 0.8699551820755005, 0.9147982001304626, 0.9686098694801331, 0.9887892603874207, 0.9966367483139038, 0.9988788962364197], [0.9947807788848877, 0.9968684911727905, 0.9603340029716492, 0.9530271291732788, 0.9603340029716492, 0.9530271291732788, 0.9603340029716492, 0.9603340029716492, 0.9373695254325867, 0.9718163013458252], [0.9474708437919617, 0.9280155897140503, 0.9630350470542908, 0.9902724027633667, 0.9970816969871521, 0.9863813519477844, 0.9406614899635315, 0.9649805426597595, 0.9708171486854553, 0.9649805426597595], [0.9332649111747742, 0.9938398599624634, 0.9989733099937439, 0.9733059406280518, 0.8880903720855713, 0.9178645014762878, 0.9425051212310791, 0.9383983612060547, 0.9127309918403625, 0.8819301724433899], [0.8880079388618469, 0.8880079388618469, 0.9811694622039795, 1.0, 0.9910802841186523, 0.935579776763916, 0.7195242643356323, 0.8840436339378357, 0.9385530352592468, 0.9217046499252319]]",8.300368696451187,groupdro,resnet18_mnist,True,0.04855555668473244,0.99,2,completed,170.89784817397594,0.7195242643356323,outputs_final/resnet18_mnist/groupdro/N500/seed2
0.9991000294685364,0.9382444620132446,500,0.8051999807357788,cuda,"[[0.9479591846466064, 0.9081632494926453, 0.9244897961616516, 0.9244897961616516, 0.968367338180542, 0.9969387650489807, 0.9989795684814453, 0.9938775300979614, 0.9775510430335999, 0.9673469662666321], [1.0, 0.9973568320274353, 0.9700440764427185, 0.9621145129203796, 0.976211428642273, 0.9867841601371765, 0.9867841601371765, 0.9823788404464722, 0.9859030842781067, 0.9973568320274353], [0.8594961166381836, 0.9651162624359131, 0.9932170510292053, 1.0, 1.0, 0.9941860437393188, 0.9573643207550049, 0.8468992114067078, 0.9060077667236328, 0.8488371968269348], [0.89702969789505, 0.9247524738311768, 0.9455445408821106, 0.9346534609794617, 0.8999999761581421, 0.8999999761581421, 0.996039628982544, 1.0, 0.999009907245636, 0.9633663296699524], [0.9745417237281799, 0.951120138168335, 0.9205702543258667, 0.8543788194656372, 0.8299388885498047, 0.9246435761451721, 0.9908350110054016, 0.9989816546440125, 1.0, 0.994908332824707], [0.9540358781814575, 0.926008939743042, 0.8834080696105957, 0.9338564872741699, 0.9899103045463562, 0.9977578520774841, 0.9910314083099365, 0.894618809223175, 0.865470826625824, 0.9551569223403931], [0.9937369227409363, 0.9968684911727905, 0.9916492700576782, 0.9697285890579224, 0.9488517642021179, 0.9008350968360901, 0.8977035284042358, 0.8956158757209778, 0.8903966546058655, 0.9749478101730347], [0.9951362013816833, 0.9795719981193542, 0.9270427823066711, 0.8599221706390381, 0.8482490181922913, 0.9202334880828857, 0.957198441028595, 0.9474708437919617, 0.9951362013816833, 0.9990272521972656], [0.9394250512123108, 0.9917864203453064, 0.9989733099937439, 0.9866529703140259, 0.8696098327636719, 0.8326488733291626, 0.8809034824371338, 0.8696098327636719, 0.8891170620918274, 0.9024640917778015], [0.9108027815818787, 0.9276511669158936, 0.9563924670219421, 0.9950445890426636, 0.9990088939666748, 0.9851337671279907, 0.9405351877212524, 0.837462842464447, 0.7958374619483948, 0.8602576851844788]]",8.839966475963593,groupdro,resnet18_mnist,True,0.0611666664481163,0.99,3,completed,161.6891914308071,0.7958374619483948,outputs_final/resnet18_mnist/groupdro/N500/seed3
0.9983000159263611,0.9526888728141785,500,0.849399983882904,cuda,"[[0.9989795684814453, 0.9836734533309937, 0.9775510430335999, 0.9795918464660645, 0.9836734533309937, 0.9785714149475098, 0.9561224579811096, 0.968367338180542, 0.9928571581840515, 0.9979591965675354], [0.9568281769752502, 0.9444934129714966, 0.992951512336731, 1.0, 1.0, 0.9991189241409302, 0.9735682606697083, 0.9850220084190369, 0.9867841601371765, 0.9718061685562134], [0.9941860437393188, 0.9563953280448914, 0.9583333134651184, 0.9534883499145508, 0.9476743936538696, 0.9205426573753357, 0.8168604373931885, 0.8488371968269348, 0.9593023061752319, 1.0], [0.9801980257034302, 0.9831683039665222, 0.9712871313095093, 0.9435643553733826, 0.9811881184577942, 0.997029721736908, 1.0, 1.0, 0.9821782112121582, 0.9613861441612244], [0.9613034725189209, 0.9490835070610046, 0.9725050926208496, 0.9470468163490295, 0.8981670141220093, 0.9002036452293396, 0.9867616891860962, 1.0, 0.9969450235366821, 0.9775967597961426], [0.963004469871521, 0.9843049049377441, 0.9955157041549683, 0.9977578520774841, 0.9955157041549683, 0.9775784611701965, 0.9271300435066223, 0.9473094344139099, 0.9663677215576172, 0.9551569223403931], [0.944676399230957, 0.9770354628562927, 0.9906054139137268, 0.9749478101730347, 0.9592902064323425, 0.9676409363746643, 0.9592902064323425, 0.944676399230957, 0.9488517642021179, 0.8997912406921387], [0.9445525407791138, 0.9503890872001648, 0.957198441028595, 0.9328793883323669, 0.8920233249664307, 0.8677042722702026, 0.9163424372673035, 0.9873540997505188, 0.9990272521972656, 0.9785992503166199], [0.9948665499687195, 0.9989733099937439, 0.9969199299812317, 0.9445585012435913, 0.8963038921356201, 0.8675564527511597, 0.8172484636306763, 0.8747433423995972, 0.8921971321105957, 0.907597541809082], [0.9415262341499329, 0.9365708827972412, 0.9702675938606262, 0.9772051572799683, 0.9900891780853271, 0.9970267415046692, 0.9831516146659851, 0.8870168328285217, 0.8344895839691162, 0.928642213344574]]",8.91395616531372,groupdro,resnet18_mnist,True,0.04627777636051178,0.99,4,completed,160.79485780000687,0.8168604373931885,outputs_final/resnet18_mnist/groupdro/N500/seed4
0.9968000054359436,0.9879778027534485,5000,0.9708999991416931,cuda,"[[0.9928571581840515, 0.9938775300979614, 0.9969387650489807, 0.9989795684814453, 1.0, 0.9989795684814453, 0.9979591965675354, 0.9928571581840515, 0.9938775300979614, 0.9938775300979614], [0.9947136640548706, 0.9982379078865051, 1.0, 0.992951512336731, 0.9788545966148376, 0.9788545966148376, 0.9850220084190369, 0.9885462522506714, 0.9859030842781067, 0.9885462522506714], [0.9932170510292053, 0.9941860437393188, 0.9932170510292053, 0.9844961166381836, 0.9825581312179565, 0.9912790656089783, 0.998062014579773, 0.998062014579773, 0.9970930218696594, 0.9941860437393188], [0.9811881184577942, 0.987128734588623, 0.9910891056060791, 0.9940593838691711, 0.997029721736908, 0.997029721736908, 0.9950494766235352, 0.9930692911148071, 0.9841583967208862, 0.9782178401947021], [0.9877800345420837, 0.9806517362594604, 0.9918533563613892, 1.0, 1.0, 1.0, 0.994908332824707, 0.9918533563613892, 0.9908350110054016, 0.9918533563613892], [0.9943946003913879, 0.9887892603874207, 0.9876681566238403, 0.9865471124649048, 0.9854260087013245, 0.9854260087013245, 0.9865471124649048, 0.9887892603874207, 0.9955157041549683, 0.9955157041549683], [0.9926931262016296, 0.9926931262016296, 0.9853861927986145, 0.9791231751441956, 0.9739039540290833, 0.9728600978851318, 0.980167031288147, 0.9864300489425659, 0.9864300489425659, 0.9874739050865173], [0.9912451505661011, 0.9776264429092407, 0.9717898964881897, 0.9863813519477844, 0.9883268475532532, 0.9844357967376709, 0.9737353920936584, 0.9892995953559875, 0.9961089491844177, 0.9961089491844177], [0.9887063503265381, 0.9887063503265381, 0.9887063503265381, 0.9845995903015137, 0.9815195202827454, 0.9938398599624634, 0.9969199299812317, 0.9938398599624634, 0.9866529703140259, 0.9835729002952576], [0.9910802841186523, 0.9940535426139832, 0.993062436580658, 0.9821605682373047, 0.9524281620979309, 0.9633300304412842, 0.9821605682373047, 0.9851337671279907, 0.9811694622039795, 0.9821605682373047]]",8.707248985767365,groupdro,resnet18_mnist,True,0.009533333592116833,0.9,0,completed,150.0904417783022,0.9524281620979309,outputs_final/resnet18_mnist/groupdro/N5000/seed0
0.9959999918937683,0.9888111352920532,5000,0.9754999876022339,cuda,"[[0.9908163547515869, 0.9918367266654968, 0.9938775300979614, 0.9948979616165161, 0.9959183931350708, 0.9969387650489807, 0.9969387650489807, 0.9959183931350708, 0.9969387650489807, 0.9959183931350708], [0.9876651763916016, 0.9894273281097412, 0.9920704960823059, 0.9920704960823059, 0.9920704960823059, 0.9955947399139404, 0.9973568320274353, 0.9964757561683655, 0.9938325881958008, 0.9894273281097412], [0.9990310072898865, 0.9990310072898865, 0.9961240291595459, 0.9874030947685242, 0.9786821603775024, 0.9854651093482971, 0.9854651093482971, 0.9854651093482971, 0.9932170510292053, 0.9970930218696594], [0.9950494766235352, 0.997029721736908, 0.997029721736908, 0.997029721736908, 0.997029721736908, 0.9950494766235352, 0.9940593838691711, 0.986138641834259, 0.9821782112121582, 0.9851484894752502], [0.9969450235366821, 0.9969450235366821, 0.9908350110054016, 0.9857434034347534, 0.9847250580787659, 0.9867616891860962, 0.9877800345420837, 0.9898167252540588, 0.9928717017173767, 0.9969450235366821], [0.9910314083099365, 0.9854260087013245, 0.9786995649337769, 0.9775784611701965, 0.9809417128562927, 0.9887892603874207, 0.9921524524688721, 0.9943946003913879, 0.9966367483139038, 0.9943946003913879], [0.9895615577697754, 0.9874739050865173, 0.9832985401153564, 0.982254683971405, 0.980167031288147, 0.982254683971405, 0.982254683971405, 0.982254683971405, 0.9906054139137268, 0.9895615577697754], [0.981517493724823, 0.9912451505661011, 0.9951362013816833, 0.9961089491844177, 0.994163453578949, 0.9922178983688354, 0.9922178983688354, 0.9824903011322021, 0.9795719981193542, 0.9795719981193542], [0.9835729002952576, 0.9804928302764893, 0.9722792506217957, 0.975359320640564, 0.9825462102890015, 0.9835729002952576, 0.9938398599624634, 0.9979466199874878, 0.9979466199874878, 0.9948665499687195], [0.9742318987846375, 0.9791873097419739, 0.9900891780853271, 0.9910802841186523, 0.9920713305473328, 0.9920713305473328, 0.9890981316566467, 0.9881070256233215, 0.9791873097419739, 0.9762140512466431]]",9.142115458846092,groupdro,resnet18_mnist,True,0.008144444786012173,0.9,1,completed,164.00317800045013,0.9722792506217957,outputs_final/resnet18_mnist/groupdro/N5000/seed1
0.9980000257492065,0.9890000224113464,5000,0.9739999771118164,cuda,"[[0.9948979616165161, 0.9928571581840515, 0.9908163547515869, 0.9938775300979614, 0.9948979616165161, 0.9938775300979614, 0.9969387650489807, 1.0, 1.0, 0.9979591965675354], [0.9947136640548706, 0.992951512336731, 0.9876651763916016, 0.9955947399139404, 0.9964757561683655, 0.9955947399139404, 1.0, 1.0, 0.9991189241409302, 0.9991189241409302], [0.9990310072898865, 0.9990310072898865, 0.998062014579773, 0.9932170510292053, 0.9903100728988647, 0.9903100728988647, 0.9941860437393188, 0.9922480583190918, 0.9941860437393188, 0.9970930218696594], [0.9811881184577942, 0.9811881184577942, 0.9841583967208862, 0.998019814491272, 0.999009907245636, 0.999009907245636, 0.999009907245636, 0.9950494766235352, 0.9831683039665222, 0.9831683039665222], [0.9837067127227783, 0.9775967597961426, 0.9613034725189209, 0.9623218178749084, 0.9837067127227783, 0.9969450235366821, 1.0, 1.0, 0.9918533563613892, 0.9877800345420837], [0.9966367483139038, 0.9921524524688721, 0.9854260087013245, 0.9843049049377441, 0.9809417128562927, 0.9809417128562927, 0.9831838607788086, 0.9899103045463562, 0.9943946003913879, 0.9977578520774841], [0.9916492700576782, 0.9926931262016296, 0.9874739050865173, 0.9832985401153564, 0.9843423962593079, 0.9832985401153564, 0.9832985401153564, 0.9853861927986145, 0.9843423962593079, 0.9874739050865173], [0.9863813519477844, 0.9863813519477844, 0.9892995953559875, 0.9980545043945312, 0.9970816969871521, 0.9961089491844177, 0.9912451505661011, 0.9902724027633667, 0.9902724027633667, 0.9902724027633667], [0.987679660320282, 0.9948665499687195, 0.9979466199874878, 0.9958932399749756, 0.9845995903015137, 0.9804928302764893, 0.9845995903015137, 0.9856262803077698, 0.9845995903015137, 0.9825462102890015], [0.9781962633132935, 0.9910802841186523, 0.9950445890426636, 0.9970267415046692, 0.9920713305473328, 0.9791873097419739, 0.9643211364746094, 0.969276487827301, 0.9781962633132935, 0.9762140512466431]]",8.365488201379776,groupdro,resnet18_mnist,True,0.009399999864399433,0.9,2,completed,139.32590420544147,0.9613034725189209,outputs_final/resnet18_mnist/groupdro/N5000/seed2
0.9979000091552734,0.989466667175293,5000,0.9771999716758728,cuda,"[[0.9918367266654968, 0.9877551198005676, 0.9867346882820129, 0.9867346882820129, 0.9897959232330322, 0.9959183931350708, 0.9969387650489807, 0.9969387650489807, 0.9948979616165161, 0.9928571581840515], [0.9991189241409302, 0.9991189241409302, 0.9955947399139404, 0.992951512336731, 0.9947136640548706, 0.9947136640548706, 0.992951512336731, 0.9911894202232361, 0.9964757561683655, 0.9991189241409302], [0.9864341020584106, 0.9941860437393188, 0.9970930218696594, 0.9990310072898865, 0.9990310072898865, 0.9970930218696594, 0.9941860437393188, 0.9903100728988647, 0.9864341020584106, 0.9825581312179565], [0.9851484894752502, 0.9841583967208862, 0.9851484894752502, 0.9841583967208862, 0.9851484894752502, 0.987128734588623, 0.9940593838691711, 1.0, 1.0, 0.9950494766235352], [0.9898167252540588, 0.981670081615448, 0.9704684615135193, 0.9684317708015442, 0.9674134254455566, 0.9786150455474854, 0.994908332824707, 0.9989816546440125, 0.9979633688926697, 0.9959266781806946], [0.9932735562324524, 0.9921524524688721, 0.9932735562324524, 0.9943946003913879, 0.9955157041549683, 0.9955157041549683, 0.9943946003913879, 0.9843049049377441, 0.9831838607788086, 0.9899103045463562], [0.9947807788848877, 0.9958246350288391, 0.9926931262016296, 0.9926931262016296, 0.9874739050865173, 0.9843423962593079, 0.9843423962593079, 0.9843423962593079, 0.9864300489425659, 0.9926931262016296], [0.9970816969871521, 0.9961089491844177, 0.9912451505661011, 0.9854085445404053, 0.9873540997505188, 0.9883268475532532, 0.9931906461715698, 0.9931906461715698, 0.9980545043945312, 0.9990272521972656], [0.9917864203453064, 0.9979466199874878, 0.9989733099937439, 0.9969199299812317, 0.9938398599624634, 0.9825462102890015, 0.9887063503265381, 0.9866529703140259, 0.9866529703140259, 0.9897330403327942], [0.9762140512466431, 0.9801784157752991, 0.9900891780853271, 0.9940535426139832, 0.9960356950759888, 0.9920713305473328, 0.9851337671279907, 0.9722497463226318, 0.966303288936615, 0.9702675938606262]]",7.662415966391563,groupdro,resnet18_mnist,True,0.008966666646301746,0.9,3,completed,179.02962079644203,0.966303288936615,outputs_final/resnet18_mnist/groupdro/N5000/seed3
0.9980000257492065,0.9889666438102722,5000,0.9751999974250793,cuda,"[[0.9979591965675354, 0.9948979616165161, 0.9918367266654968, 0.9887754917144775, 0.9908163547515869, 0.9938775300979614, 0.9948979616165161, 0.9948979616165161, 0.9959183931350708, 0.9959183931350708], [0.9867841601371765, 0.9859030842781067, 0.9938325881958008, 0.9982379078865051, 1.0, 0.9991189241409302, 0.9955947399139404, 0.9903083443641663, 0.992951512336731, 0.9920704960823059], [0.9951550364494324, 0.9903100728988647, 0.9893410801887512, 0.9912790656089783, 0.9903100728988647, 0.9874030947685242, 0.9874030947685242, 0.9932170510292053, 0.998062014579773, 0.9990310072898865], [0.9950494766235352, 0.9940593838691711, 0.986138641834259, 0.9821782112121582, 0.987128734588623, 0.997029721736908, 0.998019814491272, 0.998019814491272, 0.997029721736908, 0.9940593838691711], [0.9837067127227783, 0.981670081615448, 0.981670081615448, 0.9806517362594604, 0.9755600690841675, 0.9796333909034729, 0.9928717017173767, 1.0, 0.9989816546440125, 0.9928717017173767], [0.9887892603874207, 0.9854260087013245, 0.9966367483139038, 0.9977578520774841, 0.9955157041549683, 0.9899103045463562, 0.9843049049377441, 0.9843049049377441, 0.9865471124649048, 0.9876681566238403], [0.9864300489425659, 0.9937369227409363, 0.9937369227409363, 0.9916492700576782, 0.9885177612304688, 0.9832985401153564, 0.9832985401153564, 0.980167031288147, 0.9791231751441956, 0.9853861927986145], [0.9892995953559875, 0.9902724027633667, 0.9922178983688354, 0.9902724027633667, 0.9805447459220886, 0.9766536951065063, 0.9902724027633667, 0.9961089491844177, 0.9980545043945312, 0.994163453578949], [0.9958932399749756, 1.0, 0.9989733099937439, 0.9958932399749756, 0.9856262803077698, 0.9866529703140259, 0.9928131699562073, 0.9897330403327942, 0.9825462102890015, 0.9907597303390503], [0.9781962633132935, 0.9752230048179626, 0.9821605682373047, 0.993062436580658, 0.9950445890426636, 0.9950445890426636, 0.993062436580658, 0.9653121829032898, 0.9583746194839478, 0.9742318987846375]]",8.959401667118073,groupdro,resnet18_mnist,True,0.009466666728258133,0.9,4,completed,149.93432469666004,0.9583746194839478,outputs_final/resnet18_mnist/groupdro/N5000/seed4
